# [Parameters]
# Name = 'TSMESH'
# ShotNo = 189129
# SubNo  = 0
# Numfmt = ES13.6
# Date = '08/26/2026 10:09'
#
# DimNo = 2
# DimName = 'Z','R'
# DimSize = 65,65
# DimUnit = 'm','m'
#
# ValNo = 5
# ValName = 'reff ','theta','Br   ','Bz   ','Bphi '
# ValUnit = 'm  ','rad','T  ','T  ','T  '
#
# [Comments]
# Rax = 3.60000
# Bq = 100.000
# Gamma = 1.25380
# Bt = 2.75000
# phiedge = -3.2667143
# avac = 0.63700000
# ExpDate = 2.02404e+07
# Cycle = 25.0000
# t1 = 2.99800
# t2 = 8.69800
# 
# -----rrd_k setup-----
# version          = 5.0
# date             = '08/26/2026 10:09'
# name             = 'TSMESH'
# command          = rrd_k -x 4.44 -W M -d -R
# Output dimension = 3,2
# 
# [Data]
-1.600000E+00,  2.300000E+00,  1.000000E+01,  4.836400E+00, -3.391500E-01, -2.200400E-01, -2.222800E+00
-1.600000E+00,  2.350000E+00,  1.000000E+01,  4.830400E+00, -3.388300E-01, -2.211400E-01, -2.223400E+00
-1.600000E+00,  2.400000E+00,  1.000000E+01,  4.822500E+00, -3.385100E-01, -2.222500E-01, -2.223900E+00
-1.600000E+00,  2.450000E+00,  1.000000E+01,  4.817700E+00, -3.381900E-01, -2.233500E-01, -2.224500E+00
-1.600000E+00,  2.500000E+00,  1.000000E+01,  4.813700E+00, -3.378700E-01, -2.244600E-01, -2.225100E+00
-1.600000E+00,  2.550000E+00,  1.000000E+01,  4.815600E+00, -3.375500E-01, -2.255600E-01, -2.225700E+00
-1.600000E+00,  2.600000E+00,  1.000000E+01,  4.818000E+00, -3.372200E-01, -2.266700E-01, -2.226200E+00
-1.600000E+00,  2.650000E+00,  1.000000E+01,  4.823900E+00, -3.369000E-01, -2.277800E-01, -2.226800E+00
-1.600000E+00,  2.700000E+00,  1.000000E+01,  4.831300E+00, -3.365800E-01, -2.288800E-01, -2.227400E+00
-1.600000E+00,  2.750000E+00,  1.000000E+01,  4.842600E+00, -3.362600E-01, -2.299900E-01, -2.227900E+00
-1.600000E+00,  2.800000E+00,  1.000000E+01,  4.856900E+00, -3.359400E-01, -2.310900E-01, -2.228500E+00
-1.600000E+00,  2.850000E+00,  1.000000E+01,  4.872100E+00, -3.356200E-01, -2.322000E-01, -2.229100E+00
-1.600000E+00,  2.900000E+00,  1.000000E+01,  4.889600E+00, -3.353000E-01, -2.333000E-01, -2.229700E+00
-1.600000E+00,  2.950000E+00,  1.000000E+01,  4.909000E+00, -3.349800E-01, -2.344100E-01, -2.230200E+00
-1.600000E+00,  3.000000E+00,  1.000000E+01,  4.931200E+00, -3.346600E-01, -2.355100E-01, -2.230800E+00
-1.600000E+00,  3.050000E+00,  1.000000E+01,  4.956800E+00, -3.343400E-01, -2.366200E-01, -2.231400E+00
-1.600000E+00,  3.100000E+00,  1.000000E+01,  4.991400E+00, -3.340200E-01, -2.377300E-01, -2.231900E+00
-1.600000E+00,  3.150000E+00,  1.000000E+01,  5.026200E+00, -3.337000E-01, -2.388300E-01, -2.232500E+00
-1.600000E+00,  3.200000E+00,  1.000000E+01,  5.067500E+00, -3.333700E-01, -2.399400E-01, -2.233100E+00
-1.600000E+00,  3.250000E+00,  1.000000E+01,  5.121900E+00, -3.330500E-01, -2.410400E-01, -2.233700E+00
-1.600000E+00,  3.300000E+00,  1.000000E+01,  5.182900E+00, -3.327300E-01, -2.421500E-01, -2.234200E+00
-1.600000E+00,  3.350000E+00,  1.000000E+01,  5.304500E+00, -3.324100E-01, -2.432500E-01, -2.234800E+00
-1.600000E+00,  3.400000E+00,  1.000000E+01,  5.432000E+00, -3.320900E-01, -2.443600E-01, -2.235400E+00
-1.600000E+00,  3.450000E+00,  1.000000E+01,  5.596200E+00, -3.317700E-01, -2.454700E-01, -2.235900E+00
-1.600000E+00,  3.500000E+00,  1.000000E+01,  5.845100E+00, -3.314500E-01, -2.465700E-01, -2.236500E+00
-1.600000E+00,  3.550000E+00,  1.000000E+01,  6.267900E+00, -3.311300E-01, -2.476800E-01, -2.237100E+00
-1.600000E+00,  3.600000E+00,  1.000000E+01,  6.046700E-01, -3.308100E-01, -2.487800E-01, -2.237700E+00
-1.600000E+00,  3.650000E+00, -1.000000E+01,  2.790600E+00, -3.304900E-01, -2.498900E-01, -2.238200E+00
-1.600000E+00,  3.700000E+00, -1.000000E+01,  2.078200E+00, -3.301700E-01, -2.509900E-01, -2.238800E+00
-1.600000E+00,  3.750000E+00,  1.000000E+01,  7.970600E-01, -3.298500E-01, -2.521000E-01, -2.239400E+00
-1.600000E+00,  3.800000E+00, -1.000000E+01,  2.725300E+00, -3.295300E-01, -2.532000E-01, -2.239900E+00
-1.600000E+00,  3.850000E+00, -1.000000E+01,  3.380200E+00, -3.292000E-01, -2.543100E-01, -2.240500E+00
-1.600000E+00,  3.900000E+00, -1.000000E+01,  3.726800E+00, -3.288800E-01, -2.554200E-01, -2.241100E+00
-1.600000E+00,  3.950000E+00, -1.000000E+01,  3.934500E+00, -3.285600E-01, -2.565200E-01, -2.241700E+00
-1.600000E+00,  4.000000E+00, -1.000000E+01,  4.077800E+00, -3.282400E-01, -2.576300E-01, -2.242200E+00
-1.600000E+00,  4.050000E+00, -1.000000E+01,  4.182900E+00, -3.279200E-01, -2.587300E-01, -2.242800E+00
-1.600000E+00,  4.100000E+00, -1.000000E+01,  4.264400E+00, -3.276000E-01, -2.598400E-01, -2.243400E+00
-1.600000E+00,  4.150000E+00, -1.000000E+01,  4.329900E+00, -3.272800E-01, -2.609400E-01, -2.243900E+00
-1.600000E+00,  4.200000E+00, -1.000000E+01,  4.384300E+00, -3.269600E-01, -2.620500E-01, -2.244500E+00
-1.600000E+00,  4.250000E+00, -1.000000E+01,  4.427300E+00, -3.266400E-01, -2.631600E-01, -2.245100E+00
-1.600000E+00,  4.300000E+00, -1.000000E+01,  4.470800E+00, -3.263200E-01, -2.642600E-01, -2.245700E+00
-1.600000E+00,  4.350000E+00, -1.000000E+01,  4.505400E+00, -3.260000E-01, -2.653700E-01, -2.246200E+00
-1.600000E+00,  4.400000E+00, -1.000000E+01,  4.536100E+00, -3.256800E-01, -2.664700E-01, -2.246800E+00
-1.600000E+00,  4.450000E+00, -1.000000E+01,  4.563900E+00, -3.253600E-01, -2.675800E-01, -2.247400E+00
-1.600000E+00,  4.500000E+00, -1.000000E+01,  4.588800E+00, -3.250300E-01, -2.686800E-01, -2.247900E+00
-1.600000E+00,  4.550000E+00, -1.000000E+01,  4.611500E+00, -3.247100E-01, -2.697900E-01, -2.248500E+00
-1.600000E+00,  4.600000E+00, -1.000000E+01,  4.632100E+00, -3.243900E-01, -2.708900E-01, -2.249100E+00
-1.600000E+00,  4.650000E+00, -1.000000E+01,  4.651300E+00, -3.240700E-01, -2.720000E-01, -2.249700E+00
-1.600000E+00,  4.700000E+00, -1.000000E+01,  4.669100E+00, -3.237500E-01, -2.731100E-01, -2.250200E+00
-1.600000E+00,  4.750000E+00, -1.000000E+01,  4.685200E+00, -3.234300E-01, -2.742100E-01, -2.250800E+00
-1.600000E+00,  4.800000E+00, -1.000000E+01,  4.700000E+00, -3.231100E-01, -2.753200E-01, -2.251400E+00
-1.600000E+00,  4.850000E+00,  1.000000E+01,  4.713900E+00, -3.227900E-01, -2.764200E-01, -2.251900E+00
-1.600000E+00,  4.900000E+00,  1.000000E+01,  4.726100E+00, -3.224700E-01, -2.775300E-01, -2.252500E+00
-1.600000E+00,  4.950000E+00,  1.000000E+01,  4.737800E+00, -3.221500E-01, -2.786300E-01, -2.253100E+00
-1.600000E+00,  5.000000E+00,  1.000000E+01,  4.748500E+00, -3.218300E-01, -2.797400E-01, -2.253700E+00
-1.600000E+00,  5.050000E+00,  1.000000E+01,  4.757900E+00, -3.215100E-01, -2.808500E-01, -2.254200E+00
-1.600000E+00,  5.100000E+00,  1.000000E+01,  4.766200E+00, -3.211900E-01, -2.819500E-01, -2.254800E+00
-1.600000E+00,  5.150000E+00,  1.000000E+01,  4.773200E+00, -3.208600E-01, -2.830600E-01, -2.255400E+00
-1.600000E+00,  5.200000E+00,  1.000000E+01,  4.779500E+00, -3.205400E-01, -2.841600E-01, -2.255900E+00
-1.600000E+00,  5.250000E+00,  1.000000E+01,  4.784500E+00, -3.202200E-01, -2.852700E-01, -2.256500E+00
-1.600000E+00,  5.300000E+00,  1.000000E+01,  4.788000E+00, -3.199000E-01, -2.863700E-01, -2.257100E+00
-1.600000E+00,  5.350000E+00,  1.000000E+01,  4.790500E+00, -3.195800E-01, -2.874800E-01, -2.257700E+00
-1.600000E+00,  5.400000E+00,  1.000000E+01,  4.787800E+00, -3.192600E-01, -2.885800E-01, -2.258200E+00
-1.600000E+00,  5.450000E+00,  1.000000E+01,  4.782700E+00, -3.189400E-01, -2.896900E-01, -2.258800E+00
-1.600000E+00,  5.500000E+00,  1.000000E+01,  4.779300E+00, -3.186200E-01, -2.908000E-01, -2.259400E+00
-1.550000E+00,  2.300000E+00,  1.000000E+01,  4.829800E+00, -3.183000E-01, -2.919000E-01, -2.259900E+00
-1.550000E+00,  2.350000E+00,  1.000000E+01,  4.817400E+00, -3.179800E-01, -2.930100E-01, -2.260500E+00
-1.550000E+00,  2.400000E+00,  1.000000E+01,  4.813500E+00, -3.176600E-01, -2.941100E-01, -2.261100E+00
-1.550000E+00,  2.450000E+00,  1.000000E+01,  4.808700E+00, -3.173400E-01, -2.952200E-01, -2.261700E+00
-1.550000E+00,  2.500000E+00,  1.000000E+01,  4.808300E+00, -3.170100E-01, -2.963200E-01, -2.262200E+00
-1.550000E+00,  2.550000E+00,  1.000000E+01,  4.806000E+00, -3.166900E-01, -2.974300E-01, -2.262800E+00
-1.550000E+00,  2.600000E+00,  1.000000E+01,  4.810600E+00, -3.163700E-01, -2.985400E-01, -2.263400E+00
-1.550000E+00,  2.650000E+00,  1.000000E+01,  4.815200E+00, -3.160500E-01, -2.996400E-01, -2.263900E+00
-1.550000E+00,  2.700000E+00,  1.000000E+01,  4.823200E+00, -3.157300E-01, -3.007500E-01, -2.264500E+00
-1.550000E+00,  2.750000E+00,  1.000000E+01,  4.833000E+00, -3.154100E-01, -3.018500E-01, -2.265100E+00
-1.550000E+00,  2.800000E+00,  1.000000E+01,  4.844400E+00, -3.150900E-01, -3.029600E-01, -2.265700E+00
-1.550000E+00,  2.850000E+00,  1.000000E+01,  4.862900E+00, -3.147700E-01, -3.040600E-01, -2.266200E+00
-1.550000E+00,  2.900000E+00,  1.000000E+01,  4.882900E+00, -3.144500E-01, -3.051700E-01, -2.266800E+00
-1.550000E+00,  2.950000E+00,  1.000000E+01,  4.903000E+00, -3.141300E-01, -3.062700E-01, -2.267400E+00
-1.550000E+00,  3.000000E+00,  1.000000E+01,  4.925600E+00, -3.138100E-01, -3.073800E-01, -2.267900E+00
-1.550000E+00,  3.050000E+00,  1.000000E+01,  4.951200E+00, -3.134900E-01, -3.084900E-01, -2.268500E+00
-1.550000E+00,  3.100000E+00,  1.000000E+01,  4.980900E+00, -3.131700E-01, -3.095900E-01, -2.269100E+00
-1.550000E+00,  3.150000E+00,  1.000000E+01,  5.021300E+00, -3.128400E-01, -3.107000E-01, -2.269700E+00
-1.550000E+00,  3.200000E+00,  1.000000E+01,  5.062700E+00, -3.125200E-01, -3.118000E-01, -2.270200E+00
-1.550000E+00,  3.250000E+00,  1.000000E+01,  5.111700E+00, -3.122000E-01, -3.129100E-01, -2.270800E+00
-1.550000E+00,  3.300000E+00,  1.000000E+01,  5.178200E+00, -3.118800E-01, -3.140100E-01, -2.271400E+00
-1.550000E+00,  3.350000E+00,  1.000000E+01,  5.254500E+00, -3.115600E-01, -3.151200E-01, -2.271900E+00
-1.550000E+00,  3.400000E+00,  1.000000E+01,  5.361100E+00, -3.112400E-01, -3.162300E-01, -2.272500E+00
-1.550000E+00,  3.450000E+00,  1.000000E+01,  5.591700E+00, -3.109200E-01, -3.173300E-01, -2.273100E+00
-1.550000E+00,  3.500000E+00,  1.000000E+01,  5.841100E+00, -3.106000E-01, -3.184400E-01, -2.273600E+00
-1.550000E+00,  3.550000E+00,  1.000000E+01,  6.264300E+00, -3.102800E-01, -3.195400E-01, -2.274200E+00
-1.550000E+00,  3.600000E+00,  1.000000E+01,  6.055200E-01, -3.099600E-01, -3.206500E-01, -2.274800E+00
-1.550000E+00,  3.650000E+00, -1.000000E+01,  2.884800E+00, -3.096400E-01, -3.217500E-01, -2.275400E+00
-1.550000E+00,  3.700000E+00, -1.000000E+01,  3.542700E+00, -3.093200E-01, -3.228600E-01, -2.275900E+00
-1.550000E+00,  3.750000E+00,  1.000000E+01,  8.729300E-01, -3.090000E-01, -3.239600E-01, -2.276500E+00
-1.550000E+00,  3.800000E+00, -1.000000E+01,  2.750100E+00, -3.086700E-01, -3.250700E-01, -2.277100E+00
-1.550000E+00,  3.850000E+00, -1.000000E+01,  3.405400E+00, -3.083500E-01, -3.261800E-01, -2.277600E+00
-1.550000E+00,  3.900000E+00, -1.000000E+01,  3.737700E+00, -3.080300E-01, -3.272800E-01, -2.278200E+00
-1.550000E+00,  3.950000E+00, -1.000000E+01,  3.946700E+00, -3.077100E-01, -3.283900E-01, -2.278800E+00
-1.550000E+00,  4.000000E+00, -1.000000E+01,  4.088000E+00, -3.073900E-01, -3.294900E-01, -2.279400E+00
-1.550000E+00,  4.050000E+00, -1.000000E+01,  4.191800E+00, -3.070700E-01, -3.306000E-01, -2.279900E+00
-1.550000E+00,  4.100000E+00, -1.000000E+01,  4.272600E+00, -3.067500E-01, -3.317000E-01, -2.280500E+00
-1.550000E+00,  4.150000E+00, -1.000000E+01,  4.343500E+00, -3.064300E-01, -3.328100E-01, -2.281100E+00
-1.550000E+00,  4.200000E+00, -1.000000E+01,  4.396500E+00, -3.061100E-01, -3.339200E-01, -2.281600E+00
-1.550000E+00,  4.250000E+00, -1.000000E+01,  4.441500E+00, -3.057900E-01, -3.350200E-01, -2.282200E+00
-1.550000E+00,  4.300000E+00, -1.000000E+01,  4.482300E+00, -3.054700E-01, -3.361300E-01, -2.282800E+00
-1.550000E+00,  4.350000E+00, -1.000000E+01,  4.516400E+00, -3.051500E-01, -3.372300E-01, -2.283400E+00
-1.550000E+00,  4.400000E+00, -1.000000E+01,  4.546500E+00, -3.048300E-01, -3.383400E-01, -2.283900E+00
-1.550000E+00,  4.450000E+00, -1.000000E+01,  4.572200E+00, -3.045000E-01, -3.394400E-01, -2.284500E+00
-1.550000E+00,  4.500000E+00, -1.000000E+01,  4.597100E+00, -3.041800E-01, -3.405500E-01, -2.285100E+00
-1.550000E+00,  4.550000E+00, -1.000000E+01,  4.619900E+00, -3.038600E-01, -3.416500E-01, -2.285600E+00
-1.550000E+00,  4.600000E+00, -1.000000E+01,  4.640700E+00, -3.035400E-01, -3.427600E-01, -2.286200E+00
-1.550000E+00,  4.650000E+00, -1.000000E+01,  4.659700E+00, -3.032200E-01, -3.438700E-01, -2.286800E+00
-1.550000E+00,  4.700000E+00, -1.000000E+01,  4.677500E+00, -3.029000E-01, -3.449700E-01, -2.287400E+00
-1.550000E+00,  4.750000E+00, -1.000000E+01,  4.693700E+00, -3.025800E-01, -3.460800E-01, -2.287900E+00
-1.550000E+00,  4.800000E+00, -1.000000E+01,  4.708700E+00, -3.022600E-01, -3.471800E-01, -2.288500E+00
-1.550000E+00,  4.850000E+00,  1.000000E+01,  4.722300E+00, -3.019400E-01, -3.482900E-01, -2.289100E+00
-1.550000E+00,  4.900000E+00,  1.000000E+01,  4.735300E+00, -3.016200E-01, -3.493900E-01, -2.289600E+00
-1.550000E+00,  4.950000E+00,  1.000000E+01,  4.747200E+00, -3.013000E-01, -3.505000E-01, -2.290200E+00
-1.550000E+00,  5.000000E+00,  1.000000E+01,  4.757500E+00, -3.009800E-01, -3.516100E-01, -2.290800E+00
-1.550000E+00,  5.050000E+00,  1.000000E+01,  4.767400E+00, -3.006500E-01, -3.527100E-01, -2.291400E+00
-1.550000E+00,  5.100000E+00,  1.000000E+01,  4.776000E+00, -3.003300E-01, -3.538200E-01, -2.291900E+00
-1.550000E+00,  5.150000E+00,  1.000000E+01,  4.783500E+00, -3.000100E-01, -3.549200E-01, -2.292500E+00
-1.550000E+00,  5.200000E+00,  1.000000E+01,  4.789300E+00, -2.996900E-01, -3.560300E-01, -2.293100E+00
-1.550000E+00,  5.250000E+00,  1.000000E+01,  4.793300E+00, -2.993700E-01, -3.571300E-01, -2.293600E+00
-1.550000E+00,  5.300000E+00,  1.000000E+01,  4.795700E+00, -2.990500E-01, -3.582400E-01, -2.294200E+00
-1.550000E+00,  5.350000E+00,  1.000000E+01,  4.797700E+00, -2.987300E-01, -3.593400E-01, -2.294800E+00
-1.550000E+00,  5.400000E+00,  1.000000E+01,  4.797300E+00, -2.984100E-01, -3.604500E-01, -2.295400E+00
-1.550000E+00,  5.450000E+00,  1.000000E+01,  4.793900E+00, -2.980900E-01, -3.615600E-01, -2.295900E+00
-1.550000E+00,  5.500000E+00,  1.000000E+01,  4.782900E+00, -2.977700E-01, -3.626600E-01, -2.296500E+00
-1.500000E+00,  2.300000E+00,  1.000000E+01,  4.822300E+00, -2.974500E-01, -3.637700E-01, -2.297100E+00
-1.500000E+00,  2.350000E+00,  1.000000E+01,  4.809400E+00, -2.971300E-01, -3.648700E-01, -2.297600E+00
-1.500000E+00,  2.400000E+00,  1.000000E+01,  4.802900E+00, -2.968100E-01, -3.659800E-01, -2.298200E+00
-1.500000E+00,  2.450000E+00,  1.000000E+01,  4.798700E+00, -2.964800E-01, -3.670800E-01, -2.298800E+00
-1.500000E+00,  2.500000E+00,  1.000000E+01,  4.796900E+00, -2.961600E-01, -3.681900E-01, -2.299400E+00
-1.500000E+00,  2.550000E+00,  1.000000E+01,  4.799100E+00, -2.958400E-01, -3.692900E-01, -2.299900E+00
-1.500000E+00,  2.600000E+00,  1.000000E+01,  4.802500E+00, -2.955200E-01, -3.704000E-01, -2.300500E+00
-1.500000E+00,  2.650000E+00,  1.000000E+01,  4.807400E+00, -2.952000E-01, -3.715100E-01, -2.301100E+00
-1.500000E+00,  2.700000E+00,  1.000000E+01,  4.814600E+00, -2.948800E-01, -3.726100E-01, -2.301600E+00
-1.500000E+00,  2.750000E+00,  1.000000E+01,  4.824600E+00, -2.945600E-01, -3.737200E-01, -2.302200E+00
-1.500000E+00,  2.800000E+00,  1.000000E+01,  4.836500E+00, -2.942400E-01, -3.748200E-01, -2.302800E+00
-1.500000E+00,  2.850000E+00,  1.000000E+01,  4.850700E+00, -2.939200E-01, -3.759300E-01, -2.303400E+00
-1.500000E+00,  2.900000E+00,  1.000000E+01,  4.867100E+00, -2.936000E-01, -3.770300E-01, -2.303900E+00
-1.500000E+00,  2.950000E+00,  1.000000E+01,  4.894100E+00, -2.932800E-01, -3.781400E-01, -2.304500E+00
-1.500000E+00,  3.000000E+00,  1.000000E+01,  4.919500E+00, -2.929600E-01, -3.792500E-01, -2.305100E+00
-1.500000E+00,  3.050000E+00,  1.000000E+01,  4.945600E+00, -2.926400E-01, -3.803500E-01, -2.305600E+00
-1.500000E+00,  3.100000E+00,  1.000000E+01,  4.975200E+00, -2.923100E-01, -3.814600E-01, -2.306200E+00
-1.500000E+00,  3.150000E+00,  1.000000E+01,  5.009500E+00, -2.919900E-01, -3.825600E-01, -2.306800E+00
-1.500000E+00,  3.200000E+00,  1.000000E+01,  5.057400E+00, -2.916700E-01, -3.836700E-01, -2.307400E+00
-1.500000E+00,  3.250000E+00,  1.000000E+01,  5.106800E+00, -2.913500E-01, -3.847700E-01, -2.307900E+00
-1.500000E+00,  3.300000E+00,  1.000000E+01,  5.166200E+00, -2.910300E-01, -3.858800E-01, -2.308500E+00
-1.500000E+00,  3.350000E+00,  1.000000E+01,  5.249900E+00, -2.907100E-01, -3.869800E-01, -2.309100E+00
-1.500000E+00,  3.400000E+00,  1.000000E+01,  5.348600E+00, -2.903900E-01, -3.880900E-01, -2.309600E+00
-1.500000E+00,  3.450000E+00,  1.000000E+01,  5.493900E+00, -2.900700E-01, -3.892000E-01, -2.310200E+00
-1.500000E+00,  3.500000E+00,  1.000000E+01,  5.836200E+00, -2.897500E-01, -3.903000E-01, -2.310800E+00
-1.500000E+00,  3.550000E+00,  1.000000E+01,  6.260500E+00, -2.894300E-01, -3.914100E-01, -2.311400E+00
-1.500000E+00,  3.600000E+00,  1.000000E+01,  6.066000E-01, -2.891100E-01, -3.925100E-01, -2.311900E+00
-1.500000E+00,  3.650000E+00, -1.000000E+01,  2.937600E+00, -2.887900E-01, -3.936200E-01, -2.312500E+00
-1.500000E+00,  3.700000E+00, -1.000000E+01,  3.618200E+00, -2.884700E-01, -3.947200E-01, -2.313100E+00
-1.500000E+00,  3.750000E+00,  1.000000E+01,  9.524000E-01, -2.881400E-01, -3.958300E-01, -2.313600E+00
-1.500000E+00,  3.800000E+00, -1.000000E+01,  2.776900E+00, -2.878200E-01, -3.969400E-01, -2.314200E+00
-1.500000E+00,  3.850000E+00, -1.000000E+01,  3.421500E+00, -2.875000E-01, -3.980400E-01, -2.314800E+00
-1.500000E+00,  3.900000E+00, -1.000000E+01,  3.753800E+00, -2.871800E-01, -3.991500E-01, -2.315400E+00
-1.500000E+00,  3.950000E+00, -1.000000E+01,  3.956700E+00, -2.868600E-01, -4.002500E-01, -2.315900E+00
-1.500000E+00,  4.000000E+00, -1.000000E+01,  4.096100E+00, -2.865400E-01, -4.013600E-01, -2.316500E+00
-1.500000E+00,  4.050000E+00, -1.000000E+01,  4.208700E+00, -2.862200E-01, -4.024600E-01, -2.317100E+00
-1.500000E+00,  4.100000E+00, -1.000000E+01,  4.287200E+00, -2.859000E-01, -4.035700E-01, -2.317600E+00
-1.500000E+00,  4.150000E+00, -1.000000E+01,  4.353800E+00, -2.855800E-01, -4.046700E-01, -2.318200E+00
-1.500000E+00,  4.200000E+00, -1.000000E+01,  4.405900E+00, -2.852600E-01, -4.057800E-01, -2.318800E+00
-1.500000E+00,  4.250000E+00, -1.000000E+01,  4.450400E+00, -2.849400E-01, -4.068900E-01, -2.319400E+00
-1.500000E+00,  4.300000E+00, -1.000000E+01,  4.489200E+00, -2.846200E-01, -4.079900E-01, -2.319900E+00
-1.500000E+00,  4.350000E+00, -1.000000E+01,  4.523000E+00, -2.842900E-01, -4.091000E-01, -2.320500E+00
-1.500000E+00,  4.400000E+00, -1.000000E+01,  4.553400E+00, -2.839700E-01, -4.102000E-01, -2.321100E+00
-1.500000E+00,  4.450000E+00, -1.000000E+01,  4.580700E+00, -2.836500E-01, -4.113100E-01, -2.321600E+00
-1.500000E+00,  4.500000E+00, -1.000000E+01,  4.605800E+00, -2.833300E-01, -4.124100E-01, -2.322200E+00
-1.500000E+00,  4.550000E+00, -1.000000E+01,  4.628400E+00, -2.830100E-01, -4.135200E-01, -2.322800E+00
-1.500000E+00,  4.600000E+00, -1.000000E+01,  4.649300E+00, -2.826900E-01, -4.146300E-01, -2.323400E+00
-1.500000E+00,  4.650000E+00, -1.000000E+01,  4.668500E+00, -2.823700E-01, -4.157300E-01, -2.323900E+00
-1.500000E+00,  4.700000E+00, -1.000000E+01,  4.686200E+00, -2.820500E-01, -4.168400E-01, -2.324500E+00
-1.500000E+00,  4.750000E+00, -1.000000E+01,  4.702700E+00, -2.817300E-01, -4.179400E-01, -2.325100E+00
-1.500000E+00,  4.800000E+00,  1.000000E+01,  4.717900E+00, -2.814100E-01, -4.190500E-01, -2.325600E+00
-1.500000E+00,  4.850000E+00,  1.000000E+01,  4.733800E+00, -2.810900E-01, -4.201500E-01, -2.326200E+00
-1.500000E+00,  4.900000E+00,  1.000000E+01,  4.746400E+00, -2.807700E-01, -4.212600E-01, -2.326800E+00
-1.500000E+00,  4.950000E+00,  1.000000E+01,  4.757600E+00, -2.804500E-01, -4.223600E-01, -2.327400E+00
-1.500000E+00,  5.000000E+00,  1.000000E+01,  4.768300E+00, -2.801200E-01, -4.234700E-01, -2.327900E+00
-1.500000E+00,  5.050000E+00,  1.000000E+01,  4.777900E+00, -2.798000E-01, -4.245800E-01, -2.328500E+00
-1.500000E+00,  5.100000E+00,  1.000000E+01,  4.786100E+00, -2.794800E-01, -4.256800E-01, -2.329100E+00
-1.500000E+00,  5.150000E+00,  1.000000E+01,  4.793500E+00, -2.791600E-01, -4.267900E-01, -2.329600E+00
-1.500000E+00,  5.200000E+00,  1.000000E+01,  4.799500E+00, -2.788400E-01, -4.278900E-01, -2.330200E+00
-1.500000E+00,  5.250000E+00,  1.000000E+01,  4.804100E+00, -2.785200E-01, -4.290000E-01, -2.330800E+00
-1.500000E+00,  5.300000E+00,  1.000000E+01,  4.806900E+00, -2.782000E-01, -4.301000E-01, -2.331400E+00
-1.500000E+00,  5.350000E+00,  1.000000E+01,  4.807900E+00, -2.778800E-01, -4.312100E-01, -2.331900E+00
-1.500000E+00,  5.400000E+00,  1.000000E+01,  4.805100E+00, -2.775600E-01, -4.323200E-01, -2.332500E+00
-1.500000E+00,  5.450000E+00,  1.000000E+01,  4.799100E+00, -2.772400E-01, -4.334200E-01, -2.333100E+00
-1.500000E+00,  5.500000E+00,  1.000000E+01,  4.789800E+00, -2.769200E-01, -4.345300E-01, -2.333600E+00
-1.450000E+00,  2.300000E+00,  1.000000E+01,  4.806800E+00, -2.766000E-01, -4.356300E-01, -2.334200E+00
-1.450000E+00,  2.350000E+00,  1.000000E+01,  4.801300E+00, -2.762800E-01, -4.367400E-01, -2.334800E+00
-1.450000E+00,  2.400000E+00,  1.000000E+01,  4.794900E+00, -2.759500E-01, -4.378400E-01, -2.335400E+00
-1.450000E+00,  2.450000E+00,  1.000000E+01,  4.790300E+00, -2.756300E-01, -4.389500E-01, -2.335900E+00
-1.450000E+00,  2.500000E+00,  1.000000E+01,  4.786600E+00, -2.753100E-01, -4.400500E-01, -2.336500E+00
-1.450000E+00,  2.550000E+00,  1.000000E+01,  4.787400E+00, -2.749900E-01, -4.411600E-01, -2.337100E+00
-1.450000E+00,  2.600000E+00,  1.000000E+01,  4.791400E+00, -2.746700E-01, -4.422700E-01, -2.337600E+00
-1.450000E+00,  2.650000E+00,  1.000000E+01,  4.797200E+00, -2.743500E-01, -4.433700E-01, -2.338200E+00
-1.450000E+00,  2.700000E+00,  1.000000E+01,  4.806100E+00, -2.740300E-01, -4.444800E-01, -2.338800E+00
-1.450000E+00,  2.750000E+00,  1.000000E+01,  4.815700E+00, -2.737100E-01, -4.455800E-01, -2.339300E+00
-1.450000E+00,  2.800000E+00,  1.000000E+01,  4.828400E+00, -2.733900E-01, -4.466900E-01, -2.339900E+00
-1.450000E+00,  2.850000E+00,  1.000000E+01,  4.842300E+00, -2.730700E-01, -4.477900E-01, -2.340500E+00
-1.450000E+00,  2.900000E+00,  1.000000E+01,  4.858700E+00, -2.727500E-01, -4.489000E-01, -2.341100E+00
-1.450000E+00,  2.950000E+00,  1.000000E+01,  4.878600E+00, -2.724300E-01, -4.500100E-01, -2.341600E+00
-1.450000E+00,  3.000000E+00,  1.000000E+01,  4.903500E+00, -2.721100E-01, -4.511100E-01, -2.342200E+00
-1.450000E+00,  3.050000E+00,  1.000000E+01,  4.936700E+00, -2.717800E-01, -4.522200E-01, -2.342800E+00
-1.450000E+00,  3.100000E+00,  1.000000E+01,  4.969500E+00, -2.714600E-01, -4.533200E-01, -2.343300E+00
-1.450000E+00,  3.150000E+00,  1.000000E+01,  5.003800E+00, -2.711400E-01, -4.544300E-01, -2.343900E+00
-1.450000E+00,  3.200000E+00,  1.000000E+01,  5.043800E+00, -2.708200E-01, -4.555300E-01, -2.344500E+00
-1.450000E+00,  3.250000E+00,  1.000000E+01,  5.097500E+00, -2.705000E-01, -4.566400E-01, -2.345100E+00
-1.450000E+00,  3.300000E+00,  1.000000E+01,  5.160800E+00, -2.701800E-01, -4.577400E-01, -2.345600E+00
-1.450000E+00,  3.350000E+00,  1.000000E+01,  5.244500E+00, -2.698600E-01, -4.588500E-01, -2.346200E+00
-1.450000E+00,  3.400000E+00,  1.000000E+01,  5.343700E+00, -2.695400E-01, -4.599600E-01, -2.346800E+00
-1.450000E+00,  3.450000E+00,  1.000000E+01,  5.478200E+00, -2.692200E-01, -4.610600E-01, -2.347300E+00
-1.450000E+00,  3.500000E+00,  1.000000E+01,  5.718300E+00, -2.689000E-01, -4.621700E-01, -2.347900E+00
-1.450000E+00,  3.550000E+00,  1.000000E+01,  6.256600E+00, -2.685800E-01, -4.632700E-01, -2.348500E+00
-1.450000E+00,  3.600000E+00,  1.000000E+01,  6.083500E-01, -2.682600E-01, -4.643800E-01, -2.349100E+00
-1.450000E+00,  3.650000E+00, -1.000000E+01,  2.995100E+00, -2.679300E-01, -4.654800E-01, -2.349600E+00
-1.450000E+00,  3.700000E+00, -1.000000E+01,  2.801800E+00, -2.676100E-01, -4.665900E-01, -2.350200E+00
-1.450000E+00,  3.750000E+00,  1.000000E+01,  1.035600E+00, -2.672900E-01, -4.677000E-01, -2.350800E+00
-1.450000E+00,  3.800000E+00, -1.000000E+01,  2.819900E+00, -2.669700E-01, -4.688000E-01, -2.351300E+00
-1.450000E+00,  3.850000E+00, -1.000000E+01,  3.445100E+00, -2.666500E-01, -4.699100E-01, -2.351900E+00
-1.450000E+00,  3.900000E+00, -1.000000E+01,  3.766700E+00, -2.663300E-01, -4.710100E-01, -2.352500E+00
-1.450000E+00,  3.950000E+00, -1.000000E+01,  3.966600E+00, -2.660100E-01, -4.721200E-01, -2.353100E+00
-1.450000E+00,  4.000000E+00, -1.000000E+01,  4.117300E+00, -2.656900E-01, -4.732200E-01, -2.353600E+00
-1.450000E+00,  4.050000E+00, -1.000000E+01,  4.222200E+00, -2.653700E-01, -4.743300E-01, -2.354200E+00
-1.450000E+00,  4.100000E+00, -1.000000E+01,  4.298900E+00, -2.650500E-01, -4.754300E-01, -2.354800E+00
-1.450000E+00,  4.150000E+00, -1.000000E+01,  4.361200E+00, -2.647300E-01, -4.765400E-01, -2.355300E+00
-1.450000E+00,  4.200000E+00, -1.000000E+01,  4.413200E+00, -2.644100E-01, -4.776500E-01, -2.355900E+00
-1.450000E+00,  4.250000E+00, -1.000000E+01,  4.457400E+00, -2.640900E-01, -4.787500E-01, -2.356500E+00
-1.450000E+00,  4.300000E+00, -1.000000E+01,  4.499800E+00, -2.637600E-01, -4.798600E-01, -2.357100E+00
-1.450000E+00,  4.350000E+00, -1.000000E+01,  4.533600E+00, -2.634400E-01, -4.809600E-01, -2.357600E+00
-1.450000E+00,  4.400000E+00, -1.000000E+01,  4.563400E+00, -2.631200E-01, -4.820700E-01, -2.358200E+00
-1.450000E+00,  4.450000E+00, -1.000000E+01,  4.590600E+00, -2.628000E-01, -4.831700E-01, -2.358800E+00
-1.450000E+00,  4.500000E+00, -1.000000E+01,  4.621500E+00, -2.624800E-01, -4.842800E-01, -2.359300E+00
-1.450000E+00,  4.550000E+00, -1.000000E+01,  4.643100E+00, -2.621600E-01, -4.853900E-01, -2.359900E+00
-1.450000E+00,  4.600000E+00, -1.000000E+01,  4.663400E+00, -2.618400E-01, -4.864900E-01, -2.360500E+00
-1.450000E+00,  4.650000E+00, -1.000000E+01,  4.682100E+00, -2.615200E-01, -4.876000E-01, -2.361100E+00
-1.450000E+00,  4.700000E+00, -1.000000E+01,  4.700800E+00, -2.612000E-01, -4.887000E-01, -2.361600E+00
-1.450000E+00,  4.750000E+00,  1.000000E+01,  4.716400E+00, -2.608800E-01, -4.898100E-01, -2.362200E+00
-1.450000E+00,  4.800000E+00,  1.000000E+01,  4.732200E+00, -2.605600E-01, -4.909100E-01, -2.362800E+00
-1.450000E+00,  4.850000E+00,  1.000000E+01,  4.746100E+00, -2.602400E-01, -4.920200E-01, -2.363300E+00
-1.450000E+00,  4.900000E+00,  1.000000E+01,  4.758500E+00, -2.599200E-01, -4.931200E-01, -2.363900E+00
-1.450000E+00,  4.950000E+00,  1.000000E+01,  4.770000E+00, -2.595900E-01, -4.942300E-01, -2.364500E+00
-1.450000E+00,  5.000000E+00,  1.000000E+01,  4.780200E+00, -2.592700E-01, -4.953400E-01, -2.365100E+00
-1.450000E+00,  5.050000E+00,  1.000000E+01,  4.789600E+00, -2.589500E-01, -4.964400E-01, -2.365600E+00
-1.450000E+00,  5.100000E+00,  1.000000E+01,  4.798000E+00, -2.586300E-01, -4.975500E-01, -2.366200E+00
-1.450000E+00,  5.150000E+00,  1.000000E+01,  4.805300E+00, -2.583100E-01, -4.986500E-01, -2.366800E+00
-1.450000E+00,  5.200000E+00,  1.000000E+01,  4.810900E+00, -2.579900E-01, -4.997600E-01, -2.367300E+00
-1.450000E+00,  5.250000E+00,  1.000000E+01,  4.813700E+00, -2.576700E-01, -5.008600E-01, -2.367900E+00
-1.450000E+00,  5.300000E+00,  1.000000E+01,  4.815600E+00, -2.573500E-01, -5.019700E-01, -2.368500E+00
-1.450000E+00,  5.350000E+00,  1.000000E+01,  4.816100E+00, -2.570300E-01, -5.030800E-01, -2.369100E+00
-1.450000E+00,  5.400000E+00,  1.000000E+01,  4.814000E+00, -2.567100E-01, -5.041800E-01, -2.369600E+00
-1.450000E+00,  5.450000E+00,  1.000000E+01,  4.808600E+00, -2.563900E-01, -5.052900E-01, -2.370200E+00
-1.450000E+00,  5.500000E+00,  1.000000E+01,  4.790100E+00, -2.560700E-01, -5.063900E-01, -2.370800E+00
-1.400000E+00,  2.300000E+00,  1.000000E+01,  4.796400E+00, -2.557500E-01, -5.075000E-01, -2.371300E+00
-1.400000E+00,  2.350000E+00,  1.000000E+01,  4.785500E+00, -2.554200E-01, -5.086000E-01, -2.371900E+00
-1.400000E+00,  2.400000E+00,  1.000000E+01,  4.782500E+00, -2.551000E-01, -5.097100E-01, -2.372500E+00
-1.400000E+00,  2.450000E+00,  1.000000E+01,  4.778900E+00, -2.547800E-01, -5.108100E-01, -2.373100E+00
-1.400000E+00,  2.500000E+00,  1.000000E+01,  4.779300E+00, -2.544600E-01, -5.119200E-01, -2.373600E+00
-1.400000E+00,  2.550000E+00,  1.000000E+01,  4.776700E+00, -2.541400E-01, -5.130300E-01, -2.374200E+00
-1.400000E+00,  2.600000E+00,  1.000000E+01,  4.780000E+00, -2.538200E-01, -5.141300E-01, -2.374800E+00
-1.400000E+00,  2.650000E+00,  1.000000E+01,  4.786300E+00, -2.535000E-01, -5.152400E-01, -2.375300E+00
-1.400000E+00,  2.700000E+00,  1.000000E+01,  4.794200E+00, -2.531800E-01, -5.163400E-01, -2.375900E+00
-1.400000E+00,  2.750000E+00,  1.000000E+01,  4.805800E+00, -2.528600E-01, -5.174500E-01, -2.376500E+00
-1.400000E+00,  2.800000E+00,  1.000000E+01,  4.819500E+00, -2.525400E-01, -5.185500E-01, -2.377100E+00
-1.400000E+00,  2.850000E+00,  1.000000E+01,  4.834100E+00, -2.522200E-01, -5.196600E-01, -2.377600E+00
-1.400000E+00,  2.900000E+00,  1.000000E+01,  4.850400E+00, -2.519000E-01, -5.207700E-01, -2.378200E+00
-1.400000E+00,  2.950000E+00,  1.000000E+01,  4.869000E+00, -2.515700E-01, -5.218700E-01, -2.378800E+00
-1.400000E+00,  3.000000E+00,  1.000000E+01,  4.892700E+00, -2.512500E-01, -5.229800E-01, -2.379300E+00
-1.400000E+00,  3.050000E+00,  1.000000E+01,  4.918200E+00, -2.509300E-01, -5.240800E-01, -2.379900E+00
-1.400000E+00,  3.100000E+00,  1.000000E+01,  4.959900E+00, -2.506100E-01, -5.251900E-01, -2.380500E+00
-1.400000E+00,  3.150000E+00,  1.000000E+01,  4.997300E+00, -2.502900E-01, -5.262900E-01, -2.381100E+00
-1.400000E+00,  3.200000E+00,  1.000000E+01,  5.037800E+00, -2.499700E-01, -5.274000E-01, -2.381600E+00
-1.400000E+00,  3.250000E+00,  1.000000E+01,  5.085200E+00, -2.496500E-01, -5.285000E-01, -2.382200E+00
-1.400000E+00,  3.300000E+00,  1.000000E+01,  5.150100E+00, -2.493300E-01, -5.296100E-01, -2.382800E+00
-1.400000E+00,  3.350000E+00,  1.000000E+01,  5.229400E+00, -2.490100E-01, -5.307200E-01, -2.383300E+00
-1.400000E+00,  3.400000E+00,  1.000000E+01,  5.337900E+00, -2.486900E-01, -5.318200E-01, -2.383900E+00
-1.400000E+00,  3.450000E+00,  1.000000E+01,  5.472600E+00, -2.483700E-01, -5.329300E-01, -2.384500E+00
-1.400000E+00,  3.500000E+00,  1.000000E+01,  5.684400E+00, -2.480500E-01, -5.340300E-01, -2.385100E+00
-1.400000E+00,  3.550000E+00,  1.000000E+01,  6.252100E+00, -2.477300E-01, -5.351400E-01, -2.385600E+00
-1.400000E+00,  3.600000E+00,  1.000000E+01,  6.098900E-01, -2.474000E-01, -5.362400E-01, -2.386200E+00
-1.400000E+00,  3.650000E+00, -1.000000E+01,  3.083800E+00, -2.470800E-01, -5.373500E-01, -2.386800E+00
-1.400000E+00,  3.700000E+00,  1.000000E+01,  5.028500E+00, -2.467600E-01, -5.384600E-01, -2.387300E+00
-1.400000E+00,  3.750000E+00,  1.000000E+01,  1.123100E+00, -2.464400E-01, -5.395600E-01, -2.387900E+00
-1.400000E+00,  3.800000E+00, -1.000000E+01,  2.860200E+00, -2.461200E-01, -5.406700E-01, -2.388500E+00
-1.400000E+00,  3.850000E+00, -1.000000E+01,  3.463500E+00, -2.458000E-01, -5.417700E-01, -2.389100E+00
-1.400000E+00,  3.900000E+00, -1.000000E+01,  3.780100E+00, -2.454800E-01, -5.428800E-01, -2.389600E+00
-1.400000E+00,  3.950000E+00, -1.000000E+01,  3.994300E+00, -2.451600E-01, -5.439800E-01, -2.390200E+00
-1.400000E+00,  4.000000E+00, -1.000000E+01,  4.146000E+00, -2.448400E-01, -5.450900E-01, -2.390800E+00
-1.400000E+00,  4.050000E+00, -1.000000E+01,  4.240300E+00, -2.445200E-01, -5.461900E-01, -2.391300E+00
-1.400000E+00,  4.100000E+00, -1.000000E+01,  4.314400E+00, -2.442000E-01, -5.473000E-01, -2.391900E+00
-1.400000E+00,  4.150000E+00, -1.000000E+01,  4.375100E+00, -2.438800E-01, -5.484100E-01, -2.392500E+00
-1.400000E+00,  4.200000E+00, -1.000000E+01,  4.426000E+00, -2.435600E-01, -5.495100E-01, -2.393100E+00
-1.400000E+00,  4.250000E+00, -1.000000E+01,  4.469500E+00, -2.432300E-01, -5.506200E-01, -2.393600E+00
-1.400000E+00,  4.300000E+00, -1.000000E+01,  4.517500E+00, -2.429100E-01, -5.517200E-01, -2.394200E+00
-1.400000E+00,  4.350000E+00, -1.000000E+01,  4.549900E+00, -2.425900E-01, -5.528300E-01, -2.394800E+00
-1.400000E+00,  4.400000E+00, -1.000000E+01,  4.578800E+00, -2.422700E-01, -5.539300E-01, -2.395300E+00
-1.400000E+00,  4.450000E+00, -1.000000E+01,  4.605300E+00, -2.419500E-01, -5.550400E-01, -2.395900E+00
-1.400000E+00,  4.500000E+00, -1.000000E+01,  4.634000E+00, -2.416300E-01, -5.561500E-01, -2.396500E+00
-1.400000E+00,  4.550000E+00, -1.000000E+01,  4.655800E+00, -2.413100E-01, -5.572500E-01, -2.397000E+00
-1.400000E+00,  4.600000E+00, -1.000000E+01,  4.675700E+00, -2.409900E-01, -5.583600E-01, -2.397600E+00
-1.400000E+00,  4.650000E+00, -1.000000E+01,  4.694900E+00, -2.406700E-01, -5.594600E-01, -2.398200E+00
-1.400000E+00,  4.700000E+00, -1.000000E+01,  4.712000E+00, -2.403500E-01, -5.605700E-01, -2.398800E+00
-1.400000E+00,  4.750000E+00,  1.000000E+01,  4.727900E+00, -2.400300E-01, -5.616700E-01, -2.399300E+00
-1.400000E+00,  4.800000E+00,  1.000000E+01,  4.742800E+00, -2.397100E-01, -5.627800E-01, -2.399900E+00
-1.400000E+00,  4.850000E+00,  1.000000E+01,  4.756300E+00, -2.393900E-01, -5.638800E-01, -2.400500E+00
-1.400000E+00,  4.900000E+00,  1.000000E+01,  4.769200E+00, -2.390600E-01, -5.649900E-01, -2.401000E+00
-1.400000E+00,  4.950000E+00,  1.000000E+01,  4.780600E+00, -2.387400E-01, -5.661000E-01, -2.401600E+00
-1.400000E+00,  5.000000E+00,  1.000000E+01,  4.791400E+00, -2.384200E-01, -5.672000E-01, -2.402200E+00
-1.400000E+00,  5.050000E+00,  1.000000E+01,  4.801300E+00, -2.381000E-01, -5.683100E-01, -2.402800E+00
-1.400000E+00,  5.100000E+00,  1.000000E+01,  4.809500E+00, -2.377800E-01, -5.694100E-01, -2.403300E+00
-1.400000E+00,  5.150000E+00,  1.000000E+01,  4.816000E+00, -2.374600E-01, -5.705200E-01, -2.403900E+00
-1.400000E+00,  5.200000E+00,  1.000000E+01,  4.821600E+00, -2.371400E-01, -5.716200E-01, -2.404500E+00
-1.400000E+00,  5.250000E+00,  1.000000E+01,  4.825500E+00, -2.368200E-01, -5.727300E-01, -2.405000E+00
-1.400000E+00,  5.300000E+00,  1.000000E+01,  4.828200E+00, -2.365000E-01, -5.738400E-01, -2.405600E+00
-1.400000E+00,  5.350000E+00,  1.000000E+01,  4.825800E+00, -2.361800E-01, -5.749400E-01, -2.406200E+00
-1.400000E+00,  5.400000E+00,  1.000000E+01,  4.821100E+00, -2.358600E-01, -5.760500E-01, -2.406800E+00
-1.400000E+00,  5.450000E+00,  1.000000E+01,  4.813000E+00, -2.355400E-01, -5.771500E-01, -2.407300E+00
-1.400000E+00,  5.500000E+00,  1.000000E+01,  4.802400E+00, -2.352100E-01, -5.782600E-01, -2.407900E+00
-1.350000E+00,  2.300000E+00,  1.000000E+01,  4.785200E+00, -2.348900E-01, -5.793600E-01, -2.408500E+00
-1.350000E+00,  2.350000E+00,  1.000000E+01,  4.777800E+00, -2.345700E-01, -5.804700E-01, -2.409000E+00
-1.350000E+00,  2.400000E+00,  1.000000E+01,  4.771300E+00, -2.342500E-01, -5.815700E-01, -2.409600E+00
-1.350000E+00,  2.450000E+00,  1.000000E+01,  4.765900E+00, -2.339300E-01, -5.826800E-01, -2.410200E+00
-1.350000E+00,  2.500000E+00,  1.000000E+01,  4.764900E+00, -2.336100E-01, -5.837900E-01, -2.410800E+00
-1.350000E+00,  2.550000E+00,  1.000000E+01,  4.767500E+00, -2.332900E-01, -5.848900E-01, -2.411300E+00
-1.350000E+00,  2.600000E+00,  1.000000E+01,  4.769300E+00, -2.329700E-01, -5.860000E-01, -2.411900E+00
-1.350000E+00,  2.650000E+00,  1.000000E+01,  4.774800E+00, -2.326500E-01, -5.871000E-01, -2.412500E+00
-1.350000E+00,  2.700000E+00,  1.000000E+01,  4.783300E+00, -2.323300E-01, -5.882100E-01, -2.413000E+00
-1.350000E+00,  2.750000E+00,  1.000000E+01,  4.793400E+00, -2.320100E-01, -5.893100E-01, -2.413600E+00
-1.350000E+00,  2.800000E+00,  1.000000E+01,  4.805200E+00, -2.316900E-01, -5.904200E-01, -2.414200E+00
-1.350000E+00,  2.850000E+00,  1.000000E+01,  4.824900E+00, -2.313700E-01, -5.915300E-01, -2.414800E+00
-1.350000E+00,  2.900000E+00,  1.000000E+01,  4.841900E+00, -2.310400E-01, -5.926300E-01, -2.415300E+00
-1.350000E+00,  2.950000E+00,  1.000000E+01,  4.861000E+00, -2.307200E-01, -5.937400E-01, -2.415900E+00
-1.350000E+00,  3.000000E+00,  1.000000E+01,  4.882300E+00, -2.304000E-01, -5.948400E-01, -2.416500E+00
-1.350000E+00,  3.050000E+00,  1.000000E+01,  4.909300E+00, -2.300800E-01, -5.959500E-01, -2.417000E+00
-1.350000E+00,  3.100000E+00,  1.000000E+01,  4.939600E+00, -2.297600E-01, -5.970500E-01, -2.417600E+00
-1.350000E+00,  3.150000E+00,  1.000000E+01,  4.987000E+00, -2.294400E-01, -5.981600E-01, -2.418200E+00
-1.350000E+00,  3.200000E+00,  1.000000E+01,  5.031200E+00, -2.291200E-01, -5.992600E-01, -2.418800E+00
-1.350000E+00,  3.250000E+00,  1.000000E+01,  5.078900E+00, -2.288000E-01, -6.003700E-01, -2.419300E+00
-1.350000E+00,  3.300000E+00,  1.000000E+01,  5.136000E+00, -2.284800E-01, -6.014800E-01, -2.419900E+00
-1.350000E+00,  3.350000E+00,  1.000000E+01,  5.223100E+00, -2.281600E-01, -6.025800E-01, -2.420500E+00
-1.350000E+00,  3.400000E+00,  1.000000E+01,  5.331800E+00, -2.278400E-01, -6.036900E-01, -2.421000E+00
-1.350000E+00,  3.450000E+00,  1.000000E+01,  5.466800E+00, -2.275200E-01, -6.047900E-01, -2.421600E+00
-1.350000E+00,  3.500000E+00,  1.000000E+01,  5.662400E+00, -2.272000E-01, -6.059000E-01, -2.422200E+00
-1.350000E+00,  3.550000E+00,  1.000000E+01,  6.052200E+00, -2.268700E-01, -6.070000E-01, -2.422800E+00
-1.350000E+00,  3.600000E+00,  1.000000E+01,  6.125700E-01, -2.265500E-01, -6.081100E-01, -2.423300E+00
-1.350000E+00,  3.650000E+00, -1.000000E+01,  3.140500E+00, -2.262300E-01, -6.092100E-01, -2.423900E+00
-1.350000E+00,  3.700000E+00,  1.000000E+01,  5.500100E+00, -2.259100E-01, -6.103200E-01, -2.424500E+00
-1.350000E+00,  3.750000E+00,  1.000000E+01,  1.194800E+00, -2.255900E-01, -6.114300E-01, -2.425000E+00
-1.350000E+00,  3.800000E+00, -1.000000E+01,  2.893400E+00, -2.252700E-01, -6.125300E-01, -2.425600E+00
-1.350000E+00,  3.850000E+00, -1.000000E+01,  3.483600E+00, -2.249500E-01, -6.136400E-01, -2.426200E+00
-1.350000E+00,  3.900000E+00, -1.000000E+01,  3.819100E+00, -2.246300E-01, -6.147400E-01, -2.426800E+00
-1.350000E+00,  3.950000E+00, -1.000000E+01,  4.032100E+00, -2.243100E-01, -6.158500E-01, -2.427300E+00
-1.350000E+00,  4.000000E+00, -1.000000E+01,  4.156200E+00, -2.239900E-01, -6.169500E-01, -2.427900E+00
-1.350000E+00,  4.050000E+00, -1.000000E+01,  4.249500E+00, -2.236700E-01, -6.180600E-01, -2.428500E+00
-1.350000E+00,  4.100000E+00, -1.000000E+01,  4.323400E+00, -2.233500E-01, -6.191700E-01, -2.429000E+00
-1.350000E+00,  4.150000E+00, -1.000000E+01,  4.398700E+00, -2.230300E-01, -6.202700E-01, -2.429600E+00
-1.350000E+00,  4.200000E+00, -1.000000E+01,  4.448000E+00, -2.227000E-01, -6.213800E-01, -2.430200E+00
-1.350000E+00,  4.250000E+00, -1.000000E+01,  4.489600E+00, -2.223800E-01, -6.224800E-01, -2.430800E+00
-1.350000E+00,  4.300000E+00, -1.000000E+01,  4.531100E+00, -2.220600E-01, -6.235900E-01, -2.431300E+00
-1.350000E+00,  4.350000E+00, -1.000000E+01,  4.562900E+00, -2.217400E-01, -6.246900E-01, -2.431900E+00
-1.350000E+00,  4.400000E+00, -1.000000E+01,  4.593500E+00, -2.214200E-01, -6.258000E-01, -2.432500E+00
-1.350000E+00,  4.450000E+00, -1.000000E+01,  4.619900E+00, -2.211000E-01, -6.269000E-01, -2.433000E+00
-1.350000E+00,  4.500000E+00, -1.000000E+01,  4.644500E+00, -2.207800E-01, -6.280100E-01, -2.433600E+00
-1.350000E+00,  4.550000E+00, -1.000000E+01,  4.666000E+00, -2.204600E-01, -6.291200E-01, -2.434200E+00
-1.350000E+00,  4.600000E+00, -1.000000E+01,  4.685900E+00, -2.201400E-01, -6.302200E-01, -2.434800E+00
-1.350000E+00,  4.650000E+00, -1.000000E+01,  4.704700E+00, -2.198200E-01, -6.313300E-01, -2.435300E+00
-1.350000E+00,  4.700000E+00,  1.000000E+01,  4.722700E+00, -2.195000E-01, -6.324300E-01, -2.435900E+00
-1.350000E+00,  4.750000E+00,  1.000000E+01,  4.739100E+00, -2.191800E-01, -6.335400E-01, -2.436500E+00
-1.350000E+00,  4.800000E+00,  1.000000E+01,  4.754000E+00, -2.188500E-01, -6.346400E-01, -2.437000E+00
-1.350000E+00,  4.850000E+00,  1.000000E+01,  4.769200E+00, -2.185300E-01, -6.357500E-01, -2.437600E+00
-1.350000E+00,  4.900000E+00,  1.000000E+01,  4.782200E+00, -2.182100E-01, -6.368600E-01, -2.438200E+00
-1.350000E+00,  4.950000E+00,  1.000000E+01,  4.794100E+00, -2.178900E-01, -6.379600E-01, -2.438800E+00
-1.350000E+00,  5.000000E+00,  1.000000E+01,  4.804800E+00, -2.175700E-01, -6.390700E-01, -2.439300E+00
-1.350000E+00,  5.050000E+00,  1.000000E+01,  4.814100E+00, -2.172500E-01, -6.401700E-01, -2.439900E+00
-1.350000E+00,  5.100000E+00,  1.000000E+01,  4.822100E+00, -2.169300E-01, -6.412800E-01, -2.440500E+00
-1.350000E+00,  5.150000E+00,  1.000000E+01,  4.829000E+00, -2.166100E-01, -6.423800E-01, -2.441000E+00
-1.350000E+00,  5.200000E+00,  1.000000E+01,  4.834800E+00, -2.162900E-01, -6.434900E-01, -2.441600E+00
-1.350000E+00,  5.250000E+00,  1.000000E+01,  4.837200E+00, -2.159700E-01, -6.445900E-01, -2.442200E+00
-1.350000E+00,  5.300000E+00,  1.000000E+01,  4.837300E+00, -2.156500E-01, -6.457000E-01, -2.442800E+00
-1.350000E+00,  5.350000E+00,  1.000000E+01,  4.838400E+00, -2.153300E-01, -6.468100E-01, -2.443300E+00
-1.350000E+00,  5.400000E+00,  1.000000E+01,  4.832500E+00, -2.150100E-01, -6.479100E-01, -2.443900E+00
-1.350000E+00,  5.450000E+00,  1.000000E+01,  4.821700E+00, -2.146800E-01, -6.490200E-01, -2.444500E+00
-1.350000E+00,  5.500000E+00,  1.000000E+01,  4.807700E+00, -2.143600E-01, -6.501200E-01, -2.445000E+00
-1.300000E+00,  2.300000E+00,  1.000000E+01,  4.771800E+00, -2.140400E-01, -6.512300E-01, -2.445600E+00
-1.300000E+00,  2.350000E+00,  1.000000E+01,  4.761800E+00, -2.137200E-01, -6.523300E-01, -2.446200E+00
-1.300000E+00,  2.400000E+00,  1.000000E+01,  4.756700E+00, -2.134000E-01, -6.534400E-01, -2.446800E+00
-1.300000E+00,  2.450000E+00,  1.000000E+01,  4.753600E+00, -2.130800E-01, -6.545500E-01, -2.447300E+00
-1.300000E+00,  2.500000E+00,  1.000000E+01,  4.751100E+00, -2.127600E-01, -6.556500E-01, -2.447900E+00
-1.300000E+00,  2.550000E+00,  1.000000E+01,  4.752700E+00, -2.124400E-01, -6.567600E-01, -2.448500E+00
-1.300000E+00,  2.600000E+00,  1.000000E+01,  4.757400E+00, -2.121200E-01, -6.578600E-01, -2.449000E+00
-1.300000E+00,  2.650000E+00,  1.000000E+01,  4.763800E+00, -2.118000E-01, -6.589700E-01, -2.449600E+00
-1.300000E+00,  2.700000E+00,  1.000000E+01,  4.771200E+00, -2.114800E-01, -6.600700E-01, -2.450200E+00
-1.300000E+00,  2.750000E+00,  1.000000E+01,  4.782300E+00, -2.111600E-01, -6.611800E-01, -2.450800E+00
-1.300000E+00,  2.800000E+00,  1.000000E+01,  4.794200E+00, -2.108400E-01, -6.622800E-01, -2.451300E+00
-1.300000E+00,  2.850000E+00,  1.000000E+01,  4.808400E+00, -2.105100E-01, -6.633900E-01, -2.451900E+00
-1.300000E+00,  2.900000E+00,  1.000000E+01,  4.830800E+00, -2.101900E-01, -6.645000E-01, -2.452500E+00
-1.300000E+00,  2.950000E+00,  1.000000E+01,  4.851800E+00, -2.098700E-01, -6.656000E-01, -2.453000E+00
-1.300000E+00,  3.000000E+00,  1.000000E+01,  4.873500E+00, -2.095500E-01, -6.667100E-01, -2.453600E+00
-1.300000E+00,  3.050000E+00,  1.000000E+01,  4.898000E+00, -2.092300E-01, -6.678100E-01, -2.454200E+00
-1.300000E+00,  3.100000E+00,  1.000000E+01,  4.929500E+00, -2.089100E-01, -6.689200E-01, -2.454800E+00
-1.300000E+00,  3.150000E+00,  1.000000E+01,  4.964200E+00, -2.085900E-01, -6.700200E-01, -2.455300E+00
-1.300000E+00,  3.200000E+00,  1.000000E+01,  5.020100E+00, -2.082700E-01, -6.711300E-01, -2.455900E+00
-1.300000E+00,  3.250000E+00,  1.000000E+01,  5.072000E+00, -2.079500E-01, -6.722400E-01, -2.456500E+00
-1.300000E+00,  3.300000E+00,  1.000000E+01,  5.129100E+00, -2.076300E-01, -6.733400E-01, -2.457000E+00
-1.300000E+00,  3.350000E+00,  1.000000E+01,  5.199500E+00, -2.073100E-01, -6.744500E-01, -2.457600E+00
-1.300000E+00,  3.400000E+00,  1.000000E+01,  5.311800E+00, -2.069900E-01, -6.755500E-01, -2.458200E+00
-1.300000E+00,  3.450000E+00,  1.000000E+01,  5.459500E+00, -2.066600E-01, -6.766600E-01, -2.458700E+00
-1.300000E+00,  3.500000E+00,  1.000000E+01,  5.656000E+00, -2.063400E-01, -6.777600E-01, -2.459300E+00
-1.300000E+00,  3.550000E+00,  1.000000E+01,  6.046300E+00, -2.060200E-01, -6.788700E-01, -2.459900E+00
-1.300000E+00,  3.600000E+00,  1.000000E+01,  6.154200E-01, -2.057000E-01, -6.799700E-01, -2.460500E+00
-1.300000E+00,  3.650000E+00, -1.000000E+01,  3.199000E+00, -2.053800E-01, -6.810800E-01, -2.461000E+00
-1.300000E+00,  3.700000E+00, -1.000000E+01,  3.845100E+00, -2.050600E-01, -6.821900E-01, -2.461600E+00
-1.300000E+00,  3.750000E+00,  1.000000E+01,  1.298700E+00, -2.047400E-01, -6.832900E-01, -2.462200E+00
-1.300000E+00,  3.800000E+00, -1.000000E+01,  2.929100E+00, -2.044200E-01, -6.844000E-01, -2.462700E+00
-1.300000E+00,  3.850000E+00, -1.000000E+01,  3.543400E+00, -2.041000E-01, -6.855000E-01, -2.463300E+00
-1.300000E+00,  3.900000E+00, -1.000000E+01,  3.858100E+00, -2.037800E-01, -6.866100E-01, -2.463900E+00
-1.300000E+00,  3.950000E+00, -1.000000E+01,  4.044900E+00, -2.034600E-01, -6.877100E-01, -2.464500E+00
-1.300000E+00,  4.000000E+00, -1.000000E+01,  4.167100E+00, -2.031400E-01, -6.888200E-01, -2.465000E+00
-1.300000E+00,  4.050000E+00, -1.000000E+01,  4.259700E+00, -2.028200E-01, -6.899300E-01, -2.465600E+00
-1.300000E+00,  4.100000E+00, -1.000000E+01,  4.355200E+00, -2.024900E-01, -6.910300E-01, -2.466200E+00
-1.300000E+00,  4.150000E+00, -1.000000E+01,  4.421300E+00, -2.021700E-01, -6.921400E-01, -2.466700E+00
-1.300000E+00,  4.200000E+00, -1.000000E+01,  4.467100E+00, -2.018500E-01, -6.932400E-01, -2.467300E+00
-1.300000E+00,  4.250000E+00, -1.000000E+01,  4.507700E+00, -2.015300E-01, -6.943500E-01, -2.467900E+00
-1.300000E+00,  4.300000E+00, -1.000000E+01,  4.545300E+00, -2.012100E-01, -6.954500E-01, -2.468500E+00
-1.300000E+00,  4.350000E+00, -1.000000E+01,  4.578100E+00, -2.008900E-01, -6.965600E-01, -2.469000E+00
-1.300000E+00,  4.400000E+00, -1.000000E+01,  4.606100E+00, -2.005700E-01, -6.976600E-01, -2.469600E+00
-1.300000E+00,  4.450000E+00, -1.000000E+01,  4.631700E+00, -2.002500E-01, -6.987700E-01, -2.470200E+00
-1.300000E+00,  4.500000E+00, -1.000000E+01,  4.655200E+00, -1.999300E-01, -6.998800E-01, -2.470700E+00
-1.300000E+00,  4.550000E+00, -1.000000E+01,  4.677000E+00, -1.996100E-01, -7.009800E-01, -2.471300E+00
-1.300000E+00,  4.600000E+00, -1.000000E+01,  4.697100E+00, -1.992900E-01, -7.020900E-01, -2.471900E+00
-1.300000E+00,  4.650000E+00,  1.000000E+01,  4.720200E+00, -1.989700E-01, -7.031900E-01, -2.472500E+00
-1.300000E+00,  4.700000E+00,  1.000000E+01,  4.737400E+00, -1.986500E-01, -7.043000E-01, -2.473000E+00
-1.300000E+00,  4.750000E+00,  1.000000E+01,  4.754400E+00, -1.983200E-01, -7.054000E-01, -2.473600E+00
-1.300000E+00,  4.800000E+00,  1.000000E+01,  4.769700E+00, -1.980000E-01, -7.065100E-01, -2.474200E+00
-1.300000E+00,  4.850000E+00,  1.000000E+01,  4.783500E+00, -1.976800E-01, -7.076200E-01, -2.474700E+00
-1.300000E+00,  4.900000E+00,  1.000000E+01,  4.795900E+00, -1.973600E-01, -7.087200E-01, -2.475300E+00
-1.300000E+00,  4.950000E+00,  1.000000E+01,  4.807400E+00, -1.970400E-01, -7.098300E-01, -2.475900E+00
-1.300000E+00,  5.000000E+00,  1.000000E+01,  4.817800E+00, -1.967200E-01, -7.109300E-01, -2.476500E+00
-1.300000E+00,  5.050000E+00,  1.000000E+01,  4.827300E+00, -1.964000E-01, -7.120400E-01, -2.477000E+00
-1.300000E+00,  5.100000E+00,  1.000000E+01,  4.835000E+00, -1.960800E-01, -7.131400E-01, -2.477600E+00
-1.300000E+00,  5.150000E+00,  1.000000E+01,  4.841500E+00, -1.957600E-01, -7.142500E-01, -2.478200E+00
-1.300000E+00,  5.200000E+00,  1.000000E+01,  4.846900E+00, -1.954400E-01, -7.153500E-01, -2.478700E+00
-1.300000E+00,  5.250000E+00,  1.000000E+01,  4.850300E+00, -1.951200E-01, -7.164600E-01, -2.479300E+00
-1.300000E+00,  5.300000E+00,  1.000000E+01,  4.851200E+00, -1.948000E-01, -7.175700E-01, -2.479900E+00
-1.300000E+00,  5.350000E+00,  1.000000E+01,  4.846000E+00, -1.944800E-01, -7.186700E-01, -2.480500E+00
-1.300000E+00,  5.400000E+00,  1.000000E+01,  4.841500E+00, -1.941500E-01, -7.197800E-01, -2.481000E+00
-1.300000E+00,  5.450000E+00,  1.000000E+01,  4.833800E+00, -1.938300E-01, -7.208800E-01, -2.481600E+00
-1.300000E+00,  5.500000E+00,  1.000000E+01,  4.808500E+00, -1.935100E-01, -7.219900E-01, -2.482200E+00
-1.250000E+00,  2.300000E+00,  1.000000E+01,  4.754100E+00, -1.931900E-01, -7.230900E-01, -2.482700E+00
-1.250000E+00,  2.350000E+00,  1.000000E+01,  4.747100E+00, -1.928700E-01, -7.242000E-01, -2.483300E+00
-1.250000E+00,  2.400000E+00,  1.000000E+01,  4.740300E+00, -1.925500E-01, -7.253100E-01, -2.483900E+00
-1.250000E+00,  2.450000E+00,  1.000000E+01,  4.738400E+00, -1.922300E-01, -7.264100E-01, -2.484500E+00
-1.250000E+00,  2.500000E+00,  1.000000E+01,  4.739700E+00, -1.919100E-01, -7.275200E-01, -2.485000E+00
-1.250000E+00,  2.550000E+00,  1.000000E+01,  4.739100E+00, -1.915900E-01, -7.286200E-01, -2.485600E+00
-1.250000E+00,  2.600000E+00,  1.000000E+01,  4.743000E+00, -1.912700E-01, -7.297300E-01, -2.486200E+00
-1.250000E+00,  2.650000E+00,  1.000000E+01,  4.749900E+00, -1.909500E-01, -7.308300E-01, -2.486700E+00
-1.250000E+00,  2.700000E+00,  1.000000E+01,  4.759000E+00, -1.906300E-01, -7.319400E-01, -2.487300E+00
-1.250000E+00,  2.750000E+00,  1.000000E+01,  4.770000E+00, -1.903000E-01, -7.330400E-01, -2.487900E+00
-1.250000E+00,  2.800000E+00,  1.000000E+01,  4.782600E+00, -1.899800E-01, -7.341500E-01, -2.488500E+00
-1.250000E+00,  2.850000E+00,  1.000000E+01,  4.797300E+00, -1.896600E-01, -7.352600E-01, -2.489000E+00
-1.250000E+00,  2.900000E+00,  1.000000E+01,  4.814200E+00, -1.893400E-01, -7.363600E-01, -2.489600E+00
-1.250000E+00,  2.950000E+00,  1.000000E+01,  4.840500E+00, -1.890200E-01, -7.374700E-01, -2.490200E+00
-1.250000E+00,  3.000000E+00,  1.000000E+01,  4.864200E+00, -1.887000E-01, -7.385700E-01, -2.490700E+00
-1.250000E+00,  3.050000E+00,  1.000000E+01,  4.889200E+00, -1.883800E-01, -7.396800E-01, -2.491300E+00
-1.250000E+00,  3.100000E+00,  1.000000E+01,  4.916900E+00, -1.880600E-01, -7.407800E-01, -2.491900E+00
-1.250000E+00,  3.150000E+00,  1.000000E+01,  4.953100E+00, -1.877400E-01, -7.418900E-01, -2.492500E+00
-1.250000E+00,  3.200000E+00,  1.000000E+01,  4.993600E+00, -1.874200E-01, -7.430000E-01, -2.493000E+00
-1.250000E+00,  3.250000E+00,  1.000000E+01,  5.059200E+00, -1.871000E-01, -7.441000E-01, -2.493600E+00
-1.250000E+00,  3.300000E+00,  1.000000E+01,  5.121600E+00, -1.867800E-01, -7.452100E-01, -2.494200E+00
-1.250000E+00,  3.350000E+00,  1.000000E+01,  5.192000E+00, -1.864600E-01, -7.463100E-01, -2.494700E+00
-1.250000E+00,  3.400000E+00,  1.000000E+01,  5.295000E+00, -1.861300E-01, -7.474200E-01, -2.495300E+00
-1.250000E+00,  3.450000E+00,  1.000000E+01,  5.452300E+00, -1.858100E-01, -7.485200E-01, -2.495900E+00
-1.250000E+00,  3.500000E+00,  1.000000E+01,  5.648600E+00, -1.854900E-01, -7.496300E-01, -2.496500E+00
-1.250000E+00,  3.550000E+00,  1.000000E+01,  5.988100E+00, -1.851700E-01, -7.507300E-01, -2.497000E+00
-1.250000E+00,  3.600000E+00,  1.000000E+01,  6.195900E-01, -1.848500E-01, -7.518400E-01, -2.497600E+00
-1.250000E+00,  3.650000E+00, -1.000000E+01,  3.308900E+00, -1.845300E-01, -7.529500E-01, -2.498200E+00
-1.250000E+00,  3.700000E+00, -1.000000E+01,  2.501700E+00, -1.842100E-01, -7.540500E-01, -2.498700E+00
-1.250000E+00,  3.750000E+00,  1.000000E+01,  1.407300E+00, -1.838900E-01, -7.551600E-01, -2.499300E+00
-1.250000E+00,  3.800000E+00, -1.000000E+01,  3.034900E+00, -1.835700E-01, -7.562600E-01, -2.499900E+00
-1.250000E+00,  3.850000E+00, -1.000000E+01,  3.566500E+00, -1.832500E-01, -7.573700E-01, -2.500500E+00
-1.250000E+00,  3.900000E+00, -1.000000E+01,  3.888400E+00, -1.829300E-01, -7.584700E-01, -2.501000E+00
-1.250000E+00,  3.950000E+00, -1.000000E+01,  4.058400E+00, -1.826100E-01, -7.595800E-01, -2.501600E+00
-1.250000E+00,  4.000000E+00, -1.000000E+01,  4.185400E+00, -1.822900E-01, -7.606900E-01, -2.502200E+00
-1.250000E+00,  4.050000E+00, -1.000000E+01,  4.298700E+00, -1.819600E-01, -7.617900E-01, -2.502700E+00
-1.250000E+00,  4.100000E+00, -1.000000E+01,  4.378000E+00, -1.816400E-01, -7.629000E-01, -2.503300E+00
-1.250000E+00,  4.150000E+00, -1.000000E+01,  4.432300E+00, -1.813200E-01, -7.640000E-01, -2.503900E+00
-1.250000E+00,  4.200000E+00, -1.000000E+01,  4.477700E+00, -1.810000E-01, -7.651100E-01, -2.504500E+00
-1.250000E+00,  4.250000E+00, -1.000000E+01,  4.520600E+00, -1.806800E-01, -7.662100E-01, -2.505000E+00
-1.250000E+00,  4.300000E+00, -1.000000E+01,  4.556700E+00, -1.803600E-01, -7.673200E-01, -2.505600E+00
-1.250000E+00,  4.350000E+00, -1.000000E+01,  4.587700E+00, -1.800400E-01, -7.684200E-01, -2.506200E+00
-1.250000E+00,  4.400000E+00, -1.000000E+01,  4.616100E+00, -1.797200E-01, -7.695300E-01, -2.506700E+00
-1.250000E+00,  4.450000E+00, -1.000000E+01,  4.643700E+00, -1.794000E-01, -7.706400E-01, -2.507300E+00
-1.250000E+00,  4.500000E+00, -1.000000E+01,  4.672400E+00, -1.790800E-01, -7.717400E-01, -2.507900E+00
-1.250000E+00,  4.550000E+00, -1.000000E+01,  4.693500E+00, -1.787600E-01, -7.728500E-01, -2.508500E+00
-1.250000E+00,  4.600000E+00,  1.000000E+01,  4.714300E+00, -1.784400E-01, -7.739500E-01, -2.509000E+00
-1.250000E+00,  4.650000E+00,  1.000000E+01,  4.734500E+00, -1.781200E-01, -7.750600E-01, -2.509600E+00
-1.250000E+00,  4.700000E+00,  1.000000E+01,  4.751800E+00, -1.777900E-01, -7.761600E-01, -2.510200E+00
-1.250000E+00,  4.750000E+00,  1.000000E+01,  4.767700E+00, -1.774700E-01, -7.772700E-01, -2.510700E+00
-1.250000E+00,  4.800000E+00,  1.000000E+01,  4.782700E+00, -1.771500E-01, -7.783800E-01, -2.511300E+00
-1.250000E+00,  4.850000E+00,  1.000000E+01,  4.796300E+00, -1.768300E-01, -7.794800E-01, -2.511900E+00
-1.250000E+00,  4.900000E+00,  1.000000E+01,  4.809200E+00, -1.765100E-01, -7.805900E-01, -2.512500E+00
-1.250000E+00,  4.950000E+00,  1.000000E+01,  4.821700E+00, -1.761900E-01, -7.816900E-01, -2.513000E+00
-1.250000E+00,  5.000000E+00,  1.000000E+01,  4.832400E+00, -1.758700E-01, -7.828000E-01, -2.513600E+00
-1.250000E+00,  5.050000E+00,  1.000000E+01,  4.841600E+00, -1.755500E-01, -7.839000E-01, -2.514200E+00
-1.250000E+00,  5.100000E+00,  1.000000E+01,  4.849800E+00, -1.752300E-01, -7.850100E-01, -2.514700E+00
-1.250000E+00,  5.150000E+00,  1.000000E+01,  4.856300E+00, -1.749100E-01, -7.861100E-01, -2.515300E+00
-1.250000E+00,  5.200000E+00,  1.000000E+01,  4.861300E+00, -1.745900E-01, -7.872200E-01, -2.515900E+00
-1.250000E+00,  5.250000E+00,  1.000000E+01,  4.862600E+00, -1.742700E-01, -7.883300E-01, -2.516500E+00
-1.250000E+00,  5.300000E+00,  1.000000E+01,  4.863400E+00, -1.739400E-01, -7.894300E-01, -2.517000E+00
-1.250000E+00,  5.350000E+00,  1.000000E+01,  4.860900E+00, -1.736200E-01, -7.905400E-01, -2.517600E+00
-1.250000E+00,  5.400000E+00,  1.000000E+01,  4.850800E+00, -1.733000E-01, -7.916400E-01, -2.518200E+00
-1.250000E+00,  5.450000E+00,  1.000000E+01,  4.838800E+00, -1.729800E-01, -7.927500E-01, -2.518700E+00
-1.250000E+00,  5.500000E+00,  1.000000E+01,  4.808400E+00, -1.726600E-01, -7.938500E-01, -2.519300E+00
-1.200000E+00,  2.300000E+00,  1.000000E+01,  4.732900E+00, -1.723400E-01, -7.949600E-01, -2.519900E+00
-1.200000E+00,  2.350000E+00,  1.000000E+01,  4.728200E+00, -1.720200E-01, -7.960700E-01, -2.520400E+00
-1.200000E+00,  2.400000E+00,  1.000000E+01,  4.724300E+00, -1.717000E-01, -7.971700E-01, -2.521000E+00
-1.200000E+00,  2.450000E+00,  1.000000E+01,  4.721100E+00, -1.713800E-01, -7.982800E-01, -2.521600E+00
-1.200000E+00,  2.500000E+00,  1.000000E+01,  4.721600E+00, -1.710600E-01, -7.993800E-01, -2.522200E+00
-1.200000E+00,  2.550000E+00,  1.000000E+01,  4.725500E+00, -1.707400E-01, -8.004900E-01, -2.522700E+00
-1.200000E+00,  2.600000E+00,  1.000000E+01,  4.728300E+00, -1.704200E-01, -8.015900E-01, -2.523300E+00
-1.200000E+00,  2.650000E+00,  1.000000E+01,  4.734800E+00, -1.701000E-01, -8.027000E-01, -2.523900E+00
-1.200000E+00,  2.700000E+00,  1.000000E+01,  4.743900E+00, -1.697700E-01, -8.038000E-01, -2.524400E+00
-1.200000E+00,  2.750000E+00,  1.000000E+01,  4.754600E+00, -1.694500E-01, -8.049100E-01, -2.525000E+00
-1.200000E+00,  2.800000E+00,  1.000000E+01,  4.770300E+00, -1.691300E-01, -8.060200E-01, -2.525600E+00
-1.200000E+00,  2.850000E+00,  1.000000E+01,  4.785200E+00, -1.688100E-01, -8.071200E-01, -2.526200E+00
-1.200000E+00,  2.900000E+00,  1.000000E+01,  4.801900E+00, -1.684900E-01, -8.082300E-01, -2.526700E+00
-1.200000E+00,  2.950000E+00,  1.000000E+01,  4.821800E+00, -1.681700E-01, -8.093300E-01, -2.527300E+00
-1.200000E+00,  3.000000E+00,  1.000000E+01,  4.846600E+00, -1.678500E-01, -8.104400E-01, -2.527900E+00
-1.200000E+00,  3.050000E+00,  1.000000E+01,  4.879100E+00, -1.675300E-01, -8.115400E-01, -2.528400E+00
-1.200000E+00,  3.100000E+00,  1.000000E+01,  4.907400E+00, -1.672100E-01, -8.126500E-01, -2.529000E+00
-1.200000E+00,  3.150000E+00,  1.000000E+01,  4.942200E+00, -1.668900E-01, -8.137600E-01, -2.529600E+00
-1.200000E+00,  3.200000E+00,  1.000000E+01,  4.984800E+00, -1.665700E-01, -8.148600E-01, -2.530200E+00
-1.200000E+00,  3.250000E+00,  1.000000E+01,  5.028700E+00, -1.662500E-01, -8.159700E-01, -2.530700E+00
-1.200000E+00,  3.300000E+00,  1.000000E+01,  5.113200E+00, -1.659300E-01, -8.170700E-01, -2.531300E+00
-1.200000E+00,  3.350000E+00,  1.000000E+01,  5.183900E+00, -1.656000E-01, -8.181800E-01, -2.531900E+00
-1.200000E+00,  3.400000E+00,  1.000000E+01,  5.272900E+00, -1.652800E-01, -8.192800E-01, -2.532400E+00
-1.200000E+00,  3.450000E+00,  1.000000E+01,  5.443900E+00, -1.649600E-01, -8.203900E-01, -2.533000E+00
-1.200000E+00,  3.500000E+00,  1.000000E+01,  5.640600E+00, -1.646400E-01, -8.214900E-01, -2.533600E+00
-1.200000E+00,  3.550000E+00,  1.000000E+01,  5.981400E+00, -1.643200E-01, -8.226000E-01, -2.534200E+00
-1.200000E+00,  3.600000E+00,  1.000000E+01,  4.623200E-01, -1.640000E-01, -8.237100E-01, -2.534700E+00
-1.200000E+00,  3.650000E+00, -1.000000E+01,  3.396000E+00, -1.636800E-01, -8.248100E-01, -2.535300E+00
-1.200000E+00,  3.700000E+00,  1.000000E+01,  9.364800E-01, -1.633600E-01, -8.259200E-01, -2.535900E+00
-1.200000E+00,  3.750000E+00,  1.000000E+01,  1.525200E+00, -1.630400E-01, -8.270200E-01, -2.536400E+00
-1.200000E+00,  3.800000E+00, -1.000000E+01,  3.075500E+00, -1.627200E-01, -8.281300E-01, -2.537000E+00
-1.200000E+00,  3.850000E+00, -1.000000E+01,  3.627800E+00, -1.624000E-01, -8.292300E-01, -2.537600E+00
-1.200000E+00,  3.900000E+00, -1.000000E+01,  3.917500E+00, -1.620800E-01, -8.303400E-01, -2.538200E+00
-1.200000E+00,  3.950000E+00, -1.000000E+01,  4.081500E+00, -1.617600E-01, -8.314500E-01, -2.538700E+00
-1.200000E+00,  4.000000E+00, -1.000000E+01,  4.228600E+00, -1.614300E-01, -8.325500E-01, -2.539300E+00
-1.200000E+00,  4.050000E+00, -1.000000E+01,  4.326100E+00, -1.611100E-01, -8.336600E-01, -2.539900E+00
-1.200000E+00,  4.100000E+00, -1.000000E+01,  4.390500E+00, -1.607900E-01, -8.347600E-01, -2.540400E+00
-1.200000E+00,  4.150000E+00, -1.000000E+01,  4.447600E+00, -1.604700E-01, -8.358700E-01, -2.541000E+00
-1.200000E+00,  4.200000E+00, -1.000000E+01,  4.494200E+00, -1.601500E-01, -8.369700E-01, -2.541600E+00
-1.200000E+00,  4.250000E+00, -1.000000E+01,  4.533100E+00, -1.598300E-01, -8.380800E-01, -2.542200E+00
-1.200000E+00,  4.300000E+00, -1.000000E+01,  4.570200E+00, -1.595100E-01, -8.391800E-01, -2.542700E+00
-1.200000E+00,  4.350000E+00, -1.000000E+01,  4.601200E+00, -1.591900E-01, -8.402900E-01, -2.543300E+00
-1.200000E+00,  4.400000E+00, -1.000000E+01,  4.635500E+00, -1.588700E-01, -8.414000E-01, -2.543900E+00
-1.200000E+00,  4.450000E+00, -1.000000E+01,  4.660500E+00, -1.585500E-01, -8.425000E-01, -2.544400E+00
-1.200000E+00,  4.500000E+00, -1.000000E+01,  4.687600E+00, -1.582300E-01, -8.436100E-01, -2.545000E+00
-1.200000E+00,  4.550000E+00, -1.000000E+01,  4.708600E+00, -1.579100E-01, -8.447100E-01, -2.545600E+00
-1.200000E+00,  4.600000E+00,  1.000000E+01,  4.729300E+00, -1.575800E-01, -8.458200E-01, -2.546200E+00
-1.200000E+00,  4.650000E+00,  1.000000E+01,  4.748300E+00, -1.572600E-01, -8.469200E-01, -2.546700E+00
-1.200000E+00,  4.700000E+00,  1.000000E+01,  4.765200E+00, -1.569400E-01, -8.480300E-01, -2.547300E+00
-1.200000E+00,  4.750000E+00,  1.000000E+01,  4.781000E+00, -1.566200E-01, -8.491300E-01, -2.547900E+00
-1.200000E+00,  4.800000E+00,  1.000000E+01,  4.798500E+00, -1.563000E-01, -8.502400E-01, -2.548400E+00
-1.200000E+00,  4.850000E+00,  1.000000E+01,  4.811900E+00, -1.559800E-01, -8.513500E-01, -2.549000E+00
-1.200000E+00,  4.900000E+00,  1.000000E+01,  4.825700E+00, -1.556600E-01, -8.524500E-01, -2.549600E+00
-1.200000E+00,  4.950000E+00,  1.000000E+01,  4.837400E+00, -1.553400E-01, -8.535600E-01, -2.550200E+00
-1.200000E+00,  5.000000E+00,  1.000000E+01,  4.847800E+00, -1.550200E-01, -8.546600E-01, -2.550700E+00
-1.200000E+00,  5.050000E+00,  1.000000E+01,  4.857100E+00, -1.547000E-01, -8.557700E-01, -2.551300E+00
-1.200000E+00,  5.100000E+00,  1.000000E+01,  4.864500E+00, -1.543800E-01, -8.568700E-01, -2.551900E+00
-1.200000E+00,  5.150000E+00,  1.000000E+01,  4.870300E+00, -1.540600E-01, -8.579800E-01, -2.552400E+00
-1.200000E+00,  5.200000E+00,  1.000000E+01,  4.875300E+00, -1.537400E-01, -8.590900E-01, -2.553000E+00
-1.200000E+00,  5.250000E+00,  1.000000E+01,  4.877400E+00, -1.534100E-01, -8.601900E-01, -2.553600E+00
-1.200000E+00,  5.300000E+00,  1.000000E+01,  4.873900E+00, -1.530900E-01, -8.613000E-01, -2.554200E+00
-1.200000E+00,  5.350000E+00,  1.000000E+01,  4.873100E+00, -1.527700E-01, -8.624000E-01, -2.554700E+00
-1.200000E+00,  5.400000E+00,  1.000000E+01,  4.864600E+00, -1.524500E-01, -8.635100E-01, -2.555300E+00
-1.200000E+00,  5.450000E+00,  1.000000E+01,  4.843100E+00, -1.521300E-01, -8.646100E-01, -2.555900E+00
-1.200000E+00,  5.500000E+00,  1.000000E+01,  4.815600E+00, -1.518100E-01, -8.657200E-01, -2.556400E+00
-1.150000E+00,  2.300000E+00,  1.000000E+01,  4.717200E+00, -1.514900E-01, -8.668200E-01, -2.557000E+00
-1.150000E+00,  2.350000E+00, -1.000000E+01,  4.707000E+00, -1.511700E-01, -8.679300E-01, -2.557600E+00
-1.150000E+00,  2.400000E+00, -1.000000E+01,  4.704900E+00, -1.508500E-01, -8.690400E-01, -2.558200E+00
-1.150000E+00,  2.450000E+00, -1.000000E+01,  4.706200E+00, -1.505300E-01, -8.701400E-01, -2.558700E+00
-1.150000E+00,  2.500000E+00, -1.000000E+01,  4.703400E+00, -1.502100E-01, -8.712500E-01, -2.559300E+00
-1.150000E+00,  2.550000E+00, -1.000000E+01,  4.706900E+00, -1.498900E-01, -8.723500E-01, -2.559900E+00
-1.150000E+00,  2.600000E+00,  1.000000E+01,  4.713100E+00, -1.495700E-01, -8.734600E-01, -2.560400E+00
-1.150000E+00,  2.650000E+00,  1.000000E+01,  4.719200E+00, -1.492400E-01, -8.745600E-01, -2.561000E+00
-1.150000E+00,  2.700000E+00,  1.000000E+01,  4.728400E+00, -1.489200E-01, -8.756700E-01, -2.561600E+00
-1.150000E+00,  2.750000E+00,  1.000000E+01,  4.739500E+00, -1.486000E-01, -8.767800E-01, -2.562200E+00
-1.150000E+00,  2.800000E+00,  1.000000E+01,  4.752700E+00, -1.482800E-01, -8.778800E-01, -2.562700E+00
-1.150000E+00,  2.850000E+00,  1.000000E+01,  4.772200E+00, -1.479600E-01, -8.789900E-01, -2.563300E+00
-1.150000E+00,  2.900000E+00,  1.000000E+01,  4.789100E+00, -1.476400E-01, -8.800900E-01, -2.563900E+00
-1.150000E+00,  2.950000E+00,  1.000000E+01,  4.808400E+00, -1.473200E-01, -8.812000E-01, -2.564400E+00
-1.150000E+00,  3.000000E+00,  1.000000E+01,  4.831600E+00, -1.470000E-01, -8.823000E-01, -2.565000E+00
-1.150000E+00,  3.050000E+00,  1.000000E+01,  4.857000E+00, -1.466800E-01, -8.834100E-01, -2.565600E+00
-1.150000E+00,  3.100000E+00,  1.000000E+01,  4.896800E+00, -1.463600E-01, -8.845100E-01, -2.566200E+00
-1.150000E+00,  3.150000E+00,  1.000000E+01,  4.928800E+00, -1.460400E-01, -8.856200E-01, -2.566700E+00
-1.150000E+00,  3.200000E+00,  1.000000E+01,  4.971800E+00, -1.457200E-01, -8.867300E-01, -2.567300E+00
-1.150000E+00,  3.250000E+00,  1.000000E+01,  5.019000E+00, -1.454000E-01, -8.878300E-01, -2.567900E+00
-1.150000E+00,  3.300000E+00,  1.000000E+01,  5.074400E+00, -1.450700E-01, -8.889400E-01, -2.568400E+00
-1.150000E+00,  3.350000E+00,  1.000000E+01,  5.174800E+00, -1.447500E-01, -8.900400E-01, -2.569000E+00
-1.150000E+00,  3.400000E+00,  1.000000E+01,  5.263800E+00, -1.444300E-01, -8.911500E-01, -2.569600E+00
-1.150000E+00,  3.450000E+00,  1.000000E+01,  5.401500E+00, -1.441100E-01, -8.922500E-01, -2.570200E+00
-1.150000E+00,  3.500000E+00,  1.000000E+01,  5.631500E+00, -1.437900E-01, -8.933600E-01, -2.570700E+00
-1.150000E+00,  3.550000E+00,  1.000000E+01,  5.943800E+00, -1.434700E-01, -8.944700E-01, -2.571300E+00
-1.150000E+00,  3.600000E+00,  1.000000E+01,  2.169100E-01, -1.431500E-01, -8.955700E-01, -2.571900E+00
-1.150000E+00,  3.650000E+00, -1.000000E+01,  3.582600E+00, -1.428300E-01, -8.966800E-01, -2.572400E+00
-1.150000E+00,  3.700000E+00,  1.000000E+01,  8.256700E-01, -1.425100E-01, -8.977800E-01, -2.573000E+00
-1.150000E+00,  3.750000E+00, -1.000000E+01,  1.649500E+00, -1.421900E-01, -8.988900E-01, -2.573600E+00
-1.150000E+00,  3.800000E+00, -1.000000E+01,  3.120000E+00, -1.418700E-01, -8.999900E-01, -2.574200E+00
-1.150000E+00,  3.850000E+00, -1.000000E+01,  3.692200E+00, -1.415500E-01, -9.011000E-01, -2.574700E+00
-1.150000E+00,  3.900000E+00, -1.000000E+01,  3.937400E+00, -1.412200E-01, -9.022000E-01, -2.575300E+00
-1.150000E+00,  3.950000E+00, -1.000000E+01,  4.138700E+00, -1.409000E-01, -9.033100E-01, -2.575900E+00
-1.150000E+00,  4.000000E+00, -1.000000E+01,  4.262500E+00, -1.405800E-01, -9.044200E-01, -2.576400E+00
-1.150000E+00,  4.050000E+00, -1.000000E+01,  4.340600E+00, -1.402600E-01, -9.055200E-01, -2.577000E+00
-1.150000E+00,  4.100000E+00, -1.000000E+01,  4.402500E+00, -1.399400E-01, -9.066300E-01, -2.577600E+00
-1.150000E+00,  4.150000E+00, -1.000000E+01,  4.462000E+00, -1.396200E-01, -9.077300E-01, -2.578200E+00
-1.150000E+00,  4.200000E+00, -1.000000E+01,  4.509900E+00, -1.393000E-01, -9.088400E-01, -2.578700E+00
-1.150000E+00,  4.250000E+00, -1.000000E+01,  4.547900E+00, -1.389800E-01, -9.099400E-01, -2.579300E+00
-1.150000E+00,  4.300000E+00, -1.000000E+01,  4.590300E+00, -1.386600E-01, -9.110500E-01, -2.579900E+00
-1.150000E+00,  4.350000E+00, -1.000000E+01,  4.620100E+00, -1.383400E-01, -9.121600E-01, -2.580400E+00
-1.150000E+00,  4.400000E+00, -1.000000E+01,  4.650400E+00, -1.380200E-01, -9.132600E-01, -2.581000E+00
-1.150000E+00,  4.450000E+00, -1.000000E+01,  4.678600E+00, -1.377000E-01, -9.143700E-01, -2.581600E+00
-1.150000E+00,  4.500000E+00, -1.000000E+01,  4.702100E+00, -1.373800E-01, -9.154700E-01, -2.582100E+00
-1.150000E+00,  4.550000E+00,  1.000000E+01,  4.723300E+00, -1.370500E-01, -9.165800E-01, -2.582700E+00
-1.150000E+00,  4.600000E+00,  1.000000E+01,  4.742900E+00, -1.367300E-01, -9.176800E-01, -2.583300E+00
-1.150000E+00,  4.650000E+00,  1.000000E+01,  4.762700E+00, -1.364100E-01, -9.187900E-01, -2.583900E+00
-1.150000E+00,  4.700000E+00,  1.000000E+01,  4.782200E+00, -1.360900E-01, -9.198900E-01, -2.584400E+00
-1.150000E+00,  4.750000E+00,  1.000000E+01,  4.800000E+00, -1.357700E-01, -9.210000E-01, -2.585000E+00
-1.150000E+00,  4.800000E+00,  1.000000E+01,  4.814800E+00, -1.354500E-01, -9.221100E-01, -2.585600E+00
-1.150000E+00,  4.850000E+00,  1.000000E+01,  4.828300E+00, -1.351300E-01, -9.232100E-01, -2.586100E+00
-1.150000E+00,  4.900000E+00,  1.000000E+01,  4.841300E+00, -1.348100E-01, -9.243200E-01, -2.586700E+00
-1.150000E+00,  4.950000E+00,  1.000000E+01,  4.853000E+00, -1.344900E-01, -9.254200E-01, -2.587300E+00
-1.150000E+00,  5.000000E+00,  1.000000E+01,  4.863800E+00, -1.341700E-01, -9.265300E-01, -2.587900E+00
-1.150000E+00,  5.050000E+00,  1.000000E+01,  4.873300E+00, -1.338500E-01, -9.276300E-01, -2.588400E+00
-1.150000E+00,  5.100000E+00,  1.000000E+01,  4.881500E+00, -1.335300E-01, -9.287400E-01, -2.589000E+00
-1.150000E+00,  5.150000E+00,  1.000000E+01,  4.887900E+00, -1.332100E-01, -9.298500E-01, -2.589600E+00
-1.150000E+00,  5.200000E+00,  1.000000E+01,  4.891200E+00, -1.328800E-01, -9.309500E-01, -2.590100E+00
-1.150000E+00,  5.250000E+00,  1.000000E+01,  4.892500E+00, -1.325600E-01, -9.320600E-01, -2.590700E+00
-1.150000E+00,  5.300000E+00,  1.000000E+01,  4.891500E+00, -1.322400E-01, -9.331600E-01, -2.591300E+00
-1.150000E+00,  5.350000E+00,  1.000000E+01,  4.883100E+00, -1.319200E-01, -9.342700E-01, -2.591900E+00
-1.150000E+00,  5.400000E+00,  1.000000E+01,  4.873600E+00, -1.316000E-01, -9.353700E-01, -2.592400E+00
-1.150000E+00,  5.450000E+00,  1.000000E+01,  4.847000E+00, -1.312800E-01, -9.364800E-01, -2.593000E+00
-1.150000E+00,  5.500000E+00,  1.000000E+01,  4.821800E+00, -1.309600E-01, -9.375800E-01, -2.593600E+00
-1.100000E+00,  2.300000E+00, -1.000000E+01,  4.691700E+00, -1.306400E-01, -9.386900E-01, -2.594100E+00
-1.100000E+00,  2.350000E+00, -1.000000E+01,  4.689000E+00, -1.303200E-01, -9.398000E-01, -2.594700E+00
-1.100000E+00,  2.400000E+00, -1.000000E+01,  4.682400E+00, -1.300000E-01, -9.409000E-01, -2.595300E+00
-1.100000E+00,  2.450000E+00, -1.000000E+01,  4.683200E+00, -1.296800E-01, -9.420100E-01, -2.595900E+00
-1.100000E+00,  2.500000E+00, -1.000000E+01,  4.686800E+00, -1.293600E-01, -9.431100E-01, -2.596400E+00
-1.100000E+00,  2.550000E+00, -1.000000E+01,  4.688000E+00, -1.290400E-01, -9.442200E-01, -2.597000E+00
-1.100000E+00,  2.600000E+00, -1.000000E+01,  4.693400E+00, -1.287100E-01, -9.453200E-01, -2.597600E+00
-1.100000E+00,  2.650000E+00, -1.000000E+01,  4.702000E+00, -1.283900E-01, -9.464300E-01, -2.598100E+00
-1.100000E+00,  2.700000E+00, -1.000000E+01,  4.711500E+00, -1.280700E-01, -9.475400E-01, -2.598700E+00
-1.100000E+00,  2.750000E+00,  1.000000E+01,  4.723400E+00, -1.277500E-01, -9.486400E-01, -2.599300E+00
-1.100000E+00,  2.800000E+00,  1.000000E+01,  4.737100E+00, -1.274300E-01, -9.497500E-01, -2.599900E+00
-1.100000E+00,  2.850000E+00,  1.000000E+01,  4.752600E+00, -1.271100E-01, -9.508500E-01, -2.600400E+00
-1.100000E+00,  2.900000E+00,  1.000000E+01,  4.775500E+00, -1.267900E-01, -9.519600E-01, -2.601000E+00
-1.100000E+00,  2.950000E+00,  1.000000E+01,  4.795100E+00, -1.264700E-01, -9.530600E-01, -2.601600E+00
-1.100000E+00,  3.000000E+00,  1.000000E+01,  4.816800E+00, -1.261500E-01, -9.541700E-01, -2.602100E+00
-1.100000E+00,  3.050000E+00,  1.000000E+01,  4.844800E+00, -1.258300E-01, -9.552700E-01, -2.602700E+00
-1.100000E+00,  3.100000E+00,  1.000000E+01,  4.877000E+00, -1.255100E-01, -9.563800E-01, -2.603300E+00
-1.100000E+00,  3.150000E+00,  1.000000E+01,  4.917800E+00, -1.251900E-01, -9.574900E-01, -2.603900E+00
-1.100000E+00,  3.200000E+00,  1.000000E+01,  4.954800E+00, -1.248600E-01, -9.585900E-01, -2.604400E+00
-1.100000E+00,  3.250000E+00,  1.000000E+01,  5.004500E+00, -1.245400E-01, -9.597000E-01, -2.605000E+00
-1.100000E+00,  3.300000E+00,  1.000000E+01,  5.060900E+00, -1.242200E-01, -9.608000E-01, -2.605600E+00
-1.100000E+00,  3.350000E+00,  1.000000E+01,  5.164600E+00, -1.239000E-01, -9.619100E-01, -2.606100E+00
-1.100000E+00,  3.400000E+00,  1.000000E+01,  5.253600E+00, -1.235800E-01, -9.630100E-01, -2.606700E+00
-1.100000E+00,  3.450000E+00,  1.000000E+01,  5.371500E+00, -1.232600E-01, -9.641200E-01, -2.607300E+00
-1.100000E+00,  3.500000E+00,  1.000000E+01,  5.621500E+00, -1.229400E-01, -9.652300E-01, -2.607900E+00
-1.100000E+00,  3.550000E+00,  1.000000E+01,  5.935300E+00, -1.226200E-01, -9.663300E-01, -2.608400E+00
-1.100000E+00,  3.600000E+00,  1.000000E+01,  2.201400E-01, -1.223000E-01, -9.674400E-01, -2.609000E+00
-1.100000E+00,  3.650000E+00, -1.000000E+01,  3.743100E+00, -1.219800E-01, -9.685400E-01, -2.609600E+00
-1.100000E+00,  3.700000E+00,  1.000000E+01,  1.391000E+00, -1.216600E-01, -9.696500E-01, -2.610100E+00
-1.100000E+00,  3.750000E+00, -1.000000E+01,  1.893600E+00, -1.213400E-01, -9.707500E-01, -2.610700E+00
-1.100000E+00,  3.800000E+00, -1.000000E+01,  3.168500E+00, -1.210200E-01, -9.718600E-01, -2.611300E+00
-1.100000E+00,  3.850000E+00, -1.000000E+01,  3.720400E+00, -1.206900E-01, -9.729600E-01, -2.611900E+00
-1.100000E+00,  3.900000E+00, -1.000000E+01,  3.958900E+00, -1.203700E-01, -9.740700E-01, -2.612400E+00
-1.100000E+00,  3.950000E+00, -1.000000E+01,  4.182300E+00, -1.200500E-01, -9.751800E-01, -2.613000E+00
-1.100000E+00,  4.000000E+00, -1.000000E+01,  4.279500E+00, -1.197300E-01, -9.762800E-01, -2.613600E+00
-1.100000E+00,  4.050000E+00, -1.000000E+01,  4.354400E+00, -1.194100E-01, -9.773900E-01, -2.614100E+00
-1.100000E+00,  4.100000E+00, -1.000000E+01,  4.429400E+00, -1.190900E-01, -9.784900E-01, -2.614700E+00
-1.100000E+00,  4.150000E+00, -1.000000E+01,  4.479400E+00, -1.187700E-01, -9.796000E-01, -2.615300E+00
-1.100000E+00,  4.200000E+00, -1.000000E+01,  4.522500E+00, -1.184500E-01, -9.807000E-01, -2.615900E+00
-1.100000E+00,  4.250000E+00, -1.000000E+01,  4.570100E+00, -1.181300E-01, -9.818100E-01, -2.616400E+00
-1.100000E+00,  4.300000E+00, -1.000000E+01,  4.609000E+00, -1.178100E-01, -9.829200E-01, -2.617000E+00
-1.100000E+00,  4.350000E+00, -1.000000E+01,  4.640600E+00, -1.174900E-01, -9.840200E-01, -2.617600E+00
-1.100000E+00,  4.400000E+00, -1.000000E+01,  4.668300E+00, -1.171700E-01, -9.851300E-01, -2.618100E+00
-1.100000E+00,  4.450000E+00, -1.000000E+01,  4.692900E+00, -1.168500E-01, -9.862300E-01, -2.618700E+00
-1.100000E+00,  4.500000E+00,  1.000000E+01,  4.715600E+00, -1.165200E-01, -9.873400E-01, -2.619300E+00
-1.100000E+00,  4.550000E+00,  1.000000E+01,  4.741700E+00, -1.162000E-01, -9.884400E-01, -2.619900E+00
-1.100000E+00,  4.600000E+00,  1.000000E+01,  4.761500E+00, -1.158800E-01, -9.895500E-01, -2.620400E+00
-1.100000E+00,  4.650000E+00,  1.000000E+01,  4.782300E+00, -1.155600E-01, -9.906500E-01, -2.621000E+00
-1.100000E+00,  4.700000E+00,  1.000000E+01,  4.799500E+00, -1.152400E-01, -9.917600E-01, -2.621600E+00
-1.100000E+00,  4.750000E+00,  1.000000E+01,  4.815600E+00, -1.149200E-01, -9.928700E-01, -2.622100E+00
-1.100000E+00,  4.800000E+00,  1.000000E+01,  4.830900E+00, -1.146000E-01, -9.939700E-01, -2.622700E+00
-1.100000E+00,  4.850000E+00,  1.000000E+01,  4.846100E+00, -1.142800E-01, -9.950800E-01, -2.623300E+00
-1.100000E+00,  4.900000E+00,  1.000000E+01,  4.858800E+00, -1.139600E-01, -9.961800E-01, -2.623900E+00
-1.100000E+00,  4.950000E+00,  1.000000E+01,  4.871300E+00, -1.136400E-01, -9.972900E-01, -2.624400E+00
-1.100000E+00,  5.000000E+00,  1.000000E+01,  4.881900E+00, -1.133200E-01, -9.983900E-01, -2.625000E+00
-1.100000E+00,  5.050000E+00,  1.000000E+01,  4.891100E+00, -1.130000E-01, -9.995000E-01, -2.625600E+00
-1.100000E+00,  5.100000E+00,  1.000000E+01,  4.898400E+00, -1.126800E-01, -1.000600E+00, -2.626100E+00
-1.100000E+00,  5.150000E+00,  1.000000E+01,  4.904200E+00, -1.123500E-01, -1.001700E+00, -2.626700E+00
-1.100000E+00,  5.200000E+00,  1.000000E+01,  4.908700E+00, -1.120300E-01, -1.002800E+00, -2.627300E+00
-1.100000E+00,  5.250000E+00,  1.000000E+01,  4.909000E+00, -1.117100E-01, -1.003900E+00, -2.627900E+00
-1.100000E+00,  5.300000E+00,  1.000000E+01,  4.906800E+00, -1.113900E-01, -1.005000E+00, -2.628400E+00
-1.100000E+00,  5.350000E+00,  1.000000E+01,  4.900000E+00, -1.110700E-01, -1.006100E+00, -2.629000E+00
-1.100000E+00,  5.400000E+00,  1.000000E+01,  4.881600E+00, -1.107500E-01, -1.007200E+00, -2.629600E+00
-1.100000E+00,  5.450000E+00,  1.000000E+01,  4.858200E+00, -1.104300E-01, -1.008300E+00, -2.630100E+00
-1.100000E+00,  5.500000E+00,  1.000000E+01,  4.821200E+00, -1.101100E-01, -1.009500E+00, -2.630700E+00
-1.050000E+00,  2.300000E+00, -1.000000E+01,  4.666500E+00, -1.097900E-01, -1.010600E+00, -2.631300E+00
-1.050000E+00,  2.350000E+00, -1.000000E+01,  4.662600E+00, -1.094700E-01, -1.011700E+00, -2.631900E+00
-1.050000E+00,  2.400000E+00, -1.000000E+01,  4.662700E+00, -1.091500E-01, -1.012800E+00, -2.632400E+00
-1.050000E+00,  2.450000E+00, -1.000000E+01,  4.659900E+00, -1.088300E-01, -1.013900E+00, -2.633000E+00
-1.050000E+00,  2.500000E+00, -1.000000E+01,  4.662900E+00, -1.085000E-01, -1.015000E+00, -2.633600E+00
-1.050000E+00,  2.550000E+00, -1.000000E+01,  4.668900E+00, -1.081800E-01, -1.016100E+00, -2.634100E+00
-1.050000E+00,  2.600000E+00, -1.000000E+01,  4.672600E+00, -1.078600E-01, -1.017200E+00, -2.634700E+00
-1.050000E+00,  2.650000E+00, -1.000000E+01,  4.681600E+00, -1.075400E-01, -1.018300E+00, -2.635300E+00
-1.050000E+00,  2.700000E+00, -1.000000E+01,  4.691900E+00, -1.072200E-01, -1.019400E+00, -2.635900E+00
-1.050000E+00,  2.750000E+00, -1.000000E+01,  4.705600E+00, -1.069000E-01, -1.020500E+00, -2.636400E+00
-1.050000E+00,  2.800000E+00,  1.000000E+01,  4.719800E+00, -1.065800E-01, -1.021600E+00, -2.637000E+00
-1.050000E+00,  2.850000E+00,  1.000000E+01,  4.735500E+00, -1.062600E-01, -1.022700E+00, -2.637600E+00
-1.050000E+00,  2.900000E+00,  1.000000E+01,  4.754200E+00, -1.059400E-01, -1.023800E+00, -2.638100E+00
-1.050000E+00,  2.950000E+00,  1.000000E+01,  4.780500E+00, -1.056200E-01, -1.024900E+00, -2.638700E+00
-1.050000E+00,  3.000000E+00,  1.000000E+01,  4.802700E+00, -1.053000E-01, -1.026000E+00, -2.639300E+00
-1.050000E+00,  3.050000E+00,  1.000000E+01,  4.828900E+00, -1.049800E-01, -1.027100E+00, -2.639900E+00
-1.050000E+00,  3.100000E+00,  1.000000E+01,  4.859100E+00, -1.046600E-01, -1.028200E+00, -2.640400E+00
-1.050000E+00,  3.150000E+00,  1.000000E+01,  4.902600E+00, -1.043300E-01, -1.029400E+00, -2.641000E+00
-1.050000E+00,  3.200000E+00,  1.000000E+01,  4.942500E+00, -1.040100E-01, -1.030500E+00, -2.641600E+00
-1.050000E+00,  3.250000E+00,  1.000000E+01,  4.990000E+00, -1.036900E-01, -1.031600E+00, -2.642100E+00
-1.050000E+00,  3.300000E+00,  1.000000E+01,  5.049100E+00, -1.033700E-01, -1.032700E+00, -2.642700E+00
-1.050000E+00,  3.350000E+00,  1.000000E+01,  5.112200E+00, -1.030500E-01, -1.033800E+00, -2.643300E+00
-1.050000E+00,  3.400000E+00,  1.000000E+01,  5.242200E+00, -1.027300E-01, -1.034900E+00, -2.643800E+00
-1.050000E+00,  3.450000E+00,  1.000000E+01,  5.359900E+00, -1.024100E-01, -1.036000E+00, -2.644400E+00
-1.050000E+00,  3.500000E+00,  1.000000E+01,  5.610100E+00, -1.020900E-01, -1.037100E+00, -2.645000E+00
-1.050000E+00,  3.550000E+00,  1.000000E+01,  5.925300E+00, -1.017700E-01, -1.038200E+00, -2.645600E+00
-1.050000E+00,  3.600000E+00,  1.000000E+01,  2.259500E-01, -1.014500E-01, -1.039300E+00, -2.646100E+00
-1.050000E+00,  3.650000E+00, -1.000000E+01,  3.624400E+00, -1.011300E-01, -1.040400E+00, -2.646700E+00
-1.050000E+00,  3.700000E+00, -1.000000E+01,  4.673700E+00, -1.008100E-01, -1.041500E+00, -2.647300E+00
-1.050000E+00,  3.750000E+00, -1.000000E+01,  2.032700E+00, -1.004900E-01, -1.042600E+00, -2.647800E+00
-1.050000E+00,  3.800000E+00, -1.000000E+01,  3.248500E+00, -1.001600E-01, -1.043700E+00, -2.648400E+00
-1.050000E+00,  3.850000E+00, -1.000000E+01,  3.752000E+00, -9.984400E-02, -1.044800E+00, -2.649000E+00
-1.050000E+00,  3.900000E+00, -1.000000E+01,  4.039800E+00, -9.952300E-02, -1.045900E+00, -2.649600E+00
-1.050000E+00,  3.950000E+00, -1.000000E+01,  4.200600E+00, -9.920200E-02, -1.047000E+00, -2.650100E+00
-1.050000E+00,  4.000000E+00, -1.000000E+01,  4.296000E+00, -9.888100E-02, -1.048100E+00, -2.650700E+00
-1.050000E+00,  4.050000E+00, -1.000000E+01,  4.382800E+00, -9.856100E-02, -1.049300E+00, -2.651300E+00
-1.050000E+00,  4.100000E+00, -1.000000E+01,  4.444400E+00, -9.824000E-02, -1.050400E+00, -2.651800E+00
-1.050000E+00,  4.150000E+00, -1.000000E+01,  4.493900E+00, -9.791900E-02, -1.051500E+00, -2.652400E+00
-1.050000E+00,  4.200000E+00, -1.000000E+01,  4.549700E+00, -9.759800E-02, -1.052600E+00, -2.653000E+00
-1.050000E+00,  4.250000E+00, -1.000000E+01,  4.591400E+00, -9.727700E-02, -1.053700E+00, -2.653600E+00
-1.050000E+00,  4.300000E+00, -1.000000E+01,  4.625600E+00, -9.695700E-02, -1.054800E+00, -2.654100E+00
-1.050000E+00,  4.350000E+00, -1.000000E+01,  4.656100E+00, -9.663600E-02, -1.055900E+00, -2.654700E+00
-1.050000E+00,  4.400000E+00, -1.000000E+01,  4.684700E+00, -9.631500E-02, -1.057000E+00, -2.655300E+00
-1.050000E+00,  4.450000E+00, -1.000000E+01,  4.709000E+00, -9.599400E-02, -1.058100E+00, -2.655800E+00
-1.050000E+00,  4.500000E+00,  1.000000E+01,  4.736300E+00, -9.567300E-02, -1.059200E+00, -2.656400E+00
-1.050000E+00,  4.550000E+00,  1.000000E+01,  4.760200E+00, -9.535300E-02, -1.060300E+00, -2.657000E+00
-1.050000E+00,  4.600000E+00,  1.000000E+01,  4.780400E+00, -9.503200E-02, -1.061400E+00, -2.657600E+00
-1.050000E+00,  4.650000E+00,  1.000000E+01,  4.799600E+00, -9.471100E-02, -1.062500E+00, -2.658100E+00
-1.050000E+00,  4.700000E+00,  1.000000E+01,  4.816400E+00, -9.439000E-02, -1.063600E+00, -2.658700E+00
-1.050000E+00,  4.750000E+00,  1.000000E+01,  4.835200E+00, -9.407000E-02, -1.064700E+00, -2.659300E+00
-1.050000E+00,  4.800000E+00,  1.000000E+01,  4.850700E+00, -9.374900E-02, -1.065800E+00, -2.659800E+00
-1.050000E+00,  4.850000E+00,  1.000000E+01,  4.865500E+00, -9.342800E-02, -1.066900E+00, -2.660400E+00
-1.050000E+00,  4.900000E+00,  1.000000E+01,  4.877900E+00, -9.310700E-02, -1.068000E+00, -2.661000E+00
-1.050000E+00,  4.950000E+00,  1.000000E+01,  4.889700E+00, -9.278600E-02, -1.069200E+00, -2.661600E+00
-1.050000E+00,  5.000000E+00,  1.000000E+01,  4.900700E+00, -9.246600E-02, -1.070300E+00, -2.662100E+00
-1.050000E+00,  5.050000E+00,  1.000000E+01,  4.909700E+00, -9.214500E-02, -1.071400E+00, -2.662700E+00
-1.050000E+00,  5.100000E+00,  1.000000E+01,  4.917700E+00, -9.182400E-02, -1.072500E+00, -2.663300E+00
-1.050000E+00,  5.150000E+00,  1.000000E+01,  4.923300E+00, -9.150300E-02, -1.073600E+00, -2.663800E+00
-1.050000E+00,  5.200000E+00,  1.000000E+01,  4.925200E+00, -9.118200E-02, -1.074700E+00, -2.664400E+00
-1.050000E+00,  5.250000E+00,  1.000000E+01,  4.926100E+00, -9.086200E-02, -1.075800E+00, -2.665000E+00
-1.050000E+00,  5.300000E+00,  1.000000E+01,  4.920400E+00, -9.054100E-02, -1.076900E+00, -2.665600E+00
-1.050000E+00,  5.350000E+00,  1.000000E+01,  4.913000E+00, -9.022000E-02, -1.078000E+00, -2.666100E+00
-1.050000E+00,  5.400000E+00,  1.000000E+01,  4.893900E+00, -8.989900E-02, -1.079100E+00, -2.666700E+00
-1.050000E+00,  5.450000E+00,  1.000000E+01,  4.872700E+00, -8.957900E-02, -1.080200E+00, -2.667300E+00
-1.050000E+00,  5.500000E+00,  1.000000E+01,  4.827700E+00, -8.925800E-02, -1.081300E+00, -2.667800E+00
-1.000000E+00,  2.300000E+00, -1.000000E+01,  4.637300E+00, -8.893700E-02, -1.082400E+00, -2.668400E+00
-1.000000E+00,  2.350000E+00, -1.000000E+01,  4.635900E+00, -8.861600E-02, -1.083500E+00, -2.669000E+00
-1.000000E+00,  2.400000E+00, -1.000000E+01,  4.633500E+00, -8.829500E-02, -1.084600E+00, -2.669600E+00
-1.000000E+00,  2.450000E+00, -1.000000E+01,  4.637700E+00, -8.797500E-02, -1.085700E+00, -2.670100E+00
-1.000000E+00,  2.500000E+00, -1.000000E+01,  4.638300E+00, -8.765400E-02, -1.086800E+00, -2.670700E+00
-1.000000E+00,  2.550000E+00, -1.000000E+01,  4.644000E+00, -8.733300E-02, -1.087900E+00, -2.671300E+00
-1.000000E+00,  2.600000E+00, -1.000000E+01,  4.652000E+00, -8.701200E-02, -1.089100E+00, -2.671800E+00
-1.000000E+00,  2.650000E+00, -1.000000E+01,  4.659900E+00, -8.669100E-02, -1.090200E+00, -2.672400E+00
-1.000000E+00,  2.700000E+00, -1.000000E+01,  4.671500E+00, -8.637100E-02, -1.091300E+00, -2.673000E+00
-1.000000E+00,  2.750000E+00, -1.000000E+01,  4.683600E+00, -8.605000E-02, -1.092400E+00, -2.673600E+00
-1.000000E+00,  2.800000E+00, -1.000000E+01,  4.700600E+00, -8.572900E-02, -1.093500E+00, -2.674100E+00
-1.000000E+00,  2.850000E+00,  1.000000E+01,  4.717600E+00, -8.540800E-02, -1.094600E+00, -2.674700E+00
-1.000000E+00,  2.900000E+00,  1.000000E+01,  4.735300E+00, -8.508800E-02, -1.095700E+00, -2.675300E+00
-1.000000E+00,  2.950000E+00,  1.000000E+01,  4.757300E+00, -8.476700E-02, -1.096800E+00, -2.675800E+00
-1.000000E+00,  3.000000E+00,  1.000000E+01,  4.787200E+00, -8.444600E-02, -1.097900E+00, -2.676400E+00
-1.000000E+00,  3.050000E+00,  1.000000E+01,  4.811700E+00, -8.412500E-02, -1.099000E+00, -2.677000E+00
-1.000000E+00,  3.100000E+00,  1.000000E+01,  4.842800E+00, -8.380400E-02, -1.100100E+00, -2.677600E+00
-1.000000E+00,  3.150000E+00,  1.000000E+01,  4.875800E+00, -8.348400E-02, -1.101200E+00, -2.678100E+00
-1.000000E+00,  3.200000E+00,  1.000000E+01,  4.929000E+00, -8.316300E-02, -1.102300E+00, -2.678700E+00
-1.000000E+00,  3.250000E+00,  1.000000E+01,  4.971900E+00, -8.284200E-02, -1.103400E+00, -2.679300E+00
-1.000000E+00,  3.300000E+00,  1.000000E+01,  5.036300E+00, -8.252100E-02, -1.104500E+00, -2.679800E+00
-1.000000E+00,  3.350000E+00,  1.000000E+01,  5.099100E+00, -8.220000E-02, -1.105600E+00, -2.680400E+00
-1.000000E+00,  3.400000E+00,  1.000000E+01,  5.229200E+00, -8.188000E-02, -1.106700E+00, -2.681000E+00
-1.000000E+00,  3.450000E+00,  1.000000E+01,  5.346600E+00, -8.155900E-02, -1.107900E+00, -2.681600E+00
-1.000000E+00,  3.500000E+00,  1.000000E+01,  5.575400E+00, -8.123800E-02, -1.109000E+00, -2.682100E+00
-1.000000E+00,  3.550000E+00,  1.000000E+01,  5.914500E+00, -8.091700E-02, -1.110100E+00, -2.682700E+00
-1.000000E+00,  3.600000E+00,  1.000000E+01,  2.354000E-01, -8.059700E-02, -1.111200E+00, -2.683300E+00
-1.000000E+00,  3.650000E+00, -1.000000E+01,  4.055500E+00, -8.027600E-02, -1.112300E+00, -2.683800E+00
-1.000000E+00,  3.700000E+00, -1.000000E+01,  2.548500E+00, -7.995500E-02, -1.113400E+00, -2.684400E+00
-1.000000E+00,  3.750000E+00, -1.000000E+01,  2.179700E+00, -7.963400E-02, -1.114500E+00, -2.685000E+00
-1.000000E+00,  3.800000E+00, -1.000000E+01,  3.400300E+00, -7.931300E-02, -1.115600E+00, -2.685600E+00
-1.000000E+00,  3.850000E+00, -1.000000E+01,  3.787000E+00, -7.899300E-02, -1.116700E+00, -2.686100E+00
-1.000000E+00,  3.900000E+00, -1.000000E+01,  4.101100E+00, -7.867200E-02, -1.117800E+00, -2.686700E+00
-1.000000E+00,  3.950000E+00, -1.000000E+01,  4.223900E+00, -7.835100E-02, -1.118900E+00, -2.687300E+00
-1.000000E+00,  4.000000E+00, -1.000000E+01,  4.323200E+00, -7.803000E-02, -1.120000E+00, -2.687800E+00
-1.000000E+00,  4.050000E+00, -1.000000E+01,  4.403800E+00, -7.771000E-02, -1.121100E+00, -2.688400E+00
-1.000000E+00,  4.100000E+00, -1.000000E+01,  4.460900E+00, -7.738900E-02, -1.122200E+00, -2.689000E+00
-1.000000E+00,  4.150000E+00, -1.000000E+01,  4.531100E+00, -7.706800E-02, -1.123300E+00, -2.689600E+00
-1.000000E+00,  4.200000E+00, -1.000000E+01,  4.571400E+00, -7.674700E-02, -1.124400E+00, -2.690100E+00
-1.000000E+00,  4.250000E+00, -1.000000E+01,  4.609500E+00, -7.642600E-02, -1.125500E+00, -2.690700E+00
-1.000000E+00,  4.300000E+00, -1.000000E+01,  4.642400E+00, -7.610600E-02, -1.126600E+00, -2.691300E+00
-1.000000E+00,  4.350000E+00, -1.000000E+01,  4.673800E+00, -7.578500E-02, -1.127800E+00, -2.691800E+00
-1.000000E+00,  4.400000E+00, -1.000000E+01,  4.705400E+00, -7.546400E-02, -1.128900E+00, -2.692400E+00
-1.000000E+00,  4.450000E+00,  1.000000E+01,  4.732200E+00, -7.514300E-02, -1.130000E+00, -2.693000E+00
-1.000000E+00,  4.500000E+00,  1.000000E+01,  4.757100E+00, -7.482200E-02, -1.131100E+00, -2.693600E+00
-1.000000E+00,  4.550000E+00,  1.000000E+01,  4.778500E+00, -7.450200E-02, -1.132200E+00, -2.694100E+00
-1.000000E+00,  4.600000E+00,  1.000000E+01,  4.798000E+00, -7.418100E-02, -1.133300E+00, -2.694700E+00
-1.000000E+00,  4.650000E+00,  1.000000E+01,  4.820000E+00, -7.386000E-02, -1.134400E+00, -2.695300E+00
-1.000000E+00,  4.700000E+00,  1.000000E+01,  4.838300E+00, -7.353900E-02, -1.135500E+00, -2.695800E+00
-1.000000E+00,  4.750000E+00,  1.000000E+01,  4.855300E+00, -7.321900E-02, -1.136600E+00, -2.696400E+00
-1.000000E+00,  4.800000E+00,  1.000000E+01,  4.870500E+00, -7.289800E-02, -1.137700E+00, -2.697000E+00
-1.000000E+00,  4.850000E+00,  1.000000E+01,  4.884300E+00, -7.257700E-02, -1.138800E+00, -2.697600E+00
-1.000000E+00,  4.900000E+00,  1.000000E+01,  4.898500E+00, -7.225600E-02, -1.139900E+00, -2.698100E+00
-1.000000E+00,  4.950000E+00,  1.000000E+01,  4.910600E+00, -7.193500E-02, -1.141000E+00, -2.698700E+00
-1.000000E+00,  5.000000E+00,  1.000000E+01,  4.921300E+00, -7.161500E-02, -1.142100E+00, -2.699300E+00
-1.000000E+00,  5.050000E+00,  1.000000E+01,  4.930400E+00, -7.129400E-02, -1.143200E+00, -2.699800E+00
-1.000000E+00,  5.100000E+00,  1.000000E+01,  4.937500E+00, -7.097300E-02, -1.144300E+00, -2.700400E+00
-1.000000E+00,  5.150000E+00,  1.000000E+01,  4.943200E+00, -7.065200E-02, -1.145400E+00, -2.701000E+00
-1.000000E+00,  5.200000E+00,  1.000000E+01,  4.946700E+00, -7.033100E-02, -1.146500E+00, -2.701600E+00
-1.000000E+00,  5.250000E+00,  1.000000E+01,  4.944800E+00, -7.001100E-02, -1.147700E+00, -2.702100E+00
-1.000000E+00,  5.300000E+00,  1.000000E+01,  4.940700E+00, -6.969000E-02, -1.148800E+00, -2.702700E+00
-1.000000E+00,  5.350000E+00,  1.000000E+01,  4.928300E+00, -6.936900E-02, -1.149900E+00, -2.703300E+00
-1.000000E+00,  5.400000E+00,  1.000000E+01,  4.916700E+00, -6.904800E-02, -1.151000E+00, -2.703800E+00
-1.000000E+00,  5.450000E+00,  1.000000E+01,  4.885100E+00, -6.872800E-02, -1.152100E+00, -2.704400E+00
-1.000000E+00,  5.500000E+00,  1.000000E+01,  4.827400E+00, -6.840700E-02, -1.153200E+00, -2.705000E+00
-9.500000E-01,  2.300000E+00, -1.000000E+01,  4.606200E+00, -6.808600E-02, -1.154300E+00, -2.705500E+00
-9.500000E-01,  2.350000E+00, -1.000000E+01,  4.605300E+00, -6.776500E-02, -1.155400E+00, -2.706100E+00
-9.500000E-01,  2.400000E+00, -1.000000E+01,  4.608900E+00, -6.744400E-02, -1.156500E+00, -2.706700E+00
-9.500000E-01,  2.450000E+00, -1.000000E+01,  4.607600E+00, -6.712400E-02, -1.157600E+00, -2.707300E+00
-9.500000E-01,  2.500000E+00, -1.000000E+01,  4.613900E+00, -6.680300E-02, -1.158700E+00, -2.707800E+00
-9.500000E-01,  2.550000E+00, -1.000000E+01,  4.619300E+00, -6.648200E-02, -1.159800E+00, -2.708400E+00
-9.500000E-01,  2.600000E+00, -1.000000E+01,  4.626300E+00, -6.616100E-02, -1.160900E+00, -2.709000E+00
-9.500000E-01,  2.650000E+00, -1.000000E+01,  4.636600E+00, -6.584000E-02, -1.162000E+00, -2.709500E+00
-9.500000E-01,  2.700000E+00, -1.000000E+01,  4.648300E+00, -6.552000E-02, -1.163100E+00, -2.710100E+00
-9.500000E-01,  2.750000E+00, -1.000000E+01,  4.661700E+00, -6.519900E-02, -1.164200E+00, -2.710700E+00
-9.500000E-01,  2.800000E+00, -1.000000E+01,  4.676900E+00, -6.487800E-02, -1.165300E+00, -2.711300E+00
-9.500000E-01,  2.850000E+00, -1.000000E+01,  4.697700E+00, -6.455700E-02, -1.166400E+00, -2.711800E+00
-9.500000E-01,  2.900000E+00,  1.000000E+01,  4.716200E+00, -6.423700E-02, -1.167600E+00, -2.712400E+00
-9.500000E-01,  2.950000E+00,  1.000000E+01,  4.736300E+00, -6.391600E-02, -1.168700E+00, -2.713000E+00
-9.500000E-01,  3.000000E+00,  1.000000E+01,  4.760900E+00, -6.359500E-02, -1.169800E+00, -2.713500E+00
-9.500000E-01,  3.050000E+00,  1.000000E+01,  4.795000E+00, -6.327400E-02, -1.170900E+00, -2.714100E+00
-9.500000E-01,  3.100000E+00,  1.000000E+01,  4.822700E+00, -6.295300E-02, -1.172000E+00, -2.714700E+00
-9.500000E-01,  3.150000E+00,  1.000000E+01,  4.860100E+00, -6.263300E-02, -1.173100E+00, -2.715300E+00
-9.500000E-01,  3.200000E+00,  1.000000E+01,  4.895300E+00, -6.231200E-02, -1.174200E+00, -2.715800E+00
-9.500000E-01,  3.250000E+00,  1.000000E+01,  4.956800E+00, -6.199100E-02, -1.175300E+00, -2.716400E+00
-9.500000E-01,  3.300000E+00,  1.000000E+01,  5.006700E+00, -6.167000E-02, -1.176400E+00, -2.717000E+00
-9.500000E-01,  3.350000E+00,  1.000000E+01,  5.084200E+00, -6.134900E-02, -1.177500E+00, -2.717500E+00
-9.500000E-01,  3.400000E+00,  1.000000E+01,  5.167300E+00, -6.102900E-02, -1.178600E+00, -2.718100E+00
-9.500000E-01,  3.450000E+00,  1.000000E+01,  5.331700E+00, -6.070800E-02, -1.179700E+00, -2.718700E+00
-9.500000E-01,  3.500000E+00,  1.000000E+01,  5.529200E+00, -6.038700E-02, -1.180800E+00, -2.719300E+00
-9.500000E-01,  3.550000E+00,  1.000000E+01,  5.902100E+00, -6.006600E-02, -1.181900E+00, -2.719800E+00
-9.500000E-01,  3.600000E+00,  1.000000E+01,  2.520700E-01, -5.974600E-02, -1.183000E+00, -2.720400E+00
-9.500000E-01,  3.650000E+00, -1.000000E+01,  4.276400E+00, -5.942500E-02, -1.184100E+00, -2.721000E+00
-9.500000E-01,  3.700000E+00,  1.000000E+01,  5.866000E+00, -5.910400E-02, -1.185200E+00, -2.721500E+00
-9.500000E-01,  3.750000E+00, -1.000000E+01,  2.336100E+00, -5.878300E-02, -1.186300E+00, -2.722100E+00
-9.500000E-01,  3.800000E+00, -1.000000E+01,  3.459700E+00, -5.846200E-02, -1.187500E+00, -2.722700E+00
-9.500000E-01,  3.850000E+00, -1.000000E+01,  3.910300E+00, -5.814200E-02, -1.188600E+00, -2.723300E+00
-9.500000E-01,  3.900000E+00, -1.000000E+01,  4.127900E+00, -5.782100E-02, -1.189700E+00, -2.723800E+00
-9.500000E-01,  3.950000E+00, -1.000000E+01,  4.247000E+00, -5.750000E-02, -1.190800E+00, -2.724400E+00
-9.500000E-01,  4.000000E+00, -1.000000E+01,  4.355700E+00, -5.717900E-02, -1.191900E+00, -2.725000E+00
-9.500000E-01,  4.050000E+00, -1.000000E+01,  4.426500E+00, -5.685800E-02, -1.193000E+00, -2.725500E+00
-9.500000E-01,  4.100000E+00, -1.000000E+01,  4.496700E+00, -5.653800E-02, -1.194100E+00, -2.726100E+00
-9.500000E-01,  4.150000E+00, -1.000000E+01,  4.549600E+00, -5.621700E-02, -1.195200E+00, -2.726700E+00
-9.500000E-01,  4.200000E+00, -1.000000E+01,  4.591700E+00, -5.589600E-02, -1.196300E+00, -2.727300E+00
-9.500000E-01,  4.250000E+00, -1.000000E+01,  4.631000E+00, -5.557500E-02, -1.197400E+00, -2.727800E+00
-9.500000E-01,  4.300000E+00, -1.000000E+01,  4.662100E+00, -5.525500E-02, -1.198500E+00, -2.728400E+00
-9.500000E-01,  4.350000E+00, -1.000000E+01,  4.697100E+00, -5.493400E-02, -1.199600E+00, -2.729000E+00
-9.500000E-01,  4.400000E+00,  1.000000E+01,  4.728700E+00, -5.461300E-02, -1.200700E+00, -2.729500E+00
-9.500000E-01,  4.450000E+00,  1.000000E+01,  4.753600E+00, -5.429200E-02, -1.201800E+00, -2.730100E+00
-9.500000E-01,  4.500000E+00,  1.000000E+01,  4.775700E+00, -5.397100E-02, -1.202900E+00, -2.730700E+00
-9.500000E-01,  4.550000E+00,  1.000000E+01,  4.798000E+00, -5.365100E-02, -1.204000E+00, -2.731300E+00
-9.500000E-01,  4.600000E+00,  1.000000E+01,  4.820500E+00, -5.333000E-02, -1.205100E+00, -2.731800E+00
-9.500000E-01,  4.650000E+00,  1.000000E+01,  4.841000E+00, -5.300900E-02, -1.206300E+00, -2.732400E+00
-9.500000E-01,  4.700000E+00,  1.000000E+01,  4.859400E+00, -5.268800E-02, -1.207400E+00, -2.733000E+00
-9.500000E-01,  4.750000E+00,  1.000000E+01,  4.875600E+00, -5.236800E-02, -1.208500E+00, -2.733500E+00
-9.500000E-01,  4.800000E+00,  1.000000E+01,  4.892500E+00, -5.204700E-02, -1.209600E+00, -2.734100E+00
-9.500000E-01,  4.850000E+00,  1.000000E+01,  4.907700E+00, -5.172600E-02, -1.210700E+00, -2.734700E+00
-9.500000E-01,  4.900000E+00,  1.000000E+01,  4.920800E+00, -5.140500E-02, -1.211800E+00, -2.735300E+00
-9.500000E-01,  4.950000E+00,  1.000000E+01,  4.932500E+00, -5.108400E-02, -1.212900E+00, -2.735800E+00
-9.500000E-01,  5.000000E+00,  1.000000E+01,  4.943500E+00, -5.076400E-02, -1.214000E+00, -2.736400E+00
-9.500000E-01,  5.050000E+00,  1.000000E+01,  4.953000E+00, -5.044300E-02, -1.215100E+00, -2.737000E+00
-9.500000E-01,  5.100000E+00,  1.000000E+01,  4.959800E+00, -5.012200E-02, -1.216200E+00, -2.737500E+00
-9.500000E-01,  5.150000E+00,  1.000000E+01,  4.964300E+00, -4.980100E-02, -1.217300E+00, -2.738100E+00
-9.500000E-01,  5.200000E+00,  1.000000E+01,  4.967400E+00, -4.948000E-02, -1.218400E+00, -2.738700E+00
-9.500000E-01,  5.250000E+00,  1.000000E+01,  4.964800E+00, -4.916000E-02, -1.219500E+00, -2.739300E+00
-9.500000E-01,  5.300000E+00,  1.000000E+01,  4.960100E+00, -4.883900E-02, -1.220600E+00, -2.739800E+00
-9.500000E-01,  5.350000E+00,  1.000000E+01,  4.945600E+00, -4.851800E-02, -1.221700E+00, -2.740400E+00
-9.500000E-01,  5.400000E+00,  1.000000E+01,  4.929700E+00, -4.819700E-02, -1.222800E+00, -2.741000E+00
-9.500000E-01,  5.450000E+00,  1.000000E+01,  4.892500E+00, -4.787700E-02, -1.223900E+00, -2.741500E+00
-9.500000E-01,  5.500000E+00,  1.000000E+01,  4.835700E+00, -4.755600E-02, -1.225000E+00, -2.742100E+00
-9.000000E-01,  2.300000E+00, -1.000000E+01,  4.572000E+00, -4.723500E-02, -1.226200E+00, -2.742700E+00
-9.000000E-01,  2.350000E+00, -1.000000E+01,  4.572100E+00, -4.691400E-02, -1.227300E+00, -2.743300E+00
-9.000000E-01,  2.400000E+00, -1.000000E+01,  4.574000E+00, -4.659300E-02, -1.228400E+00, -2.743800E+00
-9.000000E-01,  2.450000E+00, -1.000000E+01,  4.579900E+00, -4.627300E-02, -1.229500E+00, -2.744400E+00
-9.000000E-01,  2.500000E+00, -1.000000E+01,  4.582500E+00, -4.595200E-02, -1.230600E+00, -2.745000E+00
-9.000000E-01,  2.550000E+00, -1.000000E+01,  4.590800E+00, -4.563100E-02, -1.231700E+00, -2.745500E+00
-9.000000E-01,  2.600000E+00, -1.000000E+01,  4.598800E+00, -4.531000E-02, -1.232800E+00, -2.746100E+00
-9.000000E-01,  2.650000E+00, -1.000000E+01,  4.609400E+00, -4.498900E-02, -1.233900E+00, -2.746700E+00
-9.000000E-01,  2.700000E+00, -1.000000E+01,  4.622100E+00, -4.466900E-02, -1.235000E+00, -2.747300E+00
-9.000000E-01,  2.750000E+00, -1.000000E+01,  4.637300E+00, -4.434800E-02, -1.236100E+00, -2.747800E+00
-9.000000E-01,  2.800000E+00, -1.000000E+01,  4.653000E+00, -4.402700E-02, -1.237200E+00, -2.748400E+00
-9.000000E-01,  2.850000E+00, -1.000000E+01,  4.670700E+00, -4.370600E-02, -1.238300E+00, -2.749000E+00
-9.000000E-01,  2.900000E+00, -1.000000E+01,  4.694600E+00, -4.338600E-02, -1.239400E+00, -2.749500E+00
-9.000000E-01,  2.950000E+00,  1.000000E+01,  4.715500E+00, -4.306500E-02, -1.240500E+00, -2.750100E+00
-9.000000E-01,  3.000000E+00,  1.000000E+01,  4.739800E+00, -4.274400E-02, -1.241600E+00, -2.750700E+00
-9.000000E-01,  3.050000E+00,  1.000000E+01,  4.766100E+00, -4.242300E-02, -1.242700E+00, -2.751300E+00
-9.000000E-01,  3.100000E+00,  1.000000E+01,  4.804000E+00, -4.210200E-02, -1.243800E+00, -2.751800E+00
-9.000000E-01,  3.150000E+00,  1.000000E+01,  4.835300E+00, -4.178200E-02, -1.244900E+00, -2.752400E+00
-9.000000E-01,  3.200000E+00,  1.000000E+01,  4.877900E+00, -4.146100E-02, -1.246100E+00, -2.753000E+00
-9.000000E-01,  3.250000E+00,  1.000000E+01,  4.939200E+00, -4.114000E-02, -1.247200E+00, -2.753500E+00
-9.000000E-01,  3.300000E+00,  1.000000E+01,  4.989500E+00, -4.081900E-02, -1.248300E+00, -2.754100E+00
-9.000000E-01,  3.350000E+00,  1.000000E+01,  5.067200E+00, -4.049800E-02, -1.249400E+00, -2.754700E+00
-9.000000E-01,  3.400000E+00,  1.000000E+01,  5.145100E+00, -4.017800E-02, -1.250500E+00, -2.755300E+00
-9.000000E-01,  3.450000E+00,  1.000000E+01,  5.313700E+00, -3.985700E-02, -1.251600E+00, -2.755800E+00
-9.000000E-01,  3.500000E+00,  1.000000E+01,  5.478400E+00, -3.953600E-02, -1.252700E+00, -2.756400E+00
-9.000000E-01,  3.550000E+00,  1.000000E+01,  5.888300E+00, -3.921500E-02, -1.253800E+00, -2.757000E+00
-9.000000E-01,  3.600000E+00,  1.000000E+01,  2.797400E-01, -3.889500E-02, -1.254900E+00, -2.757500E+00
-9.000000E-01,  3.650000E+00, -1.000000E+01,  4.567800E+00, -3.857400E-02, -1.256000E+00, -2.758100E+00
-9.000000E-01,  3.700000E+00,  1.000000E+01,  1.544200E+00, -3.825300E-02, -1.257100E+00, -2.758700E+00
-9.000000E-01,  3.750000E+00, -1.000000E+01,  2.502900E+00, -3.793200E-02, -1.258200E+00, -2.759300E+00
-9.000000E-01,  3.800000E+00, -1.000000E+01,  3.526200E+00, -3.761100E-02, -1.259300E+00, -2.759800E+00
-9.000000E-01,  3.850000E+00, -1.000000E+01,  3.996800E+00, -3.729100E-02, -1.260400E+00, -2.760400E+00
-9.000000E-01,  3.900000E+00, -1.000000E+01,  4.161400E+00, -3.697000E-02, -1.261500E+00, -2.761000E+00
-9.000000E-01,  3.950000E+00, -1.000000E+01,  4.283600E+00, -3.664900E-02, -1.262600E+00, -2.761500E+00
-9.000000E-01,  4.000000E+00, -1.000000E+01,  4.383200E+00, -3.632800E-02, -1.263700E+00, -2.762100E+00
-9.000000E-01,  4.050000E+00, -1.000000E+01,  4.465500E+00, -3.600700E-02, -1.264800E+00, -2.762700E+00
-9.000000E-01,  4.100000E+00, -1.000000E+01,  4.525700E+00, -3.568700E-02, -1.266000E+00, -2.763300E+00
-9.000000E-01,  4.150000E+00, -1.000000E+01,  4.572900E+00, -3.536600E-02, -1.267100E+00, -2.763800E+00
-9.000000E-01,  4.200000E+00, -1.000000E+01,  4.616300E+00, -3.504500E-02, -1.268200E+00, -2.764400E+00
-9.000000E-01,  4.250000E+00, -1.000000E+01,  4.650500E+00, -3.472400E-02, -1.269300E+00, -2.765000E+00
-9.000000E-01,  4.300000E+00, -1.000000E+01,  4.693000E+00, -3.440400E-02, -1.270400E+00, -2.765500E+00
-9.000000E-01,  4.350000E+00,  1.000000E+01,  4.722900E+00, -3.408300E-02, -1.271500E+00, -2.766100E+00
-9.000000E-01,  4.400000E+00,  1.000000E+01,  4.749400E+00, -3.376200E-02, -1.272600E+00, -2.766700E+00
-9.000000E-01,  4.450000E+00,  1.000000E+01,  4.774800E+00, -3.344100E-02, -1.273700E+00, -2.767200E+00
-9.000000E-01,  4.500000E+00,  1.000000E+01,  4.801000E+00, -3.312000E-02, -1.274800E+00, -2.767800E+00
-9.000000E-01,  4.550000E+00,  1.000000E+01,  4.824500E+00, -3.280000E-02, -1.275900E+00, -2.768400E+00
-9.000000E-01,  4.600000E+00,  1.000000E+01,  4.845300E+00, -3.247900E-02, -1.277000E+00, -2.769000E+00
-9.000000E-01,  4.650000E+00,  1.000000E+01,  4.863400E+00, -3.215800E-02, -1.278100E+00, -2.769500E+00
-9.000000E-01,  4.700000E+00,  1.000000E+01,  4.883300E+00, -3.183700E-02, -1.279200E+00, -2.770100E+00
-9.000000E-01,  4.750000E+00,  1.000000E+01,  4.901200E+00, -3.151600E-02, -1.280300E+00, -2.770700E+00
-9.000000E-01,  4.800000E+00,  1.000000E+01,  4.916500E+00, -3.119600E-02, -1.281400E+00, -2.771200E+00
-9.000000E-01,  4.850000E+00,  1.000000E+01,  4.930700E+00, -3.087500E-02, -1.282500E+00, -2.771800E+00
-9.000000E-01,  4.900000E+00,  1.000000E+01,  4.944800E+00, -3.055400E-02, -1.283600E+00, -2.772400E+00
-9.000000E-01,  4.950000E+00,  1.000000E+01,  4.957100E+00, -3.023300E-02, -1.284800E+00, -2.773000E+00
-9.000000E-01,  5.000000E+00,  1.000000E+01,  4.967600E+00, -2.991300E-02, -1.285900E+00, -2.773500E+00
-9.000000E-01,  5.050000E+00,  1.000000E+01,  4.976400E+00, -2.959200E-02, -1.287000E+00, -2.774100E+00
-9.000000E-01,  5.100000E+00,  1.000000E+01,  4.983700E+00, -2.927100E-02, -1.288100E+00, -2.774700E+00
-9.000000E-01,  5.150000E+00,  1.000000E+01,  4.988900E+00, -2.895000E-02, -1.289200E+00, -2.775200E+00
-9.000000E-01,  5.200000E+00,  1.000000E+01,  4.989500E+00, -2.862900E-02, -1.290300E+00, -2.775800E+00
-9.000000E-01,  5.250000E+00,  1.000000E+01,  4.989200E+00, -2.830900E-02, -1.291400E+00, -2.776400E+00
-9.000000E-01,  5.300000E+00,  1.000000E+01,  4.981000E+00, -2.798800E-02, -1.292500E+00, -2.777000E+00
-9.000000E-01,  5.350000E+00,  1.000000E+01,  4.969900E+00, -2.766700E-02, -1.293600E+00, -2.777500E+00
-9.000000E-01,  5.400000E+00,  1.000000E+01,  4.942600E+00, -2.734600E-02, -1.294700E+00, -2.778100E+00
-9.000000E-01,  5.450000E+00,  1.000000E+01,  4.901200E+00, -2.702600E-02, -1.295800E+00, -2.778700E+00
-9.000000E-01,  5.500000E+00,  1.000000E+01,  4.837500E+00, -2.670500E-02, -1.296900E+00, -2.779200E+00
-8.500000E-01,  2.300000E+00, -1.000000E+01,  4.530800E+00, -2.638400E-02, -1.298000E+00, -2.779800E+00
-8.500000E-01,  2.350000E+00, -1.000000E+01,  4.535400E+00, -2.606300E-02, -1.299100E+00, -2.780400E+00
-8.500000E-01,  2.400000E+00, -1.000000E+01,  4.538700E+00, -2.574200E-02, -1.300200E+00, -2.781000E+00
-8.500000E-01,  2.450000E+00, -1.000000E+01,  4.543300E+00, -2.542200E-02, -1.301300E+00, -2.781500E+00
-8.500000E-01,  2.500000E+00, -1.000000E+01,  4.550900E+00, -2.510100E-02, -1.302400E+00, -2.782100E+00
-8.500000E-01,  2.550000E+00, -1.000000E+01,  4.557700E+00, -2.478000E-02, -1.303500E+00, -2.782700E+00
-8.500000E-01,  2.600000E+00, -1.000000E+01,  4.568100E+00, -2.445900E-02, -1.304700E+00, -2.783200E+00
-8.500000E-01,  2.650000E+00, -1.000000E+01,  4.579700E+00, -2.413800E-02, -1.305800E+00, -2.783800E+00
-8.500000E-01,  2.700000E+00, -1.000000E+01,  4.593000E+00, -2.381800E-02, -1.306900E+00, -2.784400E+00
-8.500000E-01,  2.750000E+00, -1.000000E+01,  4.607700E+00, -2.349700E-02, -1.308000E+00, -2.785000E+00
-8.500000E-01,  2.800000E+00, -1.000000E+01,  4.626500E+00, -2.317600E-02, -1.309100E+00, -2.785500E+00
-8.500000E-01,  2.850000E+00, -1.000000E+01,  4.644100E+00, -2.285500E-02, -1.310200E+00, -2.786100E+00
-8.500000E-01,  2.900000E+00, -1.000000E+01,  4.665000E+00, -2.253500E-02, -1.311300E+00, -2.786700E+00
-8.500000E-01,  2.950000E+00, -1.000000E+01,  4.691800E+00, -2.221400E-02, -1.312400E+00, -2.787200E+00
-8.500000E-01,  3.000000E+00,  1.000000E+01,  4.715000E+00, -2.189300E-02, -1.313500E+00, -2.787800E+00
-8.500000E-01,  3.050000E+00,  1.000000E+01,  4.743900E+00, -2.157200E-02, -1.314600E+00, -2.788400E+00
-8.500000E-01,  3.100000E+00,  1.000000E+01,  4.772600E+00, -2.125100E-02, -1.315700E+00, -2.789000E+00
-8.500000E-01,  3.150000E+00,  1.000000E+01,  4.814500E+00, -2.093100E-02, -1.316800E+00, -2.789500E+00
-8.500000E-01,  3.200000E+00,  1.000000E+01,  4.857400E+00, -2.061000E-02, -1.317900E+00, -2.790100E+00
-8.500000E-01,  3.250000E+00,  1.000000E+01,  4.898200E+00, -2.028900E-02, -1.319000E+00, -2.790700E+00
-8.500000E-01,  3.300000E+00,  1.000000E+01,  4.969500E+00, -1.996800E-02, -1.320100E+00, -2.791200E+00
-8.500000E-01,  3.350000E+00,  1.000000E+01,  5.036300E+00, -1.964700E-02, -1.321200E+00, -2.791800E+00
-8.500000E-01,  3.400000E+00,  1.000000E+01,  5.125400E+00, -1.932700E-02, -1.322300E+00, -2.792400E+00
-8.500000E-01,  3.450000E+00,  1.000000E+01,  5.243600E+00, -1.900600E-02, -1.323400E+00, -2.793000E+00
-8.500000E-01,  3.500000E+00,  1.000000E+01,  5.458100E+00, -1.868500E-02, -1.324600E+00, -2.793500E+00
-8.500000E-01,  3.550000E+00,  1.000000E+01,  5.872300E+00, -1.836400E-02, -1.325700E+00, -2.794100E+00
-8.500000E-01,  3.600000E+00,  1.000000E+01,  1.123400E-01, -1.804400E-02, -1.326800E+00, -2.794700E+00
-8.500000E-01,  3.650000E+00, -1.000000E+01,  4.428500E+00, -1.772300E-02, -1.327900E+00, -2.795200E+00
-8.500000E-01,  3.700000E+00, -1.000000E+01,  3.367500E+00, -1.740200E-02, -1.329000E+00, -2.795800E+00
-8.500000E-01,  3.750000E+00, -1.000000E+01,  2.720800E+00, -1.708100E-02, -1.330100E+00, -2.796400E+00
-8.500000E-01,  3.800000E+00, -1.000000E+01,  3.602200E+00, -1.676000E-02, -1.331200E+00, -2.797000E+00
-8.500000E-01,  3.850000E+00, -1.000000E+01,  4.045100E+00, -1.644000E-02, -1.332300E+00, -2.797500E+00
-8.500000E-01,  3.900000E+00, -1.000000E+01,  4.196800E+00, -1.611900E-02, -1.333400E+00, -2.798100E+00
-8.500000E-01,  3.950000E+00, -1.000000E+01,  4.327900E+00, -1.579800E-02, -1.334500E+00, -2.798700E+00
-8.500000E-01,  4.000000E+00, -1.000000E+01,  4.410300E+00, -1.547700E-02, -1.335600E+00, -2.799200E+00
-8.500000E-01,  4.050000E+00, -1.000000E+01,  4.498900E+00, -1.515600E-02, -1.336700E+00, -2.799800E+00
-8.500000E-01,  4.100000E+00, -1.000000E+01,  4.549300E+00, -1.483600E-02, -1.337800E+00, -2.800400E+00
-8.500000E-01,  4.150000E+00, -1.000000E+01,  4.601100E+00, -1.451500E-02, -1.338900E+00, -2.801000E+00
-8.500000E-01,  4.200000E+00, -1.000000E+01,  4.638500E+00, -1.419400E-02, -1.340000E+00, -2.801500E+00
-8.500000E-01,  4.250000E+00, -1.000000E+01,  4.685300E+00, -1.387300E-02, -1.341100E+00, -2.802100E+00
-8.500000E-01,  4.300000E+00,  1.000000E+01,  4.717400E+00, -1.355300E-02, -1.342200E+00, -2.802700E+00
-8.500000E-01,  4.350000E+00,  1.000000E+01,  4.747800E+00, -1.323200E-02, -1.343300E+00, -2.803200E+00
-8.500000E-01,  4.400000E+00,  1.000000E+01,  4.773100E+00, -1.291100E-02, -1.344500E+00, -2.803800E+00
-8.500000E-01,  4.450000E+00,  1.000000E+01,  4.801000E+00, -1.259000E-02, -1.345600E+00, -2.804400E+00
-8.500000E-01,  4.500000E+00,  1.000000E+01,  4.827600E+00, -1.226900E-02, -1.346700E+00, -2.805000E+00
-8.500000E-01,  4.550000E+00,  1.000000E+01,  4.848700E+00, -1.194900E-02, -1.347800E+00, -2.805500E+00
-8.500000E-01,  4.600000E+00,  1.000000E+01,  4.868800E+00, -1.162800E-02, -1.348900E+00, -2.806100E+00
-8.500000E-01,  4.650000E+00,  1.000000E+01,  4.890000E+00, -1.130700E-02, -1.350000E+00, -2.806700E+00
-8.500000E-01,  4.700000E+00,  1.000000E+01,  4.910100E+00, -1.098600E-02, -1.351100E+00, -2.807200E+00
-8.500000E-01,  4.750000E+00,  1.000000E+01,  4.926000E+00, -1.066500E-02, -1.352200E+00, -2.807800E+00
-8.500000E-01,  4.800000E+00,  1.000000E+01,  4.942800E+00, -1.034500E-02, -1.353300E+00, -2.808400E+00
-8.500000E-01,  4.850000E+00,  1.000000E+01,  4.957900E+00, -1.002400E-02, -1.354400E+00, -2.809000E+00
-8.500000E-01,  4.900000E+00,  1.000000E+01,  4.970900E+00, -9.703100E-03, -1.355500E+00, -2.809500E+00
-8.500000E-01,  4.950000E+00,  1.000000E+01,  4.983000E+00, -9.382300E-03, -1.356600E+00, -2.810100E+00
-8.500000E-01,  5.000000E+00,  1.000000E+01,  4.993900E+00, -9.061600E-03, -1.357700E+00, -2.810700E+00
-8.500000E-01,  5.050000E+00,  1.000000E+01,  5.003300E+00, -8.740800E-03, -1.358800E+00, -2.811200E+00
-8.500000E-01,  5.100000E+00,  1.000000E+01,  5.009800E+00, -8.420000E-03, -1.359900E+00, -2.811800E+00
-8.500000E-01,  5.150000E+00,  1.000000E+01,  5.014300E+00, -8.099200E-03, -1.361000E+00, -2.812400E+00
-8.500000E-01,  5.200000E+00,  1.000000E+01,  5.015200E+00, -7.778400E-03, -1.362100E+00, -2.813000E+00
-8.500000E-01,  5.250000E+00,  1.000000E+01,  5.011600E+00, -7.457600E-03, -1.363200E+00, -2.813500E+00
-8.500000E-01,  5.300000E+00,  1.000000E+01,  5.001400E+00, -7.136900E-03, -1.364400E+00, -2.814100E+00
-8.500000E-01,  5.350000E+00,  1.000000E+01,  4.988100E+00, -6.816100E-03, -1.365500E+00, -2.814700E+00
-8.500000E-01,  5.400000E+00,  1.000000E+01,  4.958200E+00, -6.495300E-03, -1.366600E+00, -2.815200E+00
-8.500000E-01,  5.450000E+00,  1.000000E+01,  4.910700E+00, -6.174500E-03, -1.367700E+00, -2.815800E+00
-8.500000E-01,  5.500000E+00,  1.000000E+01,  4.840100E+00, -5.853700E-03, -1.368800E+00, -2.816400E+00
-8.000000E-01,  2.300000E+00, -1.000000E+01,  4.490500E+00, -5.532900E-03, -1.369900E+00, -2.817000E+00
-8.000000E-01,  2.350000E+00, -1.000000E+01,  4.492600E+00, -5.212100E-03, -1.371000E+00, -2.817500E+00
-8.000000E-01,  2.400000E+00, -1.000000E+01,  4.499200E+00, -4.891400E-03, -1.372100E+00, -2.818100E+00
-8.000000E-01,  2.450000E+00, -1.000000E+01,  4.505700E+00, -4.570600E-03, -1.373200E+00, -2.818700E+00
-8.000000E-01,  2.500000E+00, -1.000000E+01,  4.512800E+00, -4.249800E-03, -1.374300E+00, -2.819200E+00
-8.000000E-01,  2.550000E+00, -1.000000E+01,  4.523300E+00, -3.929000E-03, -1.375400E+00, -2.819800E+00
-8.000000E-01,  2.600000E+00, -1.000000E+01,  4.533100E+00, -3.608200E-03, -1.376500E+00, -2.820400E+00
-8.000000E-01,  2.650000E+00, -1.000000E+01,  4.545900E+00, -3.287400E-03, -1.377600E+00, -2.821000E+00
-8.000000E-01,  2.700000E+00, -1.000000E+01,  4.560700E+00, -2.966700E-03, -1.378700E+00, -2.821500E+00
-8.000000E-01,  2.750000E+00, -1.000000E+01,  4.576000E+00, -2.645900E-03, -1.379800E+00, -2.822100E+00
-8.000000E-01,  2.800000E+00, -1.000000E+01,  4.593400E+00, -2.325100E-03, -1.380900E+00, -2.822700E+00
-8.000000E-01,  2.850000E+00, -1.000000E+01,  4.615500E+00, -2.004300E-03, -1.382000E+00, -2.823200E+00
-8.000000E-01,  2.900000E+00, -1.000000E+01,  4.634900E+00, -1.683500E-03, -1.383200E+00, -2.823800E+00
-8.000000E-01,  2.950000E+00, -1.000000E+01,  4.658400E+00, -1.362700E-03, -1.384300E+00, -2.824400E+00
-8.000000E-01,  3.000000E+00, -1.000000E+01,  4.688700E+00, -1.041900E-03, -1.385400E+00, -2.825000E+00
-8.000000E-01,  3.050000E+00,  1.000000E+01,  4.714500E+00, -7.211600E-04, -1.386500E+00, -2.825500E+00
-8.000000E-01,  3.100000E+00,  1.000000E+01,  4.746500E+00, -4.003700E-04, -1.387600E+00, -2.826100E+00
-8.000000E-01,  3.150000E+00,  1.000000E+01,  4.790000E+00, -7.959000E-05, -1.388700E+00, -2.826700E+00
-8.000000E-01,  3.200000E+00,  1.000000E+01,  4.825600E+00,  2.411900E-04, -1.389800E+00, -2.827200E+00
-8.000000E-01,  3.250000E+00,  1.000000E+01,  4.874600E+00,  5.619800E-04, -1.390900E+00, -2.827800E+00
-8.000000E-01,  3.300000E+00,  1.000000E+01,  4.928100E+00,  8.827600E-04, -1.392000E+00, -2.828400E+00
-8.000000E-01,  3.350000E+00,  1.000000E+01,  5.005400E+00,  1.203500E-03, -1.393100E+00, -2.828900E+00
-8.000000E-01,  3.400000E+00,  1.000000E+01,  5.101800E+00,  1.524300E-03, -1.394200E+00, -2.829500E+00
-8.000000E-01,  3.450000E+00,  1.000000E+01,  5.219700E+00,  1.845100E-03, -1.395300E+00, -2.830100E+00
-8.000000E-01,  3.500000E+00,  1.000000E+01,  5.433200E+00,  2.165900E-03, -1.396400E+00, -2.830700E+00
-8.000000E-01,  3.550000E+00,  1.000000E+01,  5.854900E+00,  2.486700E-03, -1.397500E+00, -2.831200E+00
-8.000000E-01,  3.600000E+00,  1.000000E+01,  3.807300E-02,  2.807500E-03, -1.398600E+00, -2.831800E+00
-8.000000E-01,  3.650000E+00,  1.000000E+01,  5.191400E+00,  3.128300E-03, -1.399700E+00, -2.832400E+00
-8.000000E-01,  3.700000E+00,  1.000000E+01,  5.009300E+00,  3.449000E-03, -1.400800E+00, -2.832900E+00
-8.000000E-01,  3.750000E+00, -1.000000E+01,  2.914300E+00,  3.769800E-03, -1.401900E+00, -2.833500E+00
-8.000000E-01,  3.800000E+00, -1.000000E+01,  3.689100E+00,  4.090600E-03, -1.403100E+00, -2.834100E+00
-8.000000E-01,  3.850000E+00, -1.000000E+01,  4.098400E+00,  4.411400E-03, -1.404200E+00, -2.834700E+00
-8.000000E-01,  3.900000E+00, -1.000000E+01,  4.249800E+00,  4.732200E-03, -1.405300E+00, -2.835200E+00
-8.000000E-01,  3.950000E+00, -1.000000E+01,  4.367300E+00,  5.053000E-03, -1.406400E+00, -2.835800E+00
-8.000000E-01,  4.000000E+00, -1.000000E+01,  4.460800E+00,  5.373800E-03, -1.407500E+00, -2.836400E+00
-8.000000E-01,  4.050000E+00, -1.000000E+01,  4.528200E+00,  5.694500E-03, -1.408600E+00, -2.836900E+00
-8.000000E-01,  4.100000E+00, -1.000000E+01,  4.586000E+00,  6.015300E-03, -1.409700E+00, -2.837500E+00
-8.000000E-01,  4.150000E+00, -1.000000E+01,  4.629100E+00,  6.336100E-03, -1.410800E+00, -2.838100E+00
-8.000000E-01,  4.200000E+00, -1.000000E+01,  4.678100E+00,  6.656900E-03, -1.411900E+00, -2.838700E+00
-8.000000E-01,  4.250000E+00, -1.000000E+01,  4.710900E+00,  6.977700E-03, -1.413000E+00, -2.839200E+00
-8.000000E-01,  4.300000E+00,  1.000000E+01,  4.745400E+00,  7.298500E-03, -1.414100E+00, -2.839800E+00
-8.000000E-01,  4.350000E+00,  1.000000E+01,  4.772300E+00,  7.619200E-03, -1.415200E+00, -2.840400E+00
-8.000000E-01,  4.400000E+00,  1.000000E+01,  4.805600E+00,  7.940000E-03, -1.416300E+00, -2.840900E+00
-8.000000E-01,  4.450000E+00,  1.000000E+01,  4.831400E+00,  8.260800E-03, -1.417400E+00, -2.841500E+00
-8.000000E-01,  4.500000E+00,  1.000000E+01,  4.854400E+00,  8.581600E-03, -1.418500E+00, -2.842100E+00
-8.000000E-01,  4.550000E+00,  1.000000E+01,  4.877600E+00,  8.902400E-03, -1.419600E+00, -2.842700E+00
-8.000000E-01,  4.600000E+00,  1.000000E+01,  4.899500E+00,  9.223200E-03, -1.420700E+00, -2.843200E+00
-8.000000E-01,  4.650000E+00,  1.000000E+01,  4.918800E+00,  9.544000E-03, -1.421800E+00, -2.843800E+00
-8.000000E-01,  4.700000E+00,  1.000000E+01,  4.936800E+00,  9.864700E-03, -1.423000E+00, -2.844400E+00
-8.000000E-01,  4.750000E+00,  1.000000E+01,  4.955600E+00,  1.018600E-02, -1.424100E+00, -2.844900E+00
-8.000000E-01,  4.800000E+00,  1.000000E+01,  4.971500E+00,  1.050600E-02, -1.425200E+00, -2.845500E+00
-8.000000E-01,  4.850000E+00,  1.000000E+01,  4.985700E+00,  1.082700E-02, -1.426300E+00, -2.846100E+00
-8.000000E-01,  4.900000E+00,  1.000000E+01,  4.999600E+00,  1.114800E-02, -1.427400E+00, -2.846700E+00
-8.000000E-01,  4.950000E+00,  1.000000E+01,  5.012300E+00,  1.146900E-02, -1.428500E+00, -2.847200E+00
-8.000000E-01,  5.000000E+00,  1.000000E+01,  5.022700E+00,  1.178900E-02, -1.429600E+00, -2.847800E+00
-8.000000E-01,  5.050000E+00,  1.000000E+01,  5.031400E+00,  1.211000E-02, -1.430700E+00, -2.848400E+00
-8.000000E-01,  5.100000E+00,  1.000000E+01,  5.038300E+00,  1.243100E-02, -1.431800E+00, -2.848900E+00
-8.000000E-01,  5.150000E+00,  1.000000E+01,  5.041500E+00,  1.275200E-02, -1.432900E+00, -2.849500E+00
-8.000000E-01,  5.200000E+00,  1.000000E+01,  5.043000E+00,  1.307300E-02, -1.434000E+00, -2.850100E+00
-8.000000E-01,  5.250000E+00,  1.000000E+01,  5.038200E+00,  1.339300E-02, -1.435100E+00, -2.850700E+00
-8.000000E-01,  5.300000E+00,  1.000000E+01,  5.030500E+00,  1.371400E-02, -1.436200E+00, -2.851200E+00
-8.000000E-01,  5.350000E+00,  1.000000E+01,  5.008300E+00,  1.403500E-02, -1.437300E+00, -2.851800E+00
-8.000000E-01,  5.400000E+00,  1.000000E+01,  4.975400E+00,  1.435600E-02, -1.438400E+00, -2.852400E+00
-8.000000E-01,  5.450000E+00,  1.000000E+01,  4.922500E+00,  1.467700E-02, -1.439500E+00, -2.852900E+00
-8.000000E-01,  5.500000E+00,  1.000000E+01,  4.845300E+00,  1.499700E-02, -1.440600E+00, -2.853500E+00
-7.500000E-01,  2.300000E+00, -1.000000E+01,  4.442500E+00,  1.531800E-02, -1.441700E+00, -2.854100E+00
-7.500000E-01,  2.350000E+00, -1.000000E+01,  4.448700E+00,  1.563900E-02, -1.442900E+00, -2.854700E+00
-7.500000E-01,  2.400000E+00, -1.000000E+01,  4.453800E+00,  1.596000E-02, -1.444000E+00, -2.855200E+00
-7.500000E-01,  2.450000E+00, -1.000000E+01,  4.462600E+00,  1.628000E-02, -1.445100E+00, -2.855800E+00
-7.500000E-01,  2.500000E+00, -1.000000E+01,  4.471900E+00,  1.660100E-02, -1.446200E+00, -2.856400E+00
-7.500000E-01,  2.550000E+00, -1.000000E+01,  4.481900E+00,  1.692200E-02, -1.447300E+00, -2.856900E+00
-7.500000E-01,  2.600000E+00, -1.000000E+01,  4.494300E+00,  1.724300E-02, -1.448400E+00, -2.857500E+00
-7.500000E-01,  2.650000E+00, -1.000000E+01,  4.507900E+00,  1.756400E-02, -1.449500E+00, -2.858100E+00
-7.500000E-01,  2.700000E+00, -1.000000E+01,  4.522400E+00,  1.788400E-02, -1.450600E+00, -2.858700E+00
-7.500000E-01,  2.750000E+00, -1.000000E+01,  4.540800E+00,  1.820500E-02, -1.451700E+00, -2.859200E+00
-7.500000E-01,  2.800000E+00, -1.000000E+01,  4.558000E+00,  1.852600E-02, -1.452800E+00, -2.859800E+00
-7.500000E-01,  2.850000E+00, -1.000000E+01,  4.578000E+00,  1.884700E-02, -1.453900E+00, -2.860400E+00
-7.500000E-01,  2.900000E+00, -1.000000E+01,  4.602600E+00,  1.916700E-02, -1.455000E+00, -2.860900E+00
-7.500000E-01,  2.950000E+00, -1.000000E+01,  4.624700E+00,  1.948800E-02, -1.456100E+00, -2.861500E+00
-7.500000E-01,  3.000000E+00, -1.000000E+01,  4.650500E+00,  1.980900E-02, -1.457200E+00, -2.862100E+00
-7.500000E-01,  3.050000E+00, -1.000000E+01,  4.684300E+00,  2.013000E-02, -1.458300E+00, -2.862700E+00
-7.500000E-01,  3.100000E+00,  1.000000E+01,  4.717300E+00,  2.045100E-02, -1.459400E+00, -2.863200E+00
-7.500000E-01,  3.150000E+00,  1.000000E+01,  4.748800E+00,  2.077100E-02, -1.460500E+00, -2.863800E+00
-7.500000E-01,  3.200000E+00,  1.000000E+01,  4.797400E+00,  2.109200E-02, -1.461600E+00, -2.864400E+00
-7.500000E-01,  3.250000E+00,  1.000000E+01,  4.846400E+00,  2.141300E-02, -1.462800E+00, -2.864900E+00
-7.500000E-01,  3.300000E+00,  1.000000E+01,  4.893700E+00,  2.173400E-02, -1.463900E+00, -2.865500E+00
-7.500000E-01,  3.350000E+00,  1.000000E+01,  4.977200E+00,  2.205500E-02, -1.465000E+00, -2.866100E+00
-7.500000E-01,  3.400000E+00,  1.000000E+01,  5.073600E+00,  2.237500E-02, -1.466100E+00, -2.866700E+00
-7.500000E-01,  3.450000E+00,  1.000000E+01,  5.173200E+00,  2.269600E-02, -1.467200E+00, -2.867200E+00
-7.500000E-01,  3.500000E+00,  1.000000E+01,  5.404500E+00,  2.301700E-02, -1.468300E+00, -2.867800E+00
-7.500000E-01,  3.550000E+00,  1.000000E+01,  5.785900E+00,  2.333800E-02, -1.469400E+00, -2.868400E+00
-7.500000E-01,  3.600000E+00,  1.000000E+01,  5.274200E-02,  2.365800E-02, -1.470500E+00, -2.868900E+00
-7.500000E-01,  3.650000E+00,  1.000000E+01,  8.883100E-02,  2.397900E-02, -1.471600E+00, -2.869500E+00
-7.500000E-01,  3.700000E+00,  1.000000E+01,  6.091800E+00,  2.430000E-02, -1.472700E+00, -2.870100E+00
-7.500000E-01,  3.750000E+00, -1.000000E+01,  3.126000E+00,  2.462100E-02, -1.473800E+00, -2.870700E+00
-7.500000E-01,  3.800000E+00, -1.000000E+01,  3.896500E+00,  2.494200E-02, -1.474900E+00, -2.871200E+00
-7.500000E-01,  3.850000E+00, -1.000000E+01,  4.157600E+00,  2.526200E-02, -1.476000E+00, -2.871800E+00
-7.500000E-01,  3.900000E+00, -1.000000E+01,  4.297900E+00,  2.558300E-02, -1.477100E+00, -2.872400E+00
-7.500000E-01,  3.950000E+00, -1.000000E+01,  4.408000E+00,  2.590400E-02, -1.478200E+00, -2.872900E+00
-7.500000E-01,  4.000000E+00, -1.000000E+01,  4.507300E+00,  2.622500E-02, -1.479300E+00, -2.873500E+00
-7.500000E-01,  4.050000E+00, -1.000000E+01,  4.566000E+00,  2.654600E-02, -1.480400E+00, -2.874100E+00
-7.500000E-01,  4.100000E+00, -1.000000E+01,  4.619200E+00,  2.686600E-02, -1.481600E+00, -2.874700E+00
-7.500000E-01,  4.150000E+00, -1.000000E+01,  4.668000E+00,  2.718700E-02, -1.482700E+00, -2.875200E+00
-7.500000E-01,  4.200000E+00, -1.000000E+01,  4.707900E+00,  2.750800E-02, -1.483800E+00, -2.875800E+00
-7.500000E-01,  4.250000E+00,  1.000000E+01,  4.745000E+00,  2.782900E-02, -1.484900E+00, -2.876400E+00
-7.500000E-01,  4.300000E+00,  1.000000E+01,  4.773800E+00,  2.814900E-02, -1.486000E+00, -2.876900E+00
-7.500000E-01,  4.350000E+00,  1.000000E+01,  4.809500E+00,  2.847000E-02, -1.487100E+00, -2.877500E+00
-7.500000E-01,  4.400000E+00,  1.000000E+01,  4.836500E+00,  2.879100E-02, -1.488200E+00, -2.878100E+00
-7.500000E-01,  4.450000E+00,  1.000000E+01,  4.860700E+00,  2.911200E-02, -1.489300E+00, -2.878700E+00
-7.500000E-01,  4.500000E+00,  1.000000E+01,  4.886100E+00,  2.943300E-02, -1.490400E+00, -2.879200E+00
-7.500000E-01,  4.550000E+00,  1.000000E+01,  4.909500E+00,  2.975300E-02, -1.491500E+00, -2.879800E+00
-7.500000E-01,  4.600000E+00,  1.000000E+01,  4.929600E+00,  3.007400E-02, -1.492600E+00, -2.880400E+00
-7.500000E-01,  4.650000E+00,  1.000000E+01,  4.950100E+00,  3.039500E-02, -1.493700E+00, -2.880900E+00
-7.500000E-01,  4.700000E+00,  1.000000E+01,  4.969400E+00,  3.071600E-02, -1.494800E+00, -2.881500E+00
-7.500000E-01,  4.750000E+00,  1.000000E+01,  4.986200E+00,  3.103700E-02, -1.495900E+00, -2.882100E+00
-7.500000E-01,  4.800000E+00,  1.000000E+01,  5.003200E+00,  3.135700E-02, -1.497000E+00, -2.882700E+00
-7.500000E-01,  4.850000E+00,  1.000000E+01,  5.018000E+00,  3.167800E-02, -1.498100E+00, -2.883200E+00
-7.500000E-01,  4.900000E+00,  1.000000E+01,  5.031500E+00,  3.199900E-02, -1.499200E+00, -2.883800E+00
-7.500000E-01,  4.950000E+00,  1.000000E+01,  5.043500E+00,  3.232000E-02, -1.500300E+00, -2.884400E+00
-7.500000E-01,  5.000000E+00,  1.000000E+01,  5.054500E+00,  3.264000E-02, -1.501500E+00, -2.884900E+00
-7.500000E-01,  5.050000E+00,  1.000000E+01,  5.063200E+00,  3.296100E-02, -1.502600E+00, -2.885500E+00
-7.500000E-01,  5.100000E+00,  1.000000E+01,  5.069400E+00,  3.328200E-02, -1.503700E+00, -2.886100E+00
-7.500000E-01,  5.150000E+00,  1.000000E+01,  5.074000E+00,  3.360300E-02, -1.504800E+00, -2.886700E+00
-7.500000E-01,  5.200000E+00,  1.000000E+01,  5.073100E+00,  3.392400E-02, -1.505900E+00, -2.887200E+00
-7.500000E-01,  5.250000E+00,  1.000000E+01,  5.065900E+00,  3.424400E-02, -1.507000E+00, -2.887800E+00
-7.500000E-01,  5.300000E+00,  1.000000E+01,  5.056000E+00,  3.456500E-02, -1.508100E+00, -2.888400E+00
-7.500000E-01,  5.350000E+00,  1.000000E+01,  5.031300E+00,  3.488600E-02, -1.509200E+00, -2.888900E+00
-7.500000E-01,  5.400000E+00,  1.000000E+01,  4.994900E+00,  3.520700E-02, -1.510300E+00, -2.889500E+00
-7.500000E-01,  5.450000E+00,  1.000000E+01,  4.937500E+00,  3.552800E-02, -1.511400E+00, -2.890100E+00
-7.500000E-01,  5.500000E+00,  1.000000E+01,  4.849700E+00,  3.584800E-02, -1.512500E+00, -2.890600E+00
-7.000000E-01,  2.300000E+00, -1.000000E+01,  4.390900E+00,  3.616900E-02, -1.513600E+00, -2.891200E+00
-7.000000E-01,  2.350000E+00, -1.000000E+01,  4.396600E+00,  3.649000E-02, -1.514700E+00, -2.891800E+00
-7.000000E-01,  2.400000E+00, -1.000000E+01,  4.405900E+00,  3.681100E-02, -1.515800E+00, -2.892400E+00
-7.000000E-01,  2.450000E+00, -1.000000E+01,  4.414300E+00,  3.713100E-02, -1.516900E+00, -2.892900E+00
-7.000000E-01,  2.500000E+00, -1.000000E+01,  4.425600E+00,  3.745200E-02, -1.518000E+00, -2.893500E+00
-7.000000E-01,  2.550000E+00, -1.000000E+01,  4.437200E+00,  3.777300E-02, -1.519100E+00, -2.894100E+00
-7.000000E-01,  2.600000E+00, -1.000000E+01,  4.450100E+00,  3.809400E-02, -1.520200E+00, -2.894600E+00
-7.000000E-01,  2.650000E+00, -1.000000E+01,  4.464800E+00,  3.841500E-02, -1.521400E+00, -2.895200E+00
-7.000000E-01,  2.700000E+00, -1.000000E+01,  4.480900E+00,  3.873500E-02, -1.522500E+00, -2.895800E+00
-7.000000E-01,  2.750000E+00, -1.000000E+01,  4.498000E+00,  3.905600E-02, -1.523600E+00, -2.896400E+00
-7.000000E-01,  2.800000E+00, -1.000000E+01,  4.519200E+00,  3.937700E-02, -1.524700E+00, -2.896900E+00
-7.000000E-01,  2.850000E+00, -1.000000E+01,  4.538200E+00,  3.969800E-02, -1.525800E+00, -2.897500E+00
-7.000000E-01,  2.900000E+00, -1.000000E+01,  4.560800E+00,  4.001900E-02, -1.526900E+00, -2.898100E+00
-7.000000E-01,  2.950000E+00, -1.000000E+01,  4.588100E+00,  4.033900E-02, -1.528000E+00, -2.898600E+00
-7.000000E-01,  3.000000E+00, -1.000000E+01,  4.614900E+00,  4.066000E-02, -1.529100E+00, -2.899200E+00
-7.000000E-01,  3.050000E+00, -1.000000E+01,  4.641800E+00,  4.098100E-02, -1.530200E+00, -2.899800E+00
-7.000000E-01,  3.100000E+00, -1.000000E+01,  4.678000E+00,  4.130200E-02, -1.531300E+00, -2.900400E+00
-7.000000E-01,  3.150000E+00,  1.000000E+01,  4.714400E+00,  4.162200E-02, -1.532400E+00, -2.900900E+00
-7.000000E-01,  3.200000E+00,  1.000000E+01,  4.752900E+00,  4.194300E-02, -1.533500E+00, -2.901500E+00
-7.000000E-01,  3.250000E+00,  1.000000E+01,  4.803600E+00,  4.226400E-02, -1.534600E+00, -2.902100E+00
-7.000000E-01,  3.300000E+00,  1.000000E+01,  4.860000E+00,  4.258500E-02, -1.535700E+00, -2.902600E+00
-7.000000E-01,  3.350000E+00,  1.000000E+01,  4.942800E+00,  4.290600E-02, -1.536800E+00, -2.903200E+00
-7.000000E-01,  3.400000E+00,  1.000000E+01,  5.022600E+00,  4.322600E-02, -1.537900E+00, -2.903800E+00
-7.000000E-01,  3.450000E+00,  1.000000E+01,  5.139100E+00,  4.354700E-02, -1.539000E+00, -2.904400E+00
-7.000000E-01,  3.500000E+00,  1.000000E+01,  5.369700E+00,  4.386800E-02, -1.540100E+00, -2.904900E+00
-7.000000E-01,  3.550000E+00,  1.000000E+01,  5.752500E+00,  4.418900E-02, -1.541300E+00, -2.905500E+00
-7.000000E-01,  3.600000E+00,  1.000000E+01,  6.138900E+00,  4.450900E-02, -1.542400E+00, -2.906100E+00
-7.000000E-01,  3.650000E+00, -1.000000E+01,  3.273700E+00,  4.483000E-02, -1.543500E+00, -2.906600E+00
-7.000000E-01,  3.700000E+00,  1.000000E+01,  1.368200E+00,  4.515100E-02, -1.544600E+00, -2.907200E+00
-7.000000E-01,  3.750000E+00, -1.000000E+01,  3.468000E+00,  4.547200E-02, -1.545700E+00, -2.907800E+00
-7.000000E-01,  3.800000E+00, -1.000000E+01,  4.052900E+00,  4.579300E-02, -1.546800E+00, -2.908400E+00
-7.000000E-01,  3.850000E+00, -1.000000E+01,  4.241300E+00,  4.611300E-02, -1.547900E+00, -2.908900E+00
-7.000000E-01,  3.900000E+00, -1.000000E+01,  4.374300E+00,  4.643400E-02, -1.549000E+00, -2.909500E+00
-7.000000E-01,  3.950000E+00, -1.000000E+01,  4.477400E+00,  4.675500E-02, -1.550100E+00, -2.910100E+00
-7.000000E-01,  4.000000E+00, -1.000000E+01,  4.549900E+00,  4.707600E-02, -1.551200E+00, -2.910600E+00
-7.000000E-01,  4.050000E+00, -1.000000E+01,  4.611000E+00,  4.739700E-02, -1.552300E+00, -2.911200E+00
-7.000000E-01,  4.100000E+00, -1.000000E+01,  4.665100E+00,  4.771700E-02, -1.553400E+00, -2.911800E+00
-7.000000E-01,  4.150000E+00, -1.000000E+01,  4.708700E+00,  4.803800E-02, -1.554500E+00, -2.912400E+00
-7.000000E-01,  4.200000E+00,  1.000000E+01,  4.748000E+00,  4.835900E-02, -1.555600E+00, -2.912900E+00
-7.000000E-01,  4.250000E+00,  1.000000E+01,  4.780100E+00,  4.868000E-02, -1.556700E+00, -2.913500E+00
-7.000000E-01,  4.300000E+00,  1.000000E+01,  4.816200E+00,  4.900000E-02, -1.557800E+00, -2.914100E+00
-7.000000E-01,  4.350000E+00,  1.000000E+01,  4.844700E+00,  4.932100E-02, -1.558900E+00, -2.914600E+00
-7.000000E-01,  4.400000E+00,  1.000000E+01,  4.870600E+00,  4.964200E-02, -1.560100E+00, -2.915200E+00
-7.000000E-01,  4.450000E+00,  1.000000E+01,  4.899300E+00,  4.996300E-02, -1.561200E+00, -2.915800E+00
-7.000000E-01,  4.500000E+00,  1.000000E+01,  4.922500E+00,  5.028400E-02, -1.562300E+00, -2.916400E+00
-7.000000E-01,  4.550000E+00,  1.000000E+01,  4.943700E+00,  5.060400E-02, -1.563400E+00, -2.916900E+00
-7.000000E-01,  4.600000E+00,  1.000000E+01,  4.965000E+00,  5.092500E-02, -1.564500E+00, -2.917500E+00
-7.000000E-01,  4.650000E+00,  1.000000E+01,  4.986000E+00,  5.124600E-02, -1.565600E+00, -2.918100E+00
-7.000000E-01,  4.700000E+00,  1.000000E+01,  5.003400E+00,  5.156700E-02, -1.566700E+00, -2.918600E+00
-7.000000E-01,  4.750000E+00,  1.000000E+01,  5.021200E+00,  5.188800E-02, -1.567800E+00, -2.919200E+00
-7.000000E-01,  4.800000E+00,  1.000000E+01,  5.037800E+00,  5.220800E-02, -1.568900E+00, -2.919800E+00
-7.000000E-01,  4.850000E+00,  1.000000E+01,  5.052200E+00,  5.252900E-02, -1.570000E+00, -2.920400E+00
-7.000000E-01,  4.900000E+00,  1.000000E+01,  5.066800E+00,  5.285000E-02, -1.571100E+00, -2.920900E+00
-7.000000E-01,  4.950000E+00,  1.000000E+01,  5.078500E+00,  5.317100E-02, -1.572200E+00, -2.921500E+00
-7.000000E-01,  5.000000E+00,  1.000000E+01,  5.089000E+00,  5.349100E-02, -1.573300E+00, -2.922100E+00
-7.000000E-01,  5.050000E+00,  1.000000E+01,  5.097900E+00,  5.381200E-02, -1.574400E+00, -2.922600E+00
-7.000000E-01,  5.100000E+00,  1.000000E+01,  5.104000E+00,  5.413300E-02, -1.575500E+00, -2.923200E+00
-7.000000E-01,  5.150000E+00,  1.000000E+01,  5.107000E+00,  5.445400E-02, -1.576600E+00, -2.923800E+00
-7.000000E-01,  5.200000E+00,  1.000000E+01,  5.105300E+00,  5.477500E-02, -1.577700E+00, -2.924400E+00
-7.000000E-01,  5.250000E+00,  1.000000E+01,  5.100800E+00,  5.509500E-02, -1.578800E+00, -2.924900E+00
-7.000000E-01,  5.300000E+00,  1.000000E+01,  5.087800E+00,  5.541600E-02, -1.580000E+00, -2.925500E+00
-7.000000E-01,  5.350000E+00,  1.000000E+01,  5.061600E+00,  5.573700E-02, -1.581100E+00, -2.926100E+00
-7.000000E-01,  5.400000E+00,  1.000000E+01,  5.018400E+00,  5.605800E-02, -1.582200E+00, -2.926600E+00
-7.000000E-01,  5.450000E+00,  1.000000E+01,  4.955000E+00,  5.637900E-02, -1.583300E+00, -2.927200E+00
-7.000000E-01,  5.500000E+00,  1.000000E+01,  4.862400E+00,  5.669900E-02, -1.584400E+00, -2.927800E+00
-6.500000E-01,  2.300000E+00, -1.000000E+01,  4.333800E+00,  5.702000E-02, -1.585500E+00, -2.928400E+00
-6.500000E-01,  2.350000E+00, -1.000000E+01,  4.342300E+00,  5.734100E-02, -1.586600E+00, -2.928900E+00
-6.500000E-01,  2.400000E+00, -1.000000E+01,  4.351400E+00,  5.766200E-02, -1.587700E+00, -2.929500E+00
-6.500000E-01,  2.450000E+00, -1.000000E+01,  4.362000E+00,  5.798200E-02, -1.588800E+00, -2.930100E+00
-6.500000E-01,  2.500000E+00, -1.000000E+01,  4.373500E+00,  5.830300E-02, -1.589900E+00, -2.930600E+00
-6.500000E-01,  2.550000E+00, -1.000000E+01,  4.386200E+00,  5.862400E-02, -1.591000E+00, -2.931200E+00
-6.500000E-01,  2.600000E+00, -1.000000E+01,  4.400900E+00,  5.894500E-02, -1.592100E+00, -2.931800E+00
-6.500000E-01,  2.650000E+00, -1.000000E+01,  4.415400E+00,  5.926600E-02, -1.593200E+00, -2.932400E+00
-6.500000E-01,  2.700000E+00, -1.000000E+01,  4.432700E+00,  5.958600E-02, -1.594300E+00, -2.932900E+00
-6.500000E-01,  2.750000E+00, -1.000000E+01,  4.451100E+00,  5.990700E-02, -1.595400E+00, -2.933500E+00
-6.500000E-01,  2.800000E+00, -1.000000E+01,  4.470600E+00,  6.022800E-02, -1.596500E+00, -2.934100E+00
-6.500000E-01,  2.850000E+00, -1.000000E+01,  4.493900E+00,  6.054900E-02, -1.597600E+00, -2.934600E+00
-6.500000E-01,  2.900000E+00, -1.000000E+01,  4.516500E+00,  6.087000E-02, -1.598700E+00, -2.935200E+00
-6.500000E-01,  2.950000E+00, -1.000000E+01,  4.539600E+00,  6.119000E-02, -1.599900E+00, -2.935800E+00
-6.500000E-01,  3.000000E+00, -1.000000E+01,  4.569300E+00,  6.151100E-02, -1.601000E+00, -2.936400E+00
-6.500000E-01,  3.050000E+00, -1.000000E+01,  4.598900E+00,  6.183200E-02, -1.602100E+00, -2.936900E+00
-6.500000E-01,  3.100000E+00, -1.000000E+01,  4.635900E+00,  6.215300E-02, -1.603200E+00, -2.937500E+00
-6.500000E-01,  3.150000E+00, -1.000000E+01,  4.669000E+00,  6.247300E-02, -1.604300E+00, -2.938100E+00
-6.500000E-01,  3.200000E+00, -1.000000E+01,  4.707900E+00,  6.279400E-02, -1.605400E+00, -2.938600E+00
-6.500000E-01,  3.250000E+00,  1.000000E+01,  4.762000E+00,  6.311500E-02, -1.606500E+00, -2.939200E+00
-6.500000E-01,  3.300000E+00,  1.000000E+01,  4.818400E+00,  6.343600E-02, -1.607600E+00, -2.939800E+00
-6.500000E-01,  3.350000E+00,  1.000000E+01,  4.876100E+00,  6.375700E-02, -1.608700E+00, -2.940400E+00
-6.500000E-01,  3.400000E+00,  1.000000E+01,  4.971800E+00,  6.407700E-02, -1.609800E+00, -2.940900E+00
-6.500000E-01,  3.450000E+00,  1.000000E+01,  5.097900E+00,  6.439800E-02, -1.610900E+00, -2.941500E+00
-6.500000E-01,  3.500000E+00,  1.000000E+01,  5.264200E+00,  6.471900E-02, -1.612000E+00, -2.942100E+00
-6.500000E-01,  3.550000E+00,  1.000000E+01,  5.521700E+00,  6.504000E-02, -1.613100E+00, -2.942600E+00
-6.500000E-01,  3.600000E+00,  1.000000E+01,  5.975200E+00,  6.536100E-02, -1.614200E+00, -2.943200E+00
-6.500000E-01,  3.650000E+00, -1.000000E+01,  3.718900E+00,  6.568100E-02, -1.615300E+00, -2.943800E+00
-6.500000E-01,  3.700000E+00, -1.000000E+01,  2.436600E+00,  6.600200E-02, -1.616400E+00, -2.944400E+00
-6.500000E-01,  3.750000E+00, -1.000000E+01,  3.706300E+00,  6.632300E-02, -1.617500E+00, -2.944900E+00
-6.500000E-01,  3.800000E+00, -1.000000E+01,  4.170400E+00,  6.664400E-02, -1.618600E+00, -2.945500E+00
-6.500000E-01,  3.850000E+00, -1.000000E+01,  4.325900E+00,  6.696400E-02, -1.619800E+00, -2.946100E+00
-6.500000E-01,  3.900000E+00, -1.000000E+01,  4.442400E+00,  6.728500E-02, -1.620900E+00, -2.946600E+00
-6.500000E-01,  3.950000E+00, -1.000000E+01,  4.545700E+00,  6.760600E-02, -1.622000E+00, -2.947200E+00
-6.500000E-01,  4.000000E+00, -1.000000E+01,  4.605800E+00,  6.792700E-02, -1.623100E+00, -2.947800E+00
-6.500000E-01,  4.050000E+00, -1.000000E+01,  4.660800E+00,  6.824800E-02, -1.624200E+00, -2.948300E+00
-6.500000E-01,  4.100000E+00,  1.000000E+01,  4.715400E+00,  6.856800E-02, -1.625300E+00, -2.948900E+00
-6.500000E-01,  4.150000E+00,  1.000000E+01,  4.755400E+00,  6.888900E-02, -1.626400E+00, -2.949500E+00
-6.500000E-01,  4.200000E+00,  1.000000E+01,  4.790500E+00,  6.921000E-02, -1.627500E+00, -2.950100E+00
-6.500000E-01,  4.250000E+00,  1.000000E+01,  4.828100E+00,  6.953100E-02, -1.628600E+00, -2.950600E+00
-6.500000E-01,  4.300000E+00,  1.000000E+01,  4.858600E+00,  6.985100E-02, -1.629700E+00, -2.951200E+00
-6.500000E-01,  4.350000E+00,  1.000000E+01,  4.884700E+00,  7.017200E-02, -1.630800E+00, -2.951800E+00
-6.500000E-01,  4.400000E+00,  1.000000E+01,  4.914700E+00,  7.049300E-02, -1.631900E+00, -2.952300E+00
-6.500000E-01,  4.450000E+00,  1.000000E+01,  4.938800E+00,  7.081400E-02, -1.633000E+00, -2.952900E+00
-6.500000E-01,  4.500000E+00,  1.000000E+01,  4.960700E+00,  7.113500E-02, -1.634100E+00, -2.953500E+00
-6.500000E-01,  4.550000E+00,  1.000000E+01,  4.985100E+00,  7.145500E-02, -1.635200E+00, -2.954100E+00
-6.500000E-01,  4.600000E+00,  1.000000E+01,  5.004900E+00,  7.177600E-02, -1.636300E+00, -2.954600E+00
-6.500000E-01,  4.650000E+00,  1.000000E+01,  5.023300E+00,  7.209700E-02, -1.637400E+00, -2.955200E+00
-6.500000E-01,  4.700000E+00,  1.000000E+01,  5.044000E+00,  7.241800E-02, -1.638500E+00, -2.955800E+00
-6.500000E-01,  4.750000E+00,  1.000000E+01,  5.060100E+00,  7.273900E-02, -1.639700E+00, -2.956300E+00
-6.500000E-01,  4.800000E+00,  1.000000E+01,  5.076300E+00,  7.305900E-02, -1.640800E+00, -2.956900E+00
-6.500000E-01,  4.850000E+00,  1.000000E+01,  5.091500E+00,  7.338000E-02, -1.641900E+00, -2.957500E+00
-6.500000E-01,  4.900000E+00,  1.000000E+01,  5.104400E+00,  7.370100E-02, -1.643000E+00, -2.958100E+00
-6.500000E-01,  4.950000E+00,  1.000000E+01,  5.117100E+00,  7.402200E-02, -1.644100E+00, -2.958600E+00
-6.500000E-01,  5.000000E+00,  1.000000E+01,  5.127200E+00,  7.434200E-02, -1.645200E+00, -2.959200E+00
-6.500000E-01,  5.050000E+00,  1.000000E+01,  5.135800E+00,  7.466300E-02, -1.646300E+00, -2.959800E+00
-6.500000E-01,  5.100000E+00,  1.000000E+01,  5.141900E+00,  7.498400E-02, -1.647400E+00, -2.960300E+00
-6.500000E-01,  5.150000E+00,  1.000000E+01,  5.144100E+00,  7.530500E-02, -1.648500E+00, -2.960900E+00
-6.500000E-01,  5.200000E+00,  1.000000E+01,  5.142300E+00,  7.562600E-02, -1.649600E+00, -2.961500E+00
-6.500000E-01,  5.250000E+00,  1.000000E+01,  5.137600E+00,  7.594600E-02, -1.650700E+00, -2.962100E+00
-6.500000E-01,  5.300000E+00,  1.000000E+01,  5.120200E+00,  7.626700E-02, -1.651800E+00, -2.962600E+00
-6.500000E-01,  5.350000E+00,  1.000000E+01,  5.092400E+00,  7.658800E-02, -1.652900E+00, -2.963200E+00
-6.500000E-01,  5.400000E+00,  1.000000E+01,  5.050800E+00,  7.690900E-02, -1.654000E+00, -2.963800E+00
-6.500000E-01,  5.450000E+00,  1.000000E+01,  4.972900E+00,  7.723000E-02, -1.655100E+00, -2.964300E+00
-6.500000E-01,  5.500000E+00,  1.000000E+01,  4.875300E+00,  7.755000E-02, -1.656200E+00, -2.964900E+00
-6.000000E-01,  2.300000E+00, -1.000000E+01,  4.271200E+00,  7.787100E-02, -1.657300E+00, -2.965500E+00
-6.000000E-01,  2.350000E+00, -1.000000E+01,  4.281200E+00,  7.819200E-02, -1.658500E+00, -2.966100E+00
-6.000000E-01,  2.400000E+00, -1.000000E+01,  4.291400E+00,  7.851300E-02, -1.659600E+00, -2.966600E+00
-6.000000E-01,  2.450000E+00, -1.000000E+01,  4.303200E+00,  7.883300E-02, -1.660700E+00, -2.967200E+00
-6.000000E-01,  2.500000E+00, -1.000000E+01,  4.315200E+00,  7.915400E-02, -1.661800E+00, -2.967800E+00
-6.000000E-01,  2.550000E+00, -1.000000E+01,  4.329700E+00,  7.947500E-02, -1.662900E+00, -2.968300E+00
-6.000000E-01,  2.600000E+00, -1.000000E+01,  4.343900E+00,  7.979600E-02, -1.664000E+00, -2.968900E+00
-6.000000E-01,  2.650000E+00, -1.000000E+01,  4.361200E+00,  8.011700E-02, -1.665100E+00, -2.969500E+00
-6.000000E-01,  2.700000E+00, -1.000000E+01,  4.377400E+00,  8.043700E-02, -1.666200E+00, -2.970100E+00
-6.000000E-01,  2.750000E+00, -1.000000E+01,  4.398500E+00,  8.075800E-02, -1.667300E+00, -2.970600E+00
-6.000000E-01,  2.800000E+00, -1.000000E+01,  4.416700E+00,  8.107900E-02, -1.668400E+00, -2.971200E+00
-6.000000E-01,  2.850000E+00, -1.000000E+01,  4.437700E+00,  8.140000E-02, -1.669500E+00, -2.971800E+00
-6.000000E-01,  2.900000E+00, -1.000000E+01,  4.463100E+00,  8.172100E-02, -1.670600E+00, -2.972300E+00
-6.000000E-01,  2.950000E+00, -1.000000E+01,  4.488000E+00,  8.204100E-02, -1.671700E+00, -2.972900E+00
-6.000000E-01,  3.000000E+00, -1.000000E+01,  4.518300E+00,  8.236200E-02, -1.672800E+00, -2.973500E+00
-6.000000E-01,  3.050000E+00, -1.000000E+01,  4.545300E+00,  8.268300E-02, -1.673900E+00, -2.974100E+00
-6.000000E-01,  3.100000E+00, -1.000000E+01,  4.576400E+00,  8.300400E-02, -1.675000E+00, -2.974600E+00
-6.000000E-01,  3.150000E+00, -1.000000E+01,  4.616100E+00,  8.332400E-02, -1.676100E+00, -2.975200E+00
-6.000000E-01,  3.200000E+00, -1.000000E+01,  4.656500E+00,  8.364500E-02, -1.677200E+00, -2.975800E+00
-6.000000E-01,  3.250000E+00, -1.000000E+01,  4.696600E+00,  8.396600E-02, -1.678400E+00, -2.976300E+00
-6.000000E-01,  3.300000E+00,  1.000000E+01,  4.736000E+00,  8.117800E-02, -1.675800E+00, -2.980700E+00
-6.000000E-01,  3.350000E+00, -8.933000E-01,  4.525900E+00,  4.963300E-02, -1.630600E+00, -3.017800E+00
-6.000000E-01,  3.400000E+00, -8.864500E-01,  4.553100E+00, -4.974300E-02, -1.465600E+00, -3.129500E+00
-6.000000E-01,  3.450000E+00, -8.807000E-01,  4.581700E+00, -1.257100E-01, -1.293400E+00, -3.227300E+00
-6.000000E-01,  3.500000E+00, -8.760100E-01,  4.610900E+00, -1.803800E-01, -1.115600E+00, -3.309900E+00
-6.000000E-01,  3.550000E+00, -8.725400E-01,  4.640800E+00, -2.149500E-01, -9.338000E-01, -3.376100E+00
-6.000000E-01,  3.600000E+00, -8.703300E-01,  4.671300E+00, -2.306700E-01, -7.496300E-01, -3.425400E+00
-6.000000E-01,  3.650000E+00, -8.696000E-01,  4.702100E+00, -2.292800E-01, -5.641900E-01, -3.456900E+00
-6.000000E-01,  3.700000E+00,  8.702400E-01,  4.732500E+00, -2.111300E-01, -3.790500E-01, -3.471000E+00
-6.000000E-01,  3.750000E+00,  8.719600E-01,  4.762500E+00, -1.777900E-01, -1.951700E-01, -3.467900E+00
-6.000000E-01,  3.800000E+00,  8.753200E-01,  4.792400E+00, -1.289400E-01, -1.377700E-02, -3.449000E+00
-6.000000E-01,  3.850000E+00,  8.798800E-01,  4.821600E+00, -6.552200E-02,  1.642700E-01, -3.414600E+00
-6.000000E-01,  3.900000E+00,  8.854300E-01,  4.849400E+00,  1.255600E-02,  3.382200E-01, -3.366700E+00
-6.000000E-01,  3.950000E+00,  8.920100E-01,  4.876500E+00,  1.056400E-01,  5.072300E-01, -3.306300E+00
-6.000000E-01,  4.000000E+00, -1.000000E+01,  4.681200E+00,  1.221100E-01,  4.646000E-01, -3.273800E+00
-6.000000E-01,  4.050000E+00,  1.000000E+01,  4.728000E+00,  1.330500E-01,  4.078900E-01, -3.243900E+00
-6.000000E-01,  4.100000E+00,  1.000000E+01,  4.770100E+00,  1.439800E-01,  3.511800E-01, -3.214000E+00
-6.000000E-01,  4.150000E+00,  1.000000E+01,  4.809700E+00,  1.549200E-01,  2.944600E-01, -3.184100E+00
-6.000000E-01,  4.200000E+00,  1.000000E+01,  4.848000E+00,  1.658500E-01,  2.377500E-01, -3.154200E+00
-6.000000E-01,  4.250000E+00,  1.000000E+01,  4.878000E+00,  1.767900E-01,  1.810400E-01, -3.124300E+00
-6.000000E-01,  4.300000E+00,  1.000000E+01,  4.906000E+00,  1.877200E-01,  1.243300E-01, -3.094400E+00
-6.000000E-01,  4.350000E+00,  1.000000E+01,  4.936800E+00,  1.986600E-01,  6.761800E-02, -3.064500E+00
-6.000000E-01,  4.400000E+00,  1.000000E+01,  4.961800E+00,  2.095900E-01,  1.090600E-02, -3.034600E+00
-6.000000E-01,  4.450000E+00,  1.000000E+01,  4.983600E+00,  2.205300E-01, -4.580500E-02, -3.004700E+00
-6.000000E-01,  4.500000E+00,  1.000000E+01,  5.008500E+00,  2.314600E-01, -1.025200E-01, -2.974800E+00
-6.000000E-01,  4.550000E+00,  1.000000E+01,  5.029800E+00,  2.424000E-01, -1.592300E-01, -2.944900E+00
-6.000000E-01,  4.600000E+00,  1.000000E+01,  5.049600E+00,  2.533400E-01, -2.159400E-01, -2.915000E+00
-6.000000E-01,  4.650000E+00,  1.000000E+01,  5.068900E+00,  2.642700E-01, -2.726500E-01, -2.885100E+00
-6.000000E-01,  4.700000E+00,  1.000000E+01,  5.086300E+00,  2.752100E-01, -3.293600E-01, -2.855200E+00
-6.000000E-01,  4.750000E+00,  1.000000E+01,  5.104100E+00,  2.861400E-01, -3.860700E-01, -2.825300E+00
-6.000000E-01,  4.800000E+00,  1.000000E+01,  5.119400E+00,  2.970800E-01, -4.427900E-01, -2.795400E+00
-6.000000E-01,  4.850000E+00,  1.000000E+01,  5.134000E+00,  3.080100E-01, -4.995000E-01, -2.765500E+00
-6.000000E-01,  4.900000E+00,  1.000000E+01,  5.147500E+00,  3.189500E-01, -5.562100E-01, -2.735600E+00
-6.000000E-01,  4.950000E+00,  1.000000E+01,  5.159700E+00,  3.298800E-01, -6.129200E-01, -2.705700E+00
-6.000000E-01,  5.000000E+00,  1.000000E+01,  5.169600E+00,  3.408200E-01, -6.696300E-01, -2.675800E+00
-6.000000E-01,  5.050000E+00,  1.000000E+01,  5.177700E+00,  3.517600E-01, -7.263400E-01, -2.645900E+00
-6.000000E-01,  5.100000E+00,  1.000000E+01,  5.183900E+00,  3.626900E-01, -7.830600E-01, -2.616000E+00
-6.000000E-01,  5.150000E+00,  1.000000E+01,  5.185000E+00,  3.736300E-01, -8.397700E-01, -2.586100E+00
-6.000000E-01,  5.200000E+00,  1.000000E+01,  5.185500E+00,  3.845600E-01, -8.964800E-01, -2.556300E+00
-6.000000E-01,  5.250000E+00,  1.000000E+01,  5.176200E+00,  3.955000E-01, -9.531900E-01, -2.526400E+00
-6.000000E-01,  5.300000E+00,  1.000000E+01,  5.157800E+00,  4.064300E-01, -1.009900E+00, -2.496500E+00
-6.000000E-01,  5.350000E+00,  1.000000E+01,  5.127500E+00,  4.173700E-01, -1.066600E+00, -2.466600E+00
-6.000000E-01,  5.400000E+00,  1.000000E+01,  5.081200E+00,  4.283000E-01, -1.123300E+00, -2.436700E+00
-6.000000E-01,  5.450000E+00,  1.000000E+01,  5.011500E+00,  4.392400E-01, -1.180000E+00, -2.406800E+00
-6.000000E-01,  5.500000E+00,  1.000000E+01,  4.899500E+00,  4.501700E-01, -1.236700E+00, -2.376900E+00
-5.500000E-01,  2.300000E+00, -1.000000E+01,  4.203200E+00,  4.611100E-01, -1.293500E+00, -2.347000E+00
-5.500000E-01,  2.350000E+00, -1.000000E+01,  4.213500E+00,  4.720500E-01, -1.350200E+00, -2.317100E+00
-5.500000E-01,  2.400000E+00, -1.000000E+01,  4.225600E+00,  4.829800E-01, -1.406900E+00, -2.287200E+00
-5.500000E-01,  2.450000E+00, -1.000000E+01,  4.237200E+00,  4.939200E-01, -1.463600E+00, -2.257300E+00
-5.500000E-01,  2.500000E+00, -1.000000E+01,  4.251000E+00,  5.048500E-01, -1.520300E+00, -2.227400E+00
-5.500000E-01,  2.550000E+00, -1.000000E+01,  4.265100E+00,  5.157900E-01, -1.577000E+00, -2.197500E+00
-5.500000E-01,  2.600000E+00, -1.000000E+01,  4.281000E+00,  5.267200E-01, -1.633700E+00, -2.167600E+00
-5.500000E-01,  2.650000E+00, -1.000000E+01,  4.296800E+00,  5.376600E-01, -1.690400E+00, -2.137700E+00
-5.500000E-01,  2.700000E+00, -1.000000E+01,  4.315500E+00,  5.485900E-01, -1.747200E+00, -2.107800E+00
-5.500000E-01,  2.750000E+00, -1.000000E+01,  4.333900E+00,  5.595300E-01, -1.803900E+00, -2.077900E+00
-5.500000E-01,  2.800000E+00, -1.000000E+01,  4.355400E+00,  5.704600E-01, -1.860600E+00, -2.048000E+00
-5.500000E-01,  2.850000E+00, -1.000000E+01,  4.375300E+00,  5.814000E-01, -1.917300E+00, -2.018100E+00
-5.500000E-01,  2.900000E+00, -1.000000E+01,  4.397200E+00,  5.923400E-01, -1.974000E+00, -1.988200E+00
-5.500000E-01,  2.950000E+00, -1.000000E+01,  4.421800E+00,  6.032700E-01, -2.030700E+00, -1.958300E+00
-5.500000E-01,  3.000000E+00, -1.000000E+01,  4.436500E+00,  5.967000E-01, -2.081400E+00, -1.943100E+00
-5.500000E-01,  3.050000E+00, -8.859700E-01,  4.339700E+00,  4.942500E-01, -2.086200E+00, -2.005700E+00
-5.500000E-01,  3.100000E+00, -8.742600E-01,  4.361800E+00,  2.745600E-01, -2.010400E+00, -2.167200E+00
-5.500000E-01,  3.150000E+00, -8.626900E-01,  4.385300E+00,  8.040200E-02, -1.919600E+00, -2.325600E+00
-5.500000E-01,  3.200000E+00, -8.516800E-01,  4.410700E+00, -8.843400E-02, -1.815400E+00, -2.478700E+00
-5.500000E-01,  3.250000E+00, -8.411700E-01,  4.437200E+00, -2.324800E-01, -1.698200E+00, -2.625200E+00
-5.500000E-01,  3.300000E+00, -8.309900E-01,  4.465100E+00, -3.523500E-01, -1.569500E+00, -2.763200E+00
-5.500000E-01,  3.350000E+00, -8.217800E-01,  4.495000E+00, -4.487000E-01, -1.431200E+00, -2.890600E+00
-5.500000E-01,  3.400000E+00, -8.132800E-01,  4.526400E+00, -5.234200E-01, -1.284600E+00, -3.005300E+00
-5.500000E-01,  3.450000E+00, -8.063100E-01,  4.559600E+00, -5.778600E-01, -1.131300E+00, -3.105100E+00
-5.500000E-01,  3.500000E+00, -8.005500E-01,  4.594000E+00, -6.142800E-01, -9.726200E-01, -3.189000E+00
-5.500000E-01,  3.550000E+00, -7.961300E-01,  4.629700E+00, -6.342900E-01, -8.106500E-01, -3.254900E+00
-5.500000E-01,  3.600000E+00, -7.935700E-01,  4.665900E+00, -6.399600E-01, -6.464700E-01, -3.302300E+00
-5.500000E-01,  3.650000E+00, -7.929000E-01,  4.702400E+00, -6.329400E-01, -4.814500E-01, -3.330400E+00
-5.500000E-01,  3.700000E+00,  7.938600E-01,  4.739100E+00, -6.141500E-01, -3.168200E-01, -3.339900E+00
-5.500000E-01,  3.750000E+00,  7.965500E-01,  4.775100E+00, -5.842500E-01, -1.536700E-01, -3.331700E+00
-5.500000E-01,  3.800000E+00,  8.011600E-01,  4.809900E+00, -5.434200E-01,  7.146300E-03, -3.306900E+00
-5.500000E-01,  3.850000E+00,  8.070600E-01,  4.843500E+00, -4.915600E-01,  1.648200E-01, -3.266700E+00
-5.500000E-01,  3.900000E+00,  8.145100E-01,  4.875900E+00, -4.279700E-01,  3.186200E-01, -3.213200E+00
-5.500000E-01,  3.950000E+00,  8.231000E-01,  4.906400E+00, -3.523500E-01,  4.679000E-01, -3.147400E+00
-5.500000E-01,  4.000000E+00,  8.328300E-01,  4.935500E+00, -2.638900E-01,  6.121400E-01, -3.071300E+00
-5.500000E-01,  4.050000E+00,  8.432700E-01,  4.962500E+00, -1.622700E-01,  7.508000E-01, -2.986000E+00
-5.500000E-01,  4.100000E+00,  8.543300E-01,  4.987600E+00, -4.699100E-02,  8.835000E-01, -2.892600E+00
-5.500000E-01,  4.150000E+00,  8.660500E-01,  5.011500E+00,  8.213500E-02,  1.009900E+00, -2.792100E+00
-5.500000E-01,  4.200000E+00,  8.783100E-01,  5.033800E+00,  2.254100E-01,  1.129400E+00, -2.685500E+00
-5.500000E-01,  4.250000E+00,  1.000000E+01,  4.978300E+00,  3.688800E-01,  1.223200E+00, -2.578500E+00
-5.500000E-01,  4.300000E+00,  1.000000E+01,  4.973700E+00,  4.153300E-01,  1.167800E+00, -2.523600E+00
-5.500000E-01,  4.350000E+00,  1.000000E+01,  4.993800E+00,  4.393100E-01,  1.081200E+00, -2.481700E+00
-5.500000E-01,  4.400000E+00,  1.000000E+01,  5.015500E+00,  4.633000E-01,  9.946500E-01, -2.439900E+00
-5.500000E-01,  4.450000E+00,  1.000000E+01,  5.039800E+00,  4.872900E-01,  9.081000E-01, -2.398100E+00
-5.500000E-01,  4.500000E+00,  1.000000E+01,  5.061000E+00,  5.112700E-01,  8.215400E-01, -2.356200E+00
-5.500000E-01,  4.550000E+00,  1.000000E+01,  5.081700E+00,  5.352600E-01,  7.349900E-01, -2.314400E+00
-5.500000E-01,  4.600000E+00,  1.000000E+01,  5.101000E+00,  5.592400E-01,  6.484300E-01, -2.272600E+00
-5.500000E-01,  4.650000E+00,  1.000000E+01,  5.118100E+00,  5.832300E-01,  5.618700E-01, -2.230700E+00
-5.500000E-01,  4.700000E+00,  1.000000E+01,  5.136900E+00,  6.072100E-01,  4.753200E-01, -2.188900E+00
-5.500000E-01,  4.750000E+00,  1.000000E+01,  5.152300E+00,  6.312000E-01,  3.887600E-01, -2.147100E+00
-5.500000E-01,  4.800000E+00,  1.000000E+01,  5.168600E+00,  6.551800E-01,  3.022100E-01, -2.105200E+00
-5.500000E-01,  4.850000E+00,  1.000000E+01,  5.181900E+00,  6.791700E-01,  2.156500E-01, -2.063400E+00
-5.500000E-01,  4.900000E+00,  1.000000E+01,  5.195400E+00,  7.031500E-01,  1.290900E-01, -2.021600E+00
-5.500000E-01,  4.950000E+00,  1.000000E+01,  5.206700E+00,  7.271400E-01,  4.253700E-02, -1.979700E+00
-5.500000E-01,  5.000000E+00,  1.000000E+01,  5.216800E+00,  7.511300E-01, -4.401900E-02, -1.937900E+00
-5.500000E-01,  5.050000E+00,  1.000000E+01,  5.224200E+00,  7.751100E-01, -1.305700E-01, -1.896100E+00
-5.500000E-01,  5.100000E+00,  1.000000E+01,  5.229400E+00,  7.991000E-01, -2.171300E-01, -1.854200E+00
-5.500000E-01,  5.150000E+00,  1.000000E+01,  5.232100E+00,  8.230800E-01, -3.036900E-01, -1.812400E+00
-5.500000E-01,  5.200000E+00,  1.000000E+01,  5.230000E+00,  8.470700E-01, -3.902400E-01, -1.770600E+00
-5.500000E-01,  5.250000E+00,  1.000000E+01,  5.219800E+00,  8.710500E-01, -4.768000E-01, -1.728700E+00
-5.500000E-01,  5.300000E+00,  1.000000E+01,  5.203400E+00,  8.950400E-01, -5.633600E-01, -1.686900E+00
-5.500000E-01,  5.350000E+00,  1.000000E+01,  5.173500E+00,  9.190200E-01, -6.499100E-01, -1.645100E+00
-5.500000E-01,  5.400000E+00,  1.000000E+01,  5.121700E+00,  9.430100E-01, -7.364700E-01, -1.603200E+00
-5.500000E-01,  5.450000E+00,  1.000000E+01,  5.051200E+00,  9.669900E-01, -8.230200E-01, -1.561400E+00
-5.500000E-01,  5.500000E+00,  1.000000E+01,  4.948200E+00,  9.909800E-01, -9.095800E-01, -1.519600E+00
-5.000000E-01,  2.300000E+00, -1.000000E+01,  4.129300E+00,  1.015000E+00, -9.961400E-01, -1.477700E+00
-5.000000E-01,  2.350000E+00, -1.000000E+01,  4.140100E+00,  1.039000E+00, -1.082700E+00, -1.435900E+00
-5.000000E-01,  2.400000E+00, -1.000000E+01,  4.151900E+00,  1.062900E+00, -1.169200E+00, -1.394100E+00
-5.000000E-01,  2.450000E+00, -1.000000E+01,  4.165300E+00,  1.086900E+00, -1.255800E+00, -1.352200E+00
-5.000000E-01,  2.500000E+00, -1.000000E+01,  4.177900E+00,  1.110900E+00, -1.342400E+00, -1.310400E+00
-5.000000E-01,  2.550000E+00, -1.000000E+01,  4.193300E+00,  1.134900E+00, -1.428900E+00, -1.268600E+00
-5.000000E-01,  2.600000E+00, -1.000000E+01,  4.207900E+00,  1.158900E+00, -1.515500E+00, -1.226700E+00
-5.000000E-01,  2.650000E+00, -1.000000E+01,  4.224900E+00,  1.182900E+00, -1.602000E+00, -1.184900E+00
-5.000000E-01,  2.700000E+00, -1.000000E+01,  4.241300E+00,  1.206800E+00, -1.688600E+00, -1.143100E+00
-5.000000E-01,  2.750000E+00, -1.000000E+01,  4.259400E+00,  1.222300E+00, -1.775000E+00, -1.107000E+00
-5.000000E-01,  2.800000E+00, -1.000000E+01,  4.269700E+00,  1.150100E+00, -1.852600E+00, -1.127000E+00
-5.000000E-01,  2.850000E+00, -8.783800E-01,  4.202900E+00,  9.628400E-01, -1.898800E+00, -1.222500E+00
-5.000000E-01,  2.900000E+00, -8.647400E-01,  4.220500E+00,  6.879600E-01, -1.903800E+00, -1.384300E+00
-5.000000E-01,  2.950000E+00, -8.508500E-01,  4.239900E+00,  4.358100E-01, -1.890900E+00, -1.547900E+00
-5.000000E-01,  3.000000E+00, -8.372000E-01,  4.260000E+00,  2.070100E-01, -1.861200E+00, -1.712000E+00
-5.000000E-01,  3.050000E+00, -8.232800E-01,  4.281600E+00,  2.037400E-03, -1.814600E+00, -1.876500E+00
-5.000000E-01,  3.100000E+00, -8.095100E-01,  4.305100E+00, -1.788000E-01, -1.752900E+00, -2.038900E+00
-5.000000E-01,  3.150000E+00, -7.959200E-01,  4.330100E+00, -3.355000E-01, -1.676500E+00, -2.199200E+00
-5.000000E-01,  3.200000E+00, -7.824000E-01,  4.356900E+00, -4.682600E-01, -1.586200E+00, -2.354500E+00
-5.000000E-01,  3.250000E+00, -7.691600E-01,  4.386000E+00, -5.772800E-01, -1.483700E+00, -2.503600E+00
-5.000000E-01,  3.300000E+00, -7.567700E-01,  4.417600E+00, -6.635500E-01, -1.370600E+00, -2.644100E+00
-5.000000E-01,  3.350000E+00, -7.449800E-01,  4.451800E+00, -7.286000E-01, -1.248000E+00, -2.773800E+00
-5.000000E-01,  3.400000E+00, -7.341600E-01,  4.488400E+00, -7.744200E-01, -1.117300E+00, -2.889700E+00
-5.000000E-01,  3.450000E+00, -7.247800E-01,  4.527500E+00, -8.033800E-01, -9.812800E-01, -2.990200E+00
-5.000000E-01,  3.500000E+00, -7.173400E-01,  4.569300E+00, -8.183800E-01, -8.405700E-01, -3.072900E+00
-5.000000E-01,  3.550000E+00, -7.116900E-01,  4.612700E+00, -8.221900E-01, -6.973500E-01, -3.136100E+00
-5.000000E-01,  3.600000E+00, -7.083400E-01,  4.657700E+00, -8.174300E-01, -5.528000E-01, -3.179800E+00
-5.000000E-01,  3.650000E+00, -7.078100E-01,  4.703500E+00, -8.060100E-01, -4.080500E-01, -3.203700E+00
-5.000000E-01,  3.700000E+00,  7.096100E-01,  4.748600E+00, -7.889500E-01, -2.639200E-01, -3.208500E+00
-5.000000E-01,  3.750000E+00,  7.138500E-01,  4.792800E+00, -7.665700E-01, -1.211400E-01, -3.195100E+00
-5.000000E-01,  3.800000E+00,  7.205400E-01,  4.835300E+00, -7.382800E-01,  1.962200E-02, -3.165600E+00
-5.000000E-01,  3.850000E+00,  7.288800E-01,  4.875400E+00, -7.030900E-01,  1.578100E-01, -3.121000E+00
-5.000000E-01,  3.900000E+00,  7.388000E-01,  4.913100E+00, -6.596600E-01,  2.927600E-01, -3.063500E+00
-5.000000E-01,  3.950000E+00,  7.503600E-01,  4.948000E+00, -6.066700E-01,  4.239200E-01, -2.994700E+00
-5.000000E-01,  4.000000E+00,  7.626200E-01,  4.980100E+00, -5.428500E-01,  5.507400E-01, -2.915800E+00
-5.000000E-01,  4.050000E+00,  7.757900E-01,  5.010000E+00, -4.672100E-01,  6.726000E-01, -2.828600E+00
-5.000000E-01,  4.100000E+00,  7.894800E-01,  5.037200E+00, -3.789900E-01,  7.891400E-01, -2.734100E+00
-5.000000E-01,  4.150000E+00,  8.038400E-01,  5.062300E+00, -2.775600E-01,  8.999400E-01, -2.632900E+00
-5.000000E-01,  4.200000E+00,  8.184200E-01,  5.085700E+00, -1.625600E-01,  1.004500E+00, -2.526700E+00
-5.000000E-01,  4.250000E+00,  8.330900E-01,  5.107100E+00, -3.379100E-02,  1.102600E+00, -2.415000E+00
-5.000000E-01,  4.300000E+00,  8.479800E-01,  5.127000E+00,  1.088600E-01,  1.193800E+00, -2.299300E+00
-5.000000E-01,  4.350000E+00,  8.629400E-01,  5.145400E+00,  2.654900E-01,  1.278400E+00, -2.179200E+00
-5.000000E-01,  4.400000E+00,  8.778300E-01,  5.162300E+00,  4.359300E-01,  1.355600E+00, -2.055500E+00
-5.000000E-01,  4.450000E+00,  1.000000E+01,  5.110300E+00,  5.823500E-01,  1.384900E+00, -1.943300E+00
-5.000000E-01,  4.500000E+00,  1.000000E+01,  5.125600E+00,  6.369300E-01,  1.304100E+00, -1.882600E+00
-5.000000E-01,  4.550000E+00,  1.000000E+01,  5.141400E+00,  6.766600E-01,  1.207500E+00, -1.830800E+00
-5.000000E-01,  4.600000E+00,  1.000000E+01,  5.157700E+00,  7.163900E-01,  1.110800E+00, -1.779000E+00
-5.000000E-01,  4.650000E+00,  1.000000E+01,  5.176600E+00,  7.561100E-01,  1.014200E+00, -1.727300E+00
-5.000000E-01,  4.700000E+00,  1.000000E+01,  5.191400E+00,  7.958400E-01,  9.175500E-01, -1.675500E+00
-5.000000E-01,  4.750000E+00,  1.000000E+01,  5.208300E+00,  8.355700E-01,  8.209100E-01, -1.623700E+00
-5.000000E-01,  4.800000E+00,  1.000000E+01,  5.221500E+00,  8.753000E-01,  7.242700E-01, -1.571900E+00
-5.000000E-01,  4.850000E+00,  1.000000E+01,  5.236000E+00,  9.150300E-01,  6.276300E-01, -1.520200E+00
-5.000000E-01,  4.900000E+00,  1.000000E+01,  5.247400E+00,  9.547600E-01,  5.309900E-01, -1.468400E+00
-5.000000E-01,  4.950000E+00,  1.000000E+01,  5.259200E+00,  9.944900E-01,  4.343600E-01, -1.416600E+00
-5.000000E-01,  5.000000E+00,  1.000000E+01,  5.268600E+00,  1.034200E+00,  3.377200E-01, -1.364800E+00
-5.000000E-01,  5.050000E+00,  1.000000E+01,  5.276200E+00,  1.074000E+00,  2.410800E-01, -1.313100E+00
-5.000000E-01,  5.100000E+00,  1.000000E+01,  5.281000E+00,  1.113700E+00,  1.444400E-01, -1.261300E+00
-5.000000E-01,  5.150000E+00,  1.000000E+01,  5.283600E+00,  1.153400E+00,  4.780100E-02, -1.209500E+00
-5.000000E-01,  5.200000E+00,  1.000000E+01,  5.280300E+00,  1.193100E+00, -4.883800E-02, -1.157800E+00
-5.000000E-01,  5.250000E+00,  1.000000E+01,  5.271800E+00,  1.232900E+00, -1.454800E-01, -1.106000E+00
-5.000000E-01,  5.300000E+00,  1.000000E+01,  5.253000E+00,  1.272600E+00, -2.421100E-01, -1.054200E+00
-5.000000E-01,  5.350000E+00,  1.000000E+01,  5.222500E+00,  1.312300E+00, -3.387500E-01, -1.002400E+00
-5.000000E-01,  5.400000E+00,  1.000000E+01,  5.175600E+00,  1.352100E+00, -4.353900E-01, -9.506700E-01
-5.000000E-01,  5.450000E+00,  1.000000E+01,  5.100700E+00,  1.391800E+00, -5.320300E-01, -8.988900E-01
-5.000000E-01,  5.500000E+00,  1.000000E+01,  5.000000E+00,  1.431500E+00, -6.286700E-01, -8.471200E-01
-4.500000E-01,  2.300000E+00, -1.000000E+01,  4.048500E+00,  1.471300E+00, -7.253100E-01, -7.953500E-01
-4.500000E-01,  2.350000E+00, -1.000000E+01,  4.060300E+00,  1.511000E+00, -8.219500E-01, -7.435800E-01
-4.500000E-01,  2.400000E+00, -1.000000E+01,  4.071300E+00,  1.550700E+00, -9.185800E-01, -6.918100E-01
-4.500000E-01,  2.450000E+00, -1.000000E+01,  4.084000E+00,  1.590400E+00, -1.015200E+00, -6.400300E-01
-4.500000E-01,  2.500000E+00, -1.000000E+01,  4.098400E+00,  1.630200E+00, -1.111900E+00, -5.882600E-01
-4.500000E-01,  2.550000E+00, -1.000000E+01,  4.112100E+00,  1.669900E+00, -1.208500E+00, -5.364900E-01
-4.500000E-01,  2.600000E+00, -1.000000E+01,  4.128900E+00,  1.654300E+00, -1.312100E+00, -5.165900E-01
-4.500000E-01,  2.650000E+00, -8.821400E-01,  4.068900E+00,  1.591300E+00, -1.416000E+00, -5.256200E-01
-4.500000E-01,  2.700000E+00, -8.678900E-01,  4.082800E+00,  1.281200E+00, -1.501100E+00, -6.715900E-01
-4.500000E-01,  2.750000E+00, -8.532900E-01,  4.097100E+00,  9.915800E-01, -1.568000E+00, -8.215000E-01
-4.500000E-01,  2.800000E+00, -8.385100E-01,  4.112800E+00,  7.215500E-01, -1.615700E+00, -9.751400E-01
-4.500000E-01,  2.850000E+00, -8.234200E-01,  4.128900E+00,  4.720300E-01, -1.645600E+00, -1.132400E+00
-4.500000E-01,  2.900000E+00, -8.080800E-01,  4.146400E+00,  2.437900E-01, -1.657600E+00, -1.292600E+00
-4.500000E-01,  2.950000E+00, -7.922800E-01,  4.165100E+00,  3.749400E-02, -1.652700E+00, -1.455100E+00
-4.500000E-01,  3.000000E+00, -7.763700E-01,  4.184900E+00, -1.465900E-01, -1.630600E+00, -1.618800E+00
-4.500000E-01,  3.050000E+00, -7.602500E-01,  4.206400E+00, -3.078800E-01, -1.592800E+00, -1.783000E+00
-4.500000E-01,  3.100000E+00, -7.441000E-01,  4.229900E+00, -4.460000E-01, -1.539400E+00, -1.946600E+00
-4.500000E-01,  3.150000E+00, -7.274600E-01,  4.255500E+00, -5.607000E-01, -1.471700E+00, -2.107900E+00
-4.500000E-01,  3.200000E+00, -7.109400E-01,  4.283800E+00, -6.518600E-01, -1.391600E+00, -2.265200E+00
-4.500000E-01,  3.250000E+00, -6.942900E-01,  4.314700E+00, -7.202500E-01, -1.299100E+00, -2.416100E+00
-4.500000E-01,  3.300000E+00, -6.781300E-01,  4.348900E+00, -7.669200E-01, -1.196300E+00, -2.557500E+00
-4.500000E-01,  3.350000E+00, -6.625300E-01,  4.387200E+00, -7.938900E-01, -1.084600E+00, -2.687300E+00
-4.500000E-01,  3.400000E+00, -6.478900E-01,  4.429800E+00, -8.041400E-01, -9.672200E-01, -2.801200E+00
-4.500000E-01,  3.450000E+00, -6.348000E-01,  4.477100E+00, -8.016400E-01, -8.448800E-01, -2.897000E+00
-4.500000E-01,  3.500000E+00, -6.240100E-01,  4.529500E+00, -7.912700E-01, -7.202100E-01, -2.972200E+00
-4.500000E-01,  3.550000E+00, -6.173100E-01,  4.585700E+00, -7.798600E-01, -5.955100E-01, -3.027100E+00
-4.500000E-01,  3.600000E+00, -6.136500E-01,  4.645100E+00, -7.671100E-01, -4.701600E-01, -3.062100E+00
-4.500000E-01,  3.650000E+00, -6.132300E-01,  4.704900E+00, -7.541800E-01, -3.450500E-01, -3.078700E+00
-4.500000E-01,  3.700000E+00,  6.161600E-01,  4.764200E+00, -7.419200E-01, -2.206200E-01, -3.078200E+00
-4.500000E-01,  3.750000E+00,  6.219300E-01,  4.821300E+00, -7.298800E-01, -9.720000E-02, -3.061100E+00
-4.500000E-01,  3.800000E+00,  6.315400E-01,  4.874700E+00, -7.199300E-01,  2.468900E-02, -3.030000E+00
-4.500000E-01,  3.850000E+00,  6.439100E-01,  4.923200E+00, -7.088600E-01,  1.450400E-01, -2.985100E+00
-4.500000E-01,  3.900000E+00,  6.580300E-01,  4.967400E+00, -6.929900E-01,  2.633400E-01, -2.927500E+00
-4.500000E-01,  3.950000E+00,  6.734600E-01,  5.006800E+00, -6.697400E-01,  3.788700E-01, -2.858500E+00
-4.500000E-01,  4.000000E+00,  6.897800E-01,  5.042500E+00, -6.369400E-01,  4.910100E-01, -2.779700E+00
-4.500000E-01,  4.050000E+00,  7.065600E-01,  5.074000E+00, -5.929600E-01,  5.990000E-01, -2.692700E+00
-4.500000E-01,  4.100000E+00,  7.235600E-01,  5.102800E+00, -5.366300E-01,  7.023500E-01, -2.598800E+00
-4.500000E-01,  4.150000E+00,  7.410200E-01,  5.128600E+00, -4.672400E-01,  8.005100E-01, -2.499000E+00
-4.500000E-01,  4.200000E+00,  7.582100E-01,  5.151700E+00, -3.843500E-01,  8.929100E-01, -2.394100E+00
-4.500000E-01,  4.250000E+00,  7.755100E-01,  5.173000E+00, -2.876600E-01,  9.792700E-01, -2.284300E+00
-4.500000E-01,  4.300000E+00,  7.929000E-01,  5.192100E+00, -1.769900E-01,  1.059400E+00, -2.170300E+00
-4.500000E-01,  4.350000E+00,  8.099300E-01,  5.210000E+00, -5.237400E-02,  1.132600E+00, -2.052800E+00
-4.500000E-01,  4.400000E+00,  8.267200E-01,  5.226100E+00,  8.606300E-02,  1.199100E+00, -1.932000E+00
-4.500000E-01,  4.450000E+00,  8.434400E-01,  5.241200E+00,  2.384700E-01,  1.258200E+00, -1.807600E+00
-4.500000E-01,  4.500000E+00,  8.600100E-01,  5.254900E+00,  4.049300E-01,  1.310500E+00, -1.679800E+00
-4.500000E-01,  4.550000E+00,  8.763800E-01,  5.267800E+00,  5.849200E-01,  1.354600E+00, -1.549300E+00
-4.500000E-01,  4.600000E+00,  1.000000E+01,  5.221000E+00,  7.450800E-01,  1.360100E+00, -1.427800E+00
-4.500000E-01,  4.650000E+00,  1.000000E+01,  5.241600E+00,  8.238200E-01,  1.278100E+00, -1.354400E+00
-4.500000E-01,  4.700000E+00,  1.000000E+01,  5.256600E+00,  8.894400E-01,  1.183500E+00, -1.289500E+00
-4.500000E-01,  4.750000E+00,  1.000000E+01,  5.269000E+00,  9.550700E-01,  1.088800E+00, -1.224600E+00
-4.500000E-01,  4.800000E+00,  1.000000E+01,  5.283400E+00,  1.020700E+00,  9.941400E-01, -1.159600E+00
-4.500000E-01,  4.850000E+00,  1.000000E+01,  5.295800E+00,  1.086300E+00,  8.994800E-01, -1.094700E+00
-4.500000E-01,  4.900000E+00,  1.000000E+01,  5.307100E+00,  1.152000E+00,  8.048100E-01, -1.029800E+00
-4.500000E-01,  4.950000E+00,  1.000000E+01,  5.317700E+00,  1.217600E+00,  7.101400E-01, -9.648700E-01
-4.500000E-01,  5.000000E+00,  1.000000E+01,  5.326400E+00,  1.283200E+00,  6.154800E-01, -8.999600E-01
-4.500000E-01,  5.050000E+00,  1.000000E+01,  5.334200E+00,  1.348800E+00,  5.208100E-01, -8.350400E-01
-4.500000E-01,  5.100000E+00,  1.000000E+01,  5.338400E+00,  1.414500E+00,  4.261500E-01, -7.701200E-01
-4.500000E-01,  5.150000E+00,  1.000000E+01,  5.340100E+00,  1.480100E+00,  3.314800E-01, -7.052000E-01
-4.500000E-01,  5.200000E+00,  1.000000E+01,  5.337800E+00,  1.545700E+00,  2.368100E-01, -6.402800E-01
-4.500000E-01,  5.250000E+00,  1.000000E+01,  5.328100E+00,  1.611300E+00,  1.421500E-01, -5.753600E-01
-4.500000E-01,  5.300000E+00,  1.000000E+01,  5.309800E+00,  1.677000E+00,  4.748000E-02, -5.104400E-01
-4.500000E-01,  5.350000E+00,  1.000000E+01,  5.280000E+00,  1.742600E+00, -4.718600E-02, -4.455200E-01
-4.500000E-01,  5.400000E+00,  1.000000E+01,  5.234500E+00,  1.808200E+00, -1.418500E-01, -3.806000E-01
-4.500000E-01,  5.450000E+00,  1.000000E+01,  5.160000E+00,  1.873800E+00, -2.365200E-01, -3.156800E-01
-4.500000E-01,  5.500000E+00,  1.000000E+01,  5.063000E+00,  1.939500E+00, -3.311800E-01, -2.507600E-01
-4.000000E-01,  2.300000E+00, -1.000000E+01,  3.961500E+00,  2.005100E+00, -4.258500E-01, -1.858400E-01
-4.000000E-01,  2.350000E+00, -1.000000E+01,  3.974500E+00,  2.070700E+00, -5.205200E-01, -1.209200E-01
-4.000000E-01,  2.400000E+00, -1.000000E+01,  3.989700E+00,  2.103700E+00, -6.262800E-01, -7.325000E-02
-4.000000E-01,  2.450000E+00, -1.000000E+01,  3.998400E+00,  2.072600E+00, -7.470900E-01, -5.887200E-02
-4.000000E-01,  2.500000E+00, -8.803700E-01,  3.950900E+00,  1.945400E+00, -8.798000E-01, -9.289500E-02
-4.000000E-01,  2.550000E+00, -8.657400E-01,  3.961700E+00,  1.632900E+00, -1.021100E+00, -2.220500E-01
-4.000000E-01,  2.600000E+00, -8.509800E-01,  3.973200E+00,  1.337100E+00, -1.143400E+00, -3.561700E-01
-4.000000E-01,  2.650000E+00, -8.358300E-01,  3.985100E+00,  1.060300E+00, -1.247000E+00, -4.948000E-01
-4.000000E-01,  2.700000E+00, -8.202900E-01,  3.997600E+00,  8.010400E-01, -1.332000E+00, -6.382700E-01
-4.000000E-01,  2.750000E+00, -8.043100E-01,  4.010600E+00,  5.612500E-01, -1.398500E+00, -7.859200E-01
-4.000000E-01,  2.800000E+00, -7.879300E-01,  4.024400E+00,  3.403500E-01, -1.446800E+00, -9.380800E-01
-4.000000E-01,  2.850000E+00, -7.712500E-01,  4.039300E+00,  1.393200E-01, -1.477700E+00, -1.093800E+00
-4.000000E-01,  2.900000E+00, -7.543100E-01,  4.055100E+00, -4.101800E-02, -1.490900E+00, -1.253000E+00
-4.000000E-01,  2.950000E+00, -7.365500E-01,  4.072000E+00, -2.004900E-01, -1.487100E+00, -1.415200E+00
-4.000000E-01,  3.000000E+00, -7.184700E-01,  4.090700E+00, -3.383300E-01, -1.467100E+00, -1.579900E+00
-4.000000E-01,  3.050000E+00, -6.997300E-01,  4.110500E+00, -4.537800E-01, -1.431000E+00, -1.746300E+00
-4.000000E-01,  3.100000E+00, -6.805700E-01,  4.132400E+00, -5.462600E-01, -1.380400E+00, -1.912800E+00
-4.000000E-01,  3.150000E+00, -6.608000E-01,  4.156600E+00, -6.151700E-01, -1.316000E+00, -2.078300E+00
-4.000000E-01,  3.200000E+00, -6.407400E-01,  4.183400E+00, -6.602300E-01, -1.238400E+00, -2.240200E+00
-4.000000E-01,  3.250000E+00, -6.202600E-01,  4.214400E+00, -6.830200E-01, -1.150400E+00, -2.395300E+00
-4.000000E-01,  3.300000E+00, -6.013900E-01,  4.254800E+00, -6.943800E-01, -1.054600E+00, -2.533600E+00
-4.000000E-01,  3.350000E+00, -5.841300E-01,  4.303800E+00, -6.974100E-01, -9.530200E-01, -2.652600E+00
-4.000000E-01,  3.400000E+00, -5.679500E-01,  4.359100E+00, -6.935400E-01, -8.459800E-01, -2.752000E+00
-4.000000E-01,  3.450000E+00, -5.544600E-01,  4.420900E+00, -6.857400E-01, -7.373300E-01, -2.832000E+00
-4.000000E-01,  3.500000E+00, -5.435900E-01,  4.487900E+00, -6.751900E-01, -6.273600E-01, -2.893000E+00
-4.000000E-01,  3.550000E+00, -5.357200E-01,  4.558400E+00, -6.633000E-01, -5.168600E-01, -2.935600E+00
-4.000000E-01,  3.600000E+00, -5.313600E-01,  4.632400E+00, -6.511600E-01, -4.066800E-01, -2.961500E+00
-4.000000E-01,  3.650000E+00, -5.308500E-01,  4.707000E+00, -6.396100E-01, -2.972400E-01, -2.971700E+00
-4.000000E-01,  3.700000E+00,  5.341200E-01,  4.780700E+00, -6.288800E-01, -1.886100E-01, -2.967400E+00
-4.000000E-01,  3.750000E+00,  5.411200E-01,  4.852100E+00, -6.191900E-01, -8.092800E-02, -2.949600E+00
-4.000000E-01,  3.800000E+00,  5.513200E-01,  4.919500E+00, -6.101100E-01,  2.578800E-02, -2.918800E+00
-4.000000E-01,  3.850000E+00,  5.642200E-01,  4.982000E+00, -6.012700E-01,  1.313100E-01, -2.875600E+00
-4.000000E-01,  3.900000E+00,  5.801100E-01,  5.037900E+00, -5.931500E-01,  2.356200E-01, -2.821800E+00
-4.000000E-01,  3.950000E+00,  5.975400E-01,  5.087600E+00, -5.843000E-01,  3.380600E-01, -2.756300E+00
-4.000000E-01,  4.000000E+00,  6.167800E-01,  5.129700E+00, -5.753100E-01,  4.383000E-01, -2.680200E+00
-4.000000E-01,  4.050000E+00,  6.371900E-01,  5.163200E+00, -5.654600E-01,  5.355200E-01, -2.593500E+00
-4.000000E-01,  4.100000E+00,  6.582000E-01,  5.190500E+00, -5.457600E-01,  6.290300E-01, -2.500200E+00
-4.000000E-01,  4.150000E+00,  6.791700E-01,  5.215000E+00, -5.118900E-01,  7.178500E-01, -2.401000E+00
-4.000000E-01,  4.200000E+00,  6.994600E-01,  5.236400E+00, -4.637000E-01,  8.013300E-01, -2.297500E+00
-4.000000E-01,  4.250000E+00,  7.196700E-01,  5.255900E+00, -4.011100E-01,  8.790200E-01, -2.189200E+00
-4.000000E-01,  4.300000E+00,  7.392500E-01,  5.273100E+00, -3.241500E-01,  9.504500E-01, -2.077500E+00
-4.000000E-01,  4.350000E+00,  7.585900E-01,  5.288700E+00, -2.329500E-01,  1.015300E+00, -1.962500E+00
-4.000000E-01,  4.400000E+00,  7.775200E-01,  5.303200E+00, -1.275500E-01,  1.073600E+00, -1.843800E+00
-4.000000E-01,  4.450000E+00,  7.959700E-01,  5.316200E+00, -7.973700E-03,  1.124400E+00, -1.722300E+00
-4.000000E-01,  4.500000E+00,  8.140700E-01,  5.328500E+00,  1.255100E-01,  1.168000E+00, -1.597900E+00
-4.000000E-01,  4.550000E+00,  8.317900E-01,  5.339400E+00,  2.729300E-01,  1.204300E+00, -1.470000E+00
-4.000000E-01,  4.600000E+00,  8.492200E-01,  5.349700E+00,  4.342500E-01,  1.232500E+00, -1.339600E+00
-4.000000E-01,  4.650000E+00,  8.664800E-01,  5.359300E+00,  6.092800E-01,  1.253600E+00, -1.206100E+00
-4.000000E-01,  4.700000E+00,  1.000000E+01,  5.312800E+00,  7.830400E-01,  1.255900E+00, -1.074300E+00
-4.000000E-01,  4.750000E+00,  1.000000E+01,  5.330200E+00,  9.419400E-01,  1.231200E+00, -9.519600E-01
-4.000000E-01,  4.800000E+00,  1.000000E+01,  5.352500E+00,  1.025600E+00,  1.142200E+00, -8.796100E-01
-4.000000E-01,  4.850000E+00,  1.000000E+01,  5.362800E+00,  1.109200E+00,  1.053200E+00, -8.072600E-01
-4.000000E-01,  4.900000E+00,  1.000000E+01,  5.374100E+00,  1.192900E+00,  9.642200E-01, -7.349100E-01
-4.000000E-01,  4.950000E+00,  1.000000E+01,  5.382300E+00,  1.276500E+00,  8.752200E-01, -6.625600E-01
-4.000000E-01,  5.000000E+00,  1.000000E+01,  5.391100E+00,  1.360100E+00,  7.862100E-01, -5.902100E-01
-4.000000E-01,  5.050000E+00,  1.000000E+01,  5.398100E+00,  1.443800E+00,  6.972000E-01, -5.178600E-01
-4.000000E-01,  5.100000E+00,  1.000000E+01,  5.402400E+00,  1.527400E+00,  6.081900E-01, -4.455200E-01
-4.000000E-01,  5.150000E+00,  1.000000E+01,  5.404500E+00,  1.611100E+00,  5.191900E-01, -3.731700E-01
-4.000000E-01,  5.200000E+00,  1.000000E+01,  5.402600E+00,  1.694700E+00,  4.301800E-01, -3.008200E-01
-4.000000E-01,  5.250000E+00,  1.000000E+01,  5.394100E+00,  1.778300E+00,  3.411700E-01, -2.284700E-01
-4.000000E-01,  5.300000E+00,  1.000000E+01,  5.377400E+00,  1.862000E+00,  2.521600E-01, -1.561200E-01
-4.000000E-01,  5.350000E+00,  1.000000E+01,  5.350100E+00,  1.945600E+00,  1.631600E-01, -8.377200E-02
-4.000000E-01,  5.400000E+00,  1.000000E+01,  5.304600E+00,  2.029200E+00,  7.414900E-02, -1.142300E-02
-4.000000E-01,  5.450000E+00,  1.000000E+01,  5.236200E+00,  2.112900E+00, -1.485800E-02,  6.092500E-02
-4.000000E-01,  5.500000E+00,  1.000000E+01,  5.147300E+00,  2.196500E+00, -1.038700E-01,  1.332700E-01
-3.500000E-01,  2.300000E+00, -1.000000E+01,  3.878100E+00,  2.280200E+00, -1.928700E-01,  2.056200E-01
-3.500000E-01,  2.350000E+00, -1.000000E+01,  3.874400E+00,  2.255400E+00, -3.200600E-01,  2.211400E-01
-3.500000E-01,  2.400000E+00, -8.708700E-01,  3.842700E+00,  1.986900E+00, -5.043100E-01,  1.267200E-01
-3.500000E-01,  2.450000E+00, -8.561200E-01,  3.851200E+00,  1.690900E+00, -6.777000E-01,  9.151400E-03
-3.500000E-01,  2.500000E+00, -8.411700E-01,  3.860100E+00,  1.411300E+00, -8.319200E-01, -1.133500E-01
-3.500000E-01,  2.550000E+00, -8.257800E-01,  3.869700E+00,  1.148100E+00, -9.673100E-01, -2.409800E-01
-3.500000E-01,  2.600000E+00, -8.101300E-01,  3.879400E+00,  9.028200E-01, -1.083800E+00, -3.733900E-01
-3.500000E-01,  2.650000E+00, -7.940700E-01,  3.889300E+00,  6.741000E-01, -1.181800E+00, -5.108700E-01
-3.500000E-01,  2.700000E+00, -7.774200E-01,  3.900200E+00,  4.636100E-01, -1.260900E+00, -6.530300E-01
-3.500000E-01,  2.750000E+00, -7.605100E-01,  3.911300E+00,  2.710700E-01, -1.322000E+00, -8.000700E-01
-3.500000E-01,  2.800000E+00, -7.431800E-01,  3.922900E+00,  9.731500E-02, -1.364800E+00, -9.516100E-01
-3.500000E-01,  2.850000E+00, -7.251800E-01,  3.935200E+00, -5.748100E-02, -1.390300E+00, -1.107700E+00
-3.500000E-01,  2.900000E+00, -7.065200E-01,  3.948400E+00, -1.924000E-01, -1.398300E+00, -1.268200E+00
-3.500000E-01,  2.950000E+00, -6.870300E-01,  3.962900E+00, -3.071800E-01, -1.389700E+00, -1.432600E+00
-3.500000E-01,  3.000000E+00, -6.671700E-01,  3.978000E+00, -4.007200E-01, -1.364200E+00, -1.600300E+00
-3.500000E-01,  3.050000E+00, -6.462800E-01,  3.994400E+00, -4.725100E-01, -1.323100E+00, -1.771600E+00
-3.500000E-01,  3.100000E+00, -6.247000E-01,  4.012300E+00, -5.217000E-01, -1.267200E+00, -1.944700E+00
-3.500000E-01,  3.150000E+00, -6.034200E-01,  4.039400E+00, -5.555000E-01, -1.199600E+00, -2.109000E+00
-3.500000E-01,  3.200000E+00, -5.819200E-01,  4.074200E+00, -5.782600E-01, -1.122200E+00, -2.260900E+00
-3.500000E-01,  3.250000E+00, -5.600700E-01,  4.117000E+00, -5.911900E-01, -1.036300E+00, -2.398900E+00
-3.500000E-01,  3.300000E+00, -5.389600E-01,  4.167800E+00, -5.960300E-01, -9.451600E-01, -2.519800E+00
-3.500000E-01,  3.350000E+00, -5.187000E-01,  4.225600E+00, -5.944800E-01, -8.497100E-01, -2.623000E+00
-3.500000E-01,  3.400000E+00, -5.005200E-01,  4.291300E+00, -5.886000E-01, -7.523000E-01, -2.708000E+00
-3.500000E-01,  3.450000E+00, -4.844500E-01,  4.364700E+00, -5.797100E-01, -6.534400E-01, -2.775500E+00
-3.500000E-01,  3.500000E+00, -4.713500E-01,  4.444900E+00, -5.692000E-01, -5.542900E-01, -2.825700E+00
-3.500000E-01,  3.550000E+00, -4.621300E-01,  4.530100E+00, -5.582800E-01, -4.556500E-01, -2.860400E+00
-3.500000E-01,  3.600000E+00, -4.570100E-01,  4.619200E+00, -5.475700E-01, -3.576700E-01, -2.879900E+00
-3.500000E-01,  3.650000E+00, -4.561700E-01,  4.709500E+00, -5.374700E-01, -2.604000E-01, -2.885600E+00
-3.500000E-01,  3.700000E+00,  4.596800E-01,  4.799200E+00, -5.283300E-01, -1.639400E-01, -2.878400E+00
-3.500000E-01,  3.750000E+00,  4.673900E-01,  4.885600E+00, -5.200700E-01, -6.833200E-02, -2.859000E+00
-3.500000E-01,  3.800000E+00,  4.790800E-01,  4.966500E+00, -5.127300E-01,  2.643600E-02, -2.828600E+00
-3.500000E-01,  3.850000E+00,  4.942300E-01,  5.041100E+00, -5.060300E-01,  1.204100E-01, -2.787900E+00
-3.500000E-01,  3.900000E+00,  5.117500E-01,  5.108100E+00, -4.992100E-01,  2.133500E-01, -2.736400E+00
-3.500000E-01,  3.950000E+00,  5.315300E-01,  5.167400E+00, -4.922800E-01,  3.052700E-01, -2.675500E+00
-3.500000E-01,  4.000000E+00,  5.529600E-01,  5.218800E+00, -4.847200E-01,  3.958800E-01, -2.605200E+00
-3.500000E-01,  4.050000E+00,  5.751500E-01,  5.262900E+00, -4.758800E-01,  4.843200E-01, -2.526400E+00
-3.500000E-01,  4.100000E+00,  5.978200E-01,  5.298700E+00, -4.655200E-01,  5.703000E-01, -2.438800E+00
-3.500000E-01,  4.150000E+00,  6.206200E-01,  5.325900E+00, -4.532800E-01,  6.526800E-01, -2.343300E+00
-3.500000E-01,  4.200000E+00,  6.438200E-01,  5.343900E+00, -4.376900E-01,  7.308400E-01, -2.240200E+00
-3.500000E-01,  4.250000E+00,  6.665200E-01,  5.359200E+00, -4.083200E-01,  8.034800E-01, -2.132800E+00
-3.500000E-01,  4.300000E+00,  6.885200E-01,  5.372900E+00, -3.640700E-01,  8.697000E-01, -2.022800E+00
-3.500000E-01,  4.350000E+00,  7.099900E-01,  5.384900E+00, -3.052000E-01,  9.293700E-01, -1.909600E+00
-3.500000E-01,  4.400000E+00,  7.304400E-01,  5.396000E+00, -2.318600E-01,  9.817300E-01, -1.793300E+00
-3.500000E-01,  4.450000E+00,  7.507000E-01,  5.406000E+00, -1.443700E-01,  1.026700E+00, -1.673900E+00
-3.500000E-01,  4.500000E+00,  7.704200E-01,  5.415100E+00, -4.266100E-02,  1.064400E+00, -1.551700E+00
-3.500000E-01,  4.550000E+00,  7.894500E-01,  5.423600E+00,  7.296800E-02,  1.094300E+00, -1.426800E+00
-3.500000E-01,  4.600000E+00,  8.081500E-01,  5.431500E+00,  2.026400E-01,  1.116400E+00, -1.299400E+00
-3.500000E-01,  4.650000E+00,  8.263400E-01,  5.438700E+00,  3.460800E-01,  1.130100E+00, -1.168600E+00
-3.500000E-01,  4.700000E+00,  8.440700E-01,  5.445400E+00,  5.032700E-01,  1.136400E+00, -1.035400E+00
-3.500000E-01,  4.750000E+00,  8.615500E-01,  5.451500E+00,  6.743600E-01,  1.133700E+00, -8.991000E-01
-3.500000E-01,  4.800000E+00,  1.000000E+01,  5.406300E+00,  8.418200E-01,  1.114400E+00, -7.660500E-01
-3.500000E-01,  4.850000E+00,  1.000000E+01,  5.422400E+00,  9.889100E-01,  1.070900E+00, -6.458700E-01
-3.500000E-01,  4.900000E+00,  1.000000E+01,  5.448500E+00,  1.063900E+00,  9.820400E-01, -5.786300E-01
-3.500000E-01,  4.950000E+00,  1.000000E+01,  5.456100E+00,  1.138900E+00,  8.932100E-01, -5.113800E-01
-3.500000E-01,  5.000000E+00,  1.000000E+01,  5.463700E+00,  1.213800E+00,  8.043800E-01, -4.441400E-01
-3.500000E-01,  5.050000E+00,  1.000000E+01,  5.469900E+00,  1.288800E+00,  7.155500E-01, -3.769000E-01
-3.500000E-01,  5.100000E+00,  1.000000E+01,  5.473800E+00,  1.363800E+00,  6.267200E-01, -3.096600E-01
-3.500000E-01,  5.150000E+00,  1.000000E+01,  5.476300E+00,  1.438800E+00,  5.378900E-01, -2.424100E-01
-3.500000E-01,  5.200000E+00,  1.000000E+01,  5.474100E+00,  1.513800E+00,  4.490600E-01, -1.751700E-01
-3.500000E-01,  5.250000E+00,  1.000000E+01,  5.466700E+00,  1.588700E+00,  3.602300E-01, -1.079300E-01
-3.500000E-01,  5.300000E+00,  1.000000E+01,  5.452200E+00,  1.663700E+00,  2.714000E-01, -4.068500E-02
-3.500000E-01,  5.350000E+00,  1.000000E+01,  5.428100E+00,  1.738700E+00,  1.825700E-01,  2.655800E-02
-3.500000E-01,  5.400000E+00,  1.000000E+01,  5.390800E+00,  1.813700E+00,  9.374000E-02,  9.380100E-02
-3.500000E-01,  5.450000E+00,  1.000000E+01,  5.332200E+00,  1.888700E+00,  4.909100E-03,  1.610400E-01
-3.500000E-01,  5.500000E+00,  1.000000E+01,  5.246100E+00,  1.963600E+00, -8.392100E-02,  2.282900E-01
-3.000000E-01,  2.300000E+00, -8.675000E-01,  3.734400E+00,  2.038600E+00, -1.727500E-01,  2.955300E-01
-3.000000E-01,  2.350000E+00, -8.530300E-01,  3.740600E+00,  1.758700E+00, -3.758900E-01,  1.884700E-01
-3.000000E-01,  2.400000E+00, -8.381700E-01,  3.747200E+00,  1.494100E+00, -5.595200E-01,  7.644100E-02
-3.000000E-01,  2.450000E+00, -8.230100E-01,  3.754500E+00,  1.245000E+00, -7.237500E-01, -4.060200E-02
-3.000000E-01,  2.500000E+00, -8.076000E-01,  3.761800E+00,  1.011700E+00, -8.686400E-01, -1.626200E-01
-3.000000E-01,  2.550000E+00, -7.915800E-01,  3.769200E+00,  7.947100E-01, -9.944300E-01, -2.896400E-01
-3.000000E-01,  2.600000E+00, -7.754800E-01,  3.776900E+00,  5.939900E-01, -1.101000E+00, -4.216700E-01
-3.000000E-01,  2.650000E+00, -7.587100E-01,  3.785000E+00,  4.099200E-01, -1.188600E+00, -5.586700E-01
-3.000000E-01,  2.700000E+00, -7.416400E-01,  3.793600E+00,  2.427500E-01, -1.257900E+00, -7.007700E-01
-3.000000E-01,  2.750000E+00, -7.237700E-01,  3.802300E+00,  9.306900E-02, -1.308000E+00, -8.477900E-01
-3.000000E-01,  2.800000E+00, -7.055400E-01,  3.811600E+00, -3.897000E-02, -1.340000E+00, -9.997300E-01
-3.000000E-01,  2.850000E+00, -6.869100E-01,  3.821300E+00, -1.527100E-01, -1.354100E+00, -1.156500E+00
-3.000000E-01,  2.900000E+00, -6.672000E-01,  3.831400E+00, -2.478700E-01, -1.350200E+00, -1.318500E+00
-3.000000E-01,  2.950000E+00, -6.467400E-01,  3.842400E+00, -3.238700E-01, -1.328700E+00, -1.485200E+00
-3.000000E-01,  3.000000E+00, -6.257900E-01,  3.853700E+00, -3.800600E-01, -1.290000E+00, -1.656200E+00
-3.000000E-01,  3.050000E+00, -6.042800E-01,  3.872400E+00, -4.222700E-01, -1.238900E+00, -1.823100E+00
-3.000000E-01,  3.100000E+00, -5.815100E-01,  3.898800E+00, -4.549000E-01, -1.177300E+00, -1.983400E+00
-3.000000E-01,  3.150000E+00, -5.575200E-01,  3.931600E+00, -4.782500E-01, -1.106700E+00, -2.134600E+00
-3.000000E-01,  3.200000E+00, -5.328500E-01,  3.971400E+00, -4.928700E-01, -1.028600E+00, -2.273400E+00
-3.000000E-01,  3.250000E+00, -5.081000E-01,  4.018900E+00, -4.999700E-01, -9.456000E-01, -2.396900E+00
-3.000000E-01,  3.300000E+00, -4.836200E-01,  4.075300E+00, -5.010100E-01, -8.583600E-01, -2.505000E+00
-3.000000E-01,  3.350000E+00, -4.602300E-01,  4.140100E+00, -4.974500E-01, -7.689800E-01, -2.596300E+00
-3.000000E-01,  3.400000E+00, -4.389000E-01,  4.215200E+00, -4.908600E-01, -6.787900E-01, -2.670600E+00
-3.000000E-01,  3.450000E+00, -4.198400E-01,  4.299500E+00, -4.821900E-01, -5.880100E-01, -2.729000E+00
-3.000000E-01,  3.500000E+00, -4.043200E-01,  4.393400E+00, -4.726200E-01, -4.977300E-01, -2.771400E+00
-3.000000E-01,  3.550000E+00, -3.931800E-01,  4.495500E+00, -4.629900E-01, -4.082800E-01, -2.799900E+00
-3.000000E-01,  3.600000E+00, -3.868400E-01,  4.603100E+00, -4.537400E-01, -3.196800E-01, -2.814700E+00
-3.000000E-01,  3.650000E+00,  3.855900E-01,  4.713000E+00, -4.451400E-01, -2.318500E-01, -2.817200E+00
-3.000000E-01,  3.700000E+00,  3.894800E-01,  4.821700E+00, -4.374500E-01, -1.448500E-01, -2.807900E+00
-3.000000E-01,  3.750000E+00,  3.983000E-01,  4.925600E+00, -4.306000E-01, -5.858200E-02, -2.787800E+00
-3.000000E-01,  3.800000E+00,  4.116800E-01,  5.022400E+00, -4.245600E-01,  2.698000E-02, -2.757100E+00
-3.000000E-01,  3.850000E+00,  4.290600E-01,  5.109800E+00, -4.192500E-01,  1.119400E-01, -2.717400E+00
-3.000000E-01,  3.900000E+00,  4.491900E-01,  5.187200E+00, -4.140300E-01,  1.962100E-01, -2.668400E+00
-3.000000E-01,  3.950000E+00,  4.713700E-01,  5.255100E+00, -4.086000E-01,  2.797000E-01, -2.610400E+00
-3.000000E-01,  4.000000E+00,  4.954600E-01,  5.313500E+00, -4.028900E-01,  3.623900E-01, -2.544400E+00
-3.000000E-01,  4.050000E+00,  5.200400E-01,  5.363400E+00, -3.959300E-01,  4.436400E-01, -2.470500E+00
-3.000000E-01,  4.100000E+00,  5.453900E-01,  5.404600E+00, -3.879200E-01,  5.234200E-01, -2.388700E+00
-3.000000E-01,  4.150000E+00,  5.702600E-01,  5.438400E+00, -3.779800E-01,  6.005900E-01, -2.300700E+00
-3.000000E-01,  4.200000E+00,  5.948600E-01,  5.464800E+00, -3.662400E-01,  6.747200E-01, -2.205700E+00
-3.000000E-01,  4.250000E+00,  6.186900E-01,  5.483000E+00, -3.521600E-01,  7.449000E-01, -2.104300E+00
-3.000000E-01,  4.300000E+00,  6.420800E-01,  5.492600E+00, -3.342400E-01,  8.101800E-01, -1.997200E+00
-3.000000E-01,  4.350000E+00,  6.650100E-01,  5.499300E+00, -3.037300E-01,  8.684900E-01, -1.886200E+00
-3.000000E-01,  4.400000E+00,  6.871700E-01,  5.505600E+00, -2.590400E-01,  9.191100E-01, -1.772600E+00
-3.000000E-01,  4.450000E+00,  7.086400E-01,  5.511500E+00, -2.003100E-01,  9.615400E-01, -1.656200E+00
-3.000000E-01,  4.500000E+00,  7.294700E-01,  5.517100E+00, -1.276400E-01,  9.959900E-01, -1.537200E+00
-3.000000E-01,  4.550000E+00,  7.495500E-01,  5.521700E+00, -4.106900E-02,  1.021800E+00, -1.415200E+00
-3.000000E-01,  4.600000E+00,  7.691400E-01,  5.526600E+00,  5.922700E-02,  1.039400E+00, -1.290500E+00
-3.000000E-01,  4.650000E+00,  7.881300E-01,  5.530500E+00,  1.733100E-01,  1.048900E+00, -1.162800E+00
-3.000000E-01,  4.700000E+00,  8.067800E-01,  5.534700E+00,  3.010700E-01,  1.049200E+00, -1.032600E+00
-3.000000E-01,  4.750000E+00,  8.248900E-01,  5.538200E+00,  4.424800E-01,  1.041000E+00, -8.993000E-01
-3.000000E-01,  4.800000E+00,  8.426900E-01,  5.542000E+00,  5.974800E-01,  1.024200E+00, -7.632800E-01
-3.000000E-01,  4.850000E+00,  8.600800E-01,  5.545100E+00,  7.660200E-01,  9.983400E-01, -6.244900E-01
-3.000000E-01,  4.900000E+00,  8.770700E-01,  5.548100E+00,  9.481100E-01,  9.638700E-01, -4.828500E-01
-3.000000E-01,  4.950000E+00,  1.000000E+01,  5.516700E+00,  1.082800E+00,  9.002000E-01, -3.658800E-01
-3.000000E-01,  5.000000E+00,  1.000000E+01,  5.544500E+00,  1.123400E+00,  8.010800E-01, -3.156200E-01
-3.000000E-01,  5.050000E+00,  1.000000E+01,  5.549400E+00,  1.163900E+00,  7.019600E-01, -2.653700E-01
-3.000000E-01,  5.100000E+00,  1.000000E+01,  5.554000E+00,  1.204400E+00,  6.028400E-01, -2.151200E-01
-3.000000E-01,  5.150000E+00,  1.000000E+01,  5.555900E+00,  1.244900E+00,  5.037200E-01, -1.648700E-01
-3.000000E-01,  5.200000E+00,  1.000000E+01,  5.555000E+00,  1.285400E+00,  4.045900E-01, -1.146200E-01
-3.000000E-01,  5.250000E+00,  1.000000E+01,  5.549300E+00,  1.325900E+00,  3.054700E-01, -6.437100E-02
-3.000000E-01,  5.300000E+00,  1.000000E+01,  5.537400E+00,  1.366400E+00,  2.063500E-01, -1.412000E-02
-3.000000E-01,  5.350000E+00,  1.000000E+01,  5.517300E+00,  1.406900E+00,  1.072300E-01,  3.613000E-02
-3.000000E-01,  5.400000E+00,  1.000000E+01,  5.486100E+00,  1.447400E+00,  8.109000E-03,  8.638100E-02
-3.000000E-01,  5.450000E+00,  1.000000E+01,  5.438100E+00,  1.487900E+00, -9.101200E-02,  1.366300E-01
-3.000000E-01,  5.500000E+00,  1.000000E+01,  5.352500E+00,  1.528400E+00, -1.901300E-01,  1.868800E-01
-2.500000E-01,  2.300000E+00, -8.409100E-01,  3.637200E+00,  1.568900E+00, -2.892600E-01,  2.371300E-01
-2.500000E-01,  2.350000E+00, -8.260400E-01,  3.642200E+00,  1.334600E+00, -4.824900E-01,  1.299000E-01
-2.500000E-01,  2.400000E+00, -8.111100E-01,  3.647500E+00,  1.114400E+00, -6.557400E-01,  1.780100E-02
-2.500000E-01,  2.450000E+00, -7.958400E-01,  3.652800E+00,  9.086100E-01, -8.091800E-01, -9.924800E-02
-2.500000E-01,  2.500000E+00, -7.800400E-01,  3.658600E+00,  7.177700E-01, -9.429500E-01, -2.212300E-01
-2.500000E-01,  2.550000E+00, -7.639600E-01,  3.664300E+00,  5.419300E-01, -1.056700E+00, -3.481700E-01
-2.500000E-01,  2.600000E+00, -7.472800E-01,  3.670200E+00,  3.814400E-01, -1.151400E+00, -4.800000E-01
-2.500000E-01,  2.650000E+00, -7.305000E-01,  3.676500E+00,  2.364700E-01, -1.226100E+00, -6.168500E-01
-2.500000E-01,  2.700000E+00, -7.128600E-01,  3.683000E+00,  1.074500E-01, -1.281500E+00, -7.586300E-01
-2.500000E-01,  2.750000E+00, -6.950600E-01,  3.689400E+00, -5.498500E-03, -1.317700E+00, -9.055600E-01
-2.500000E-01,  2.800000E+00, -6.764200E-01,  3.696000E+00, -1.018200E-01, -1.334700E+00, -1.057300E+00
-2.500000E-01,  2.850000E+00, -6.572100E-01,  3.703200E+00, -1.812900E-01, -1.333000E+00, -1.214100E+00
-2.500000E-01,  2.900000E+00, -6.373700E-01,  3.710900E+00, -2.436400E-01, -1.312100E+00, -1.376300E+00
-2.500000E-01,  2.950000E+00, -6.169800E-01,  3.720300E+00, -2.896600E-01, -1.274200E+00, -1.540000E+00
-2.500000E-01,  3.000000E+00, -5.948100E-01,  3.736800E+00, -3.280400E-01, -1.226100E+00, -1.702400E+00
-2.500000E-01,  3.050000E+00, -5.707900E-01,  3.759000E+00, -3.590500E-01, -1.168800E+00, -1.860700E+00
-2.500000E-01,  3.100000E+00, -5.452900E-01,  3.787000E+00, -3.823900E-01, -1.103800E+00, -2.010700E+00
-2.500000E-01,  3.150000E+00, -5.182400E-01,  3.821100E+00, -3.983800E-01, -1.031800E+00, -2.151700E+00
-2.500000E-01,  3.200000E+00, -4.905100E-01,  3.862200E+00, -4.076100E-01, -9.545600E-01, -2.279700E+00
-2.500000E-01,  3.250000E+00, -4.622300E-01,  3.911300E+00, -4.111700E-01, -8.735900E-01, -2.393200E+00
-2.500000E-01,  3.300000E+00, -4.344100E-01,  3.970200E+00, -4.102900E-01, -7.905000E-01, -2.491000E+00
-2.500000E-01,  3.350000E+00, -4.073100E-01,  4.040000E+00, -4.060400E-01, -7.060000E-01, -2.573300E+00
-2.500000E-01,  3.400000E+00, -3.823300E-01,  4.122300E+00, -3.996900E-01, -6.215800E-01, -2.639500E+00
-2.500000E-01,  3.450000E+00, -3.599200E-01,  4.218000E+00, -3.919800E-01, -5.374300E-01, -2.691100E+00
-2.500000E-01,  3.500000E+00, -3.411400E-01,  4.327200E+00, -3.836600E-01, -4.539900E-01, -2.728200E+00
-2.500000E-01,  3.550000E+00, -3.273900E-01,  4.449100E+00, -3.754100E-01, -3.716900E-01, -2.751700E+00
-2.500000E-01,  3.600000E+00, -3.193800E-01,  4.580200E+00, -3.676400E-01, -2.903300E-01, -2.763300E+00
-2.500000E-01,  3.650000E+00,  3.175200E-01,  4.715900E+00, -3.605100E-01, -2.098600E-01, -2.763400E+00
-2.500000E-01,  3.700000E+00,  3.219300E-01,  4.849900E+00, -3.541500E-01, -1.301200E-01, -2.752400E+00
-2.500000E-01,  3.750000E+00,  3.322900E-01,  4.976700E+00, -3.485900E-01, -5.105300E-02, -2.731500E+00
-2.500000E-01,  3.800000E+00,  3.480800E-01,  5.092000E+00, -3.438500E-01,  2.743900E-02, -2.701100E+00
-2.500000E-01,  3.850000E+00,  3.681700E-01,  5.193900E+00, -3.396100E-01,  1.054700E-01, -2.662400E+00
-2.500000E-01,  3.900000E+00,  3.911400E-01,  5.282500E+00, -3.355300E-01,  1.830300E-01, -2.615000E+00
-2.500000E-01,  3.950000E+00,  4.164800E-01,  5.357300E+00, -3.314700E-01,  2.600600E-01, -2.559400E+00
-2.500000E-01,  4.000000E+00,  4.433600E-01,  5.420600E+00, -3.271700E-01,  3.365400E-01, -2.496100E+00
-2.500000E-01,  4.050000E+00,  4.707300E-01,  5.473800E+00, -3.219900E-01,  4.120700E-01, -2.425900E+00
-2.500000E-01,  4.100000E+00,  4.985200E-01,  5.517700E+00, -3.159200E-01,  4.865100E-01, -2.348600E+00
-2.500000E-01,  4.150000E+00,  5.257800E-01,  5.554000E+00, -3.082800E-01,  5.591200E-01, -2.264900E+00
-2.500000E-01,  4.200000E+00,  5.525700E-01,  5.583300E+00, -2.991400E-01,  6.296600E-01, -2.175400E+00
-2.500000E-01,  4.250000E+00,  5.783100E-01,  5.605500E+00, -2.881400E-01,  6.970900E-01, -2.080600E+00
-2.500000E-01,  4.300000E+00,  6.027600E-01,  5.621400E+00, -2.750500E-01,  7.607200E-01, -1.981500E+00
-2.500000E-01,  4.350000E+00,  6.259600E-01,  5.630000E+00, -2.596800E-01,  8.200100E-01, -1.877800E+00
-2.500000E-01,  4.400000E+00,  6.487000E-01,  5.632000E+00, -2.382800E-01,  8.732200E-01, -1.768600E+00
-2.500000E-01,  4.450000E+00,  6.708200E-01,  5.633100E+00, -2.038800E-01,  9.172100E-01, -1.656900E+00
-2.500000E-01,  4.500000E+00,  6.922800E-01,  5.634000E+00, -1.561500E-01,  9.520300E-01, -1.541900E+00
-2.500000E-01,  4.550000E+00,  7.128400E-01,  5.634700E+00, -9.511500E-02,  9.774300E-01, -1.424000E+00
-2.500000E-01,  4.600000E+00,  7.329100E-01,  5.635800E+00, -2.075300E-02,  9.938400E-01, -1.303300E+00
-2.500000E-01,  4.650000E+00,  7.523800E-01,  5.636800E+00,  6.688300E-02,  1.000600E+00, -1.179600E+00
-2.500000E-01,  4.700000E+00,  7.714400E-01,  5.637500E+00,  1.677900E-01,  9.979800E-01, -1.053200E+00
-2.500000E-01,  4.750000E+00,  7.901200E-01,  5.638300E+00,  2.820000E-01,  9.860100E-01, -9.238200E-01
-2.500000E-01,  4.800000E+00,  8.082400E-01,  5.639100E+00,  4.094600E-01,  9.647500E-01, -7.916300E-01
-2.500000E-01,  4.850000E+00,  8.258600E-01,  5.639600E+00,  5.501700E-01,  9.340400E-01, -6.564700E-01
-2.500000E-01,  4.900000E+00,  8.432900E-01,  5.640600E+00,  7.041300E-01,  8.939200E-01, -5.183400E-01
-2.500000E-01,  4.950000E+00,  8.604000E-01,  5.641100E+00,  8.713300E-01,  8.444400E-01, -3.773400E-01
-2.500000E-01,  5.000000E+00,  8.769200E-01,  5.641500E+00,  1.051800E+00,  7.855500E-01, -2.334100E-01
-2.500000E-01,  5.050000E+00,  1.000000E+01,  5.614200E+00,  1.174200E+00,  7.019700E-01, -1.201300E-01
-2.500000E-01,  5.100000E+00,  1.000000E+01,  5.642900E+00,  1.175100E+00,  5.913500E-01, -8.959300E-02
-2.500000E-01,  5.150000E+00,  1.000000E+01,  5.645800E+00,  1.176000E+00,  4.807300E-01, -5.905200E-02
-2.500000E-01,  5.200000E+00,  1.000000E+01,  5.645700E+00,  1.176900E+00,  3.701100E-01, -2.851200E-02
-2.500000E-01,  5.250000E+00,  1.000000E+01,  5.642800E+00,  1.177700E+00,  2.594800E-01,  2.028200E-03
-2.500000E-01,  5.300000E+00,  1.000000E+01,  5.634500E+00,  1.178600E+00,  1.488600E-01,  3.256800E-02
-2.500000E-01,  5.350000E+00,  1.000000E+01,  5.618900E+00,  1.179500E+00,  3.823900E-02,  6.310900E-02
-2.500000E-01,  5.400000E+00,  1.000000E+01,  5.592300E+00,  1.180400E+00, -7.238300E-02,  9.364900E-02
-2.500000E-01,  5.450000E+00,  1.000000E+01,  5.550900E+00,  1.181200E+00, -1.830000E-01,  1.241900E-01
-2.500000E-01,  5.500000E+00,  1.000000E+01,  5.491700E+00,  1.182100E+00, -2.936300E-01,  1.547300E-01
-2.000000E-01,  2.300000E+00, -8.195100E-01,  3.537900E+00,  1.183000E+00, -4.042500E-01,  1.852700E-01
-2.000000E-01,  2.350000E+00, -8.048100E-01,  3.542000E+00,  9.928000E-01, -5.878500E-01,  7.782600E-02
-2.000000E-01,  2.400000E+00, -7.897000E-01,  3.545700E+00,  8.151300E-01, -7.511400E-01, -3.449500E-02
-2.000000E-01,  2.450000E+00, -7.742200E-01,  3.549700E+00,  6.505300E-01, -8.940200E-01, -1.516900E-01
-2.000000E-01,  2.500000E+00, -7.585300E-01,  3.553900E+00,  4.992000E-01, -1.016800E+00, -2.736300E-01
-2.000000E-01,  2.550000E+00, -7.425600E-01,  3.557900E+00,  3.613100E-01, -1.118600E+00, -4.004000E-01
-2.000000E-01,  2.600000E+00, -7.258700E-01,  3.562500E+00,  2.370600E-01, -1.200500E+00, -5.321200E-01
-2.000000E-01,  2.650000E+00, -7.087900E-01,  3.566700E+00,  1.268500E-01, -1.262200E+00, -6.686100E-01
-2.000000E-01,  2.700000E+00, -6.914900E-01,  3.571500E+00,  3.087400E-02, -1.303900E+00, -8.099800E-01
-2.000000E-01,  2.750000E+00, -6.734700E-01,  3.576400E+00, -5.060000E-02, -1.325400E+00, -9.564000E-01
-2.000000E-01,  2.800000E+00, -6.550100E-01,  3.581200E+00, -1.173100E-01, -1.326700E+00, -1.107200E+00
-2.000000E-01,  2.850000E+00, -6.357900E-01,  3.586200E+00, -1.689000E-01, -1.308300E+00, -1.263500E+00
-2.000000E-01,  2.900000E+00, -6.160800E-01,  3.593200E+00, -2.070700E-01, -1.271900E+00, -1.421700E+00
-2.000000E-01,  2.950000E+00, -5.940300E-01,  3.605800E+00, -2.403100E-01, -1.226700E+00, -1.580200E+00
-2.000000E-01,  3.000000E+00, -5.696700E-01,  3.622500E+00, -2.684200E-01, -1.173300E+00, -1.736500E+00
-2.000000E-01,  3.050000E+00, -5.433600E-01,  3.644000E+00, -2.907100E-01, -1.112800E+00, -1.887200E+00
-2.000000E-01,  3.100000E+00, -5.150400E-01,  3.670500E+00, -3.071700E-01, -1.045300E+00, -2.030600E+00
-2.000000E-01,  3.150000E+00, -4.852700E-01,  3.702600E+00, -3.179400E-01, -9.730300E-01, -2.163300E+00
-2.000000E-01,  3.200000E+00, -4.544000E-01,  3.741900E+00, -3.236800E-01, -8.968800E-01, -2.283000E+00
-2.000000E-01,  3.250000E+00, -4.227900E-01,  3.789500E+00, -3.252200E-01, -8.181400E-01, -2.388500E+00
-2.000000E-01,  3.300000E+00, -3.912900E-01,  3.848000E+00, -3.235300E-01, -7.382100E-01, -2.478900E+00
-2.000000E-01,  3.350000E+00, -3.604500E-01,  3.919000E+00, -3.194700E-01, -6.578700E-01, -2.554400E+00
-2.000000E-01,  3.400000E+00, -3.311400E-01,  4.005600E+00, -3.138800E-01, -5.779100E-01, -2.614800E+00
-2.000000E-01,  3.450000E+00, -3.047700E-01,  4.110700E+00, -3.074100E-01, -4.989200E-01, -2.661000E+00
-2.000000E-01,  3.500000E+00, -2.821000E-01,  4.236000E+00, -3.006100E-01, -4.208600E-01, -2.694100E+00
-2.000000E-01,  3.550000E+00, -2.646800E-01,  4.382200E+00, -2.939000E-01, -3.439400E-01, -2.714200E+00
-2.000000E-01,  3.600000E+00, -2.541600E-01,  4.545400E+00, -2.875900E-01, -2.681000E-01, -2.723100E+00
-2.000000E-01,  3.650000E+00,  2.513300E-01,  4.717800E+00, -2.818700E-01, -1.931300E-01, -2.721200E+00
-2.000000E-01,  3.700000E+00,  2.564600E-01,  4.888300E+00, -2.768700E-01, -1.189400E-01, -2.709300E+00
-2.000000E-01,  3.750000E+00,  2.691400E-01,  5.046300E+00, -2.725500E-01, -4.538700E-02, -2.688200E+00
-2.000000E-01,  3.800000E+00,  2.880600E-01,  5.185000E+00, -2.688700E-01,  2.776300E-02, -2.658100E+00
-2.000000E-01,  3.850000E+00,  3.113500E-01,  5.302700E+00, -2.655000E-01,  1.005400E-01, -2.619700E+00
-2.000000E-01,  3.900000E+00,  3.380600E-01,  5.400700E+00, -2.624200E-01,  1.730600E-01, -2.573600E+00
-2.000000E-01,  3.950000E+00,  3.669800E-01,  5.481100E+00, -2.594900E-01,  2.452500E-01, -2.519700E+00
-2.000000E-01,  4.000000E+00,  3.969000E-01,  5.546300E+00, -2.562600E-01,  3.169300E-01, -2.458800E+00
-2.000000E-01,  4.050000E+00,  4.274000E-01,  5.599900E+00, -2.526300E-01,  3.880400E-01, -2.390900E+00
-2.000000E-01,  4.100000E+00,  4.575900E-01,  5.643100E+00, -2.480900E-01,  4.582400E-01, -2.316900E+00
-2.000000E-01,  4.150000E+00,  4.873700E-01,  5.678900E+00, -2.425500E-01,  5.272300E-01, -2.236800E+00
-2.000000E-01,  4.200000E+00,  5.161000E-01,  5.707400E+00, -2.355700E-01,  5.944200E-01, -2.151100E+00
-2.000000E-01,  4.250000E+00,  5.438200E-01,  5.729800E+00, -2.272300E-01,  6.594300E-01, -2.060600E+00
-2.000000E-01,  4.300000E+00,  5.699500E-01,  5.747500E+00, -2.172200E-01,  7.212900E-01, -1.966000E+00
-2.000000E-01,  4.350000E+00,  5.945500E-01,  5.759500E+00, -2.055500E-01,  7.793900E-01, -1.868000E+00
-2.000000E-01,  4.400000E+00,  6.174700E-01,  5.765900E+00, -1.919900E-01,  8.330100E-01, -1.766400E+00
-2.000000E-01,  4.450000E+00,  6.391000E-01,  5.765600E+00, -1.751300E-01,  8.812900E-01, -1.661300E+00
-2.000000E-01,  4.500000E+00,  6.602300E-01,  5.763100E+00, -1.481100E-01,  9.198600E-01, -1.552400E+00
-2.000000E-01,  4.550000E+00,  6.806500E-01,  5.761000E+00, -1.088800E-01,  9.482400E-01, -1.440400E+00
-2.000000E-01,  4.600000E+00,  7.007100E-01,  5.758900E+00, -5.735800E-02,  9.661000E-01, -1.325500E+00
-2.000000E-01,  4.650000E+00,  7.201300E-01,  5.756700E+00,  6.541200E-03,  9.737800E-01, -1.207400E+00
-2.000000E-01,  4.700000E+00,  7.391500E-01,  5.754400E+00,  8.285300E-02,  9.706000E-01, -1.086300E+00
-2.000000E-01,  4.750000E+00,  7.573900E-01,  5.752400E+00,  1.716400E-01,  9.575500E-01, -9.620200E-01
-2.000000E-01,  4.800000E+00,  7.755900E-01,  5.750600E+00,  2.729800E-01,  9.339800E-01, -8.348200E-01
-2.000000E-01,  4.850000E+00,  7.933200E-01,  5.748900E+00,  3.869600E-01,  9.006200E-01, -7.045600E-01
-2.000000E-01,  4.900000E+00,  8.108700E-01,  5.747000E+00,  5.135400E-01,  8.569500E-01, -5.712800E-01
-2.000000E-01,  4.950000E+00,  8.278200E-01,  5.745300E+00,  6.528100E-01,  8.031500E-01, -4.349500E-01
-2.000000E-01,  5.000000E+00,  8.445900E-01,  5.743700E+00,  8.048500E-01,  7.392900E-01, -2.955800E-01
-2.000000E-01,  5.050000E+00,  8.609400E-01,  5.741900E+00,  9.694600E-01,  6.654800E-01, -1.533000E-01
-2.000000E-01,  5.100000E+00,  8.770000E-01,  5.740400E+00,  1.147000E+00,  5.816500E-01, -7.905300E-03
-2.000000E-01,  5.150000E+00,  1.000000E+01,  5.719000E+00,  1.254100E+00,  4.781000E-01,  1.003200E-01
-2.000000E-01,  5.200000E+00,  1.000000E+01,  5.746600E+00,  1.203600E+00,  3.567100E-01,  1.061300E-01
-2.000000E-01,  5.250000E+00,  1.000000E+01,  5.746000E+00,  1.153200E+00,  2.353100E-01,  1.119500E-01
-2.000000E-01,  5.300000E+00,  1.000000E+01,  5.741900E+00,  1.102700E+00,  1.139100E-01,  1.177700E-01
-2.000000E-01,  5.350000E+00,  1.000000E+01,  5.731200E+00,  1.052200E+00, -7.493200E-03,  1.235800E-01
-2.000000E-01,  5.400000E+00,  1.000000E+01,  5.712900E+00,  1.001700E+00, -1.288900E-01,  1.294000E-01
-2.000000E-01,  5.450000E+00,  1.000000E+01,  5.683000E+00,  9.511700E-01, -2.502900E-01,  1.352100E-01
-2.000000E-01,  5.500000E+00,  1.000000E+01,  5.638700E+00,  9.006800E-01, -3.716900E-01,  1.410300E-01
-1.500000E-01,  2.300000E+00, -8.033500E-01,  3.438300E+00,  8.501800E-01, -4.930900E-01,  1.468500E-01
-1.500000E-01,  2.350000E+00, -7.887100E-01,  3.441300E+00,  7.049400E-01, -6.690800E-01,  3.908700E-02
-1.500000E-01,  2.400000E+00, -7.737200E-01,  3.443800E+00,  5.701600E-01, -8.241100E-01, -7.342600E-02
-1.500000E-01,  2.450000E+00, -7.582100E-01,  3.446500E+00,  4.461400E-01, -9.580200E-01, -1.906500E-01
-1.500000E-01,  2.500000E+00, -7.428700E-01,  3.449100E+00,  3.330400E-01, -1.071100E+00, -3.126300E-01
-1.500000E-01,  2.550000E+00, -7.265900E-01,  3.452600E+00,  2.310700E-01, -1.163500E+00, -4.393700E-01
-1.500000E-01,  2.600000E+00, -7.101200E-01,  3.455300E+00,  1.404300E-01, -1.234800E+00, -5.708900E-01
-1.500000E-01,  2.650000E+00, -6.934000E-01,  3.458500E+00,  6.141200E-02, -1.285400E+00, -7.071900E-01
-1.500000E-01,  2.700000E+00, -6.761000E-01,  3.461600E+00, -5.763700E-03, -1.315300E+00, -8.482400E-01
-1.500000E-01,  2.750000E+00, -6.582700E-01,  3.465000E+00, -6.083500E-02, -1.324100E+00, -9.940100E-01
-1.500000E-01,  2.800000E+00, -6.401500E-01,  3.468100E+00, -1.036100E-01, -1.312200E+00, -1.144600E+00
-1.500000E-01,  2.850000E+00, -6.211100E-01,  3.472400E+00, -1.345900E-01, -1.281000E+00, -1.298800E+00
-1.500000E-01,  2.900000E+00, -6.000000E-01,  3.480200E+00, -1.611300E-01, -1.238600E+00, -1.453900E+00
-1.500000E-01,  2.950000E+00, -5.763100E-01,  3.491700E+00, -1.845700E-01, -1.189500E+00, -1.608500E+00
-1.500000E-01,  3.000000E+00, -5.501300E-01,  3.506500E+00, -2.042100E-01, -1.132700E+00, -1.760100E+00
-1.500000E-01,  3.050000E+00, -5.215500E-01,  3.524100E+00, -2.197000E-01, -1.069500E+00, -1.906600E+00
-1.500000E-01,  3.100000E+00, -4.910700E-01,  3.546900E+00, -2.307900E-01, -1.001500E+00, -2.044000E+00
-1.500000E-01,  3.150000E+00, -4.587400E-01,  3.574300E+00, -2.378100E-01, -9.292100E-01, -2.170700E+00
-1.500000E-01,  3.200000E+00, -4.250100E-01,  3.608600E+00, -2.413000E-01, -8.537600E-01, -2.284500E+00
-1.500000E-01,  3.250000E+00, -3.904400E-01,  3.650800E+00, -2.417700E-01, -7.769400E-01, -2.383900E+00
-1.500000E-01,  3.300000E+00, -3.552700E-01,  3.703600E+00, -2.399800E-01, -6.994100E-01, -2.469200E+00
-1.500000E-01,  3.350000E+00, -3.205900E-01,  3.770100E+00, -2.365900E-01, -6.222200E-01, -2.539700E+00
-1.500000E-01,  3.400000E+00, -2.868300E-01,  3.854900E+00, -2.321300E-01, -5.457600E-01, -2.596000E+00
-1.500000E-01,  3.450000E+00, -2.553800E-01,  3.963400E+00, -2.271200E-01, -4.704500E-01, -2.638300E+00
-1.500000E-01,  3.500000E+00, -2.279000E-01,  4.102400E+00, -2.219300E-01, -3.965500E-01, -2.668400E+00
-1.500000E-01,  3.550000E+00, -2.057700E-01,  4.277500E+00, -2.168100E-01, -3.237200E-01, -2.686100E+00
-1.500000E-01,  3.600000E+00, -1.914600E-01,  4.487300E+00, -2.120100E-01, -2.519300E-01, -2.693300E+00
-1.500000E-01,  3.650000E+00,  1.871000E-01,  4.719000E+00, -2.077300E-01, -1.810000E-01, -2.689900E+00
-1.500000E-01,  3.700000E+00,  1.935400E-01,  4.947900E+00, -2.040700E-01, -1.108500E-01, -2.677500E+00
-1.500000E-01,  3.750000E+00,  2.093800E-01,  5.150900E+00, -2.009100E-01, -4.123500E-02, -2.655700E+00
-1.500000E-01,  3.800000E+00,  2.320900E-01,  5.318000E+00, -1.981100E-01,  2.798200E-02, -2.625900E+00
-1.500000E-01,  3.850000E+00,  2.600100E-01,  5.449800E+00, -1.957000E-01,  9.693200E-02, -2.587800E+00
-1.500000E-01,  3.900000E+00,  2.911300E-01,  5.552400E+00, -1.935000E-01,  1.657300E-01, -2.542800E+00
-1.500000E-01,  3.950000E+00,  3.237900E-01,  5.632300E+00, -1.913400E-01,  2.342900E-01, -2.490500E+00
-1.500000E-01,  4.000000E+00,  3.573900E-01,  5.694900E+00, -1.891300E-01,  3.025600E-01, -2.431000E+00
-1.500000E-01,  4.050000E+00,  3.907200E-01,  5.744300E+00, -1.865300E-01,  3.703400E-01, -2.365300E+00
-1.500000E-01,  4.100000E+00,  4.236500E-01,  5.783900E+00, -1.834400E-01,  4.374300E-01, -2.293200E+00
-1.500000E-01,  4.150000E+00,  4.555600E-01,  5.814900E+00, -1.794500E-01,  5.035300E-01, -2.215900E+00
-1.500000E-01,  4.200000E+00,  4.863300E-01,  5.840100E+00, -1.745700E-01,  5.682700E-01, -2.132600E+00
-1.500000E-01,  4.250000E+00,  5.156100E-01,  5.860300E+00, -1.684700E-01,  6.310400E-01, -2.045300E+00
-1.500000E-01,  4.300000E+00,  5.434100E-01,  5.875700E+00, -1.612600E-01,  6.913300E-01, -1.953700E+00
-1.500000E-01,  4.350000E+00,  5.693100E-01,  5.887600E+00, -1.527200E-01,  7.483100E-01, -1.858700E+00
-1.500000E-01,  4.400000E+00,  5.933900E-01,  5.895500E+00, -1.428400E-01,  8.013000E-01, -1.761200E+00
-1.500000E-01,  4.450000E+00,  6.153900E-01,  5.899000E+00, -1.314000E-01,  8.495300E-01, -1.661000E+00
-1.500000E-01,  4.500000E+00,  6.358600E-01,  5.897400E+00, -1.174600E-01,  8.920700E-01, -1.559000E+00
-1.500000E-01,  4.550000E+00,  6.553000E-01,  5.893900E+00, -9.563900E-02,  9.246300E-01, -1.453700E+00
-1.500000E-01,  4.600000E+00,  6.743800E-01,  5.890000E+00, -6.361300E-02,  9.463600E-01, -1.345100E+00
-1.500000E-01,  4.650000E+00,  6.931300E-01,  5.886300E+00, -2.105700E-02,  9.567800E-01, -1.233300E+00
-1.500000E-01,  4.700000E+00,  7.115400E-01,  5.883000E+00,  3.218100E-02,  9.557400E-01, -1.118800E+00
-1.500000E-01,  4.750000E+00,  7.292900E-01,  5.879400E+00,  9.628300E-02,  9.437100E-01, -1.001000E+00
-1.500000E-01,  4.800000E+00,  7.468000E-01,  5.875700E+00,  1.714200E-01,  9.209000E-01, -8.799800E-01
-1.500000E-01,  4.850000E+00,  7.640700E-01,  5.872500E+00,  2.577900E-01,  8.868500E-01, -7.560300E-01
-1.500000E-01,  4.900000E+00,  7.809600E-01,  5.869100E+00,  3.555200E-01,  8.419300E-01, -6.291000E-01
-1.500000E-01,  4.950000E+00,  7.975500E-01,  5.865600E+00,  4.647900E-01,  7.861700E-01, -4.989700E-01
-1.500000E-01,  5.000000E+00,  8.137300E-01,  5.862300E+00,  5.857600E-01,  7.196000E-01, -3.657700E-01
-1.500000E-01,  5.050000E+00,  8.298900E-01,  5.858700E+00,  7.185600E-01,  6.422000E-01, -2.294400E-01
-1.500000E-01,  5.100000E+00,  8.455800E-01,  5.855600E+00,  8.632500E-01,  5.541100E-01, -9.005300E-02
-1.500000E-01,  5.150000E+00,  8.611800E-01,  5.852500E+00,  1.020200E+00,  4.554100E-01,  5.245000E-02
-1.500000E-01,  5.200000E+00,  8.766300E-01,  5.849200E+00,  1.188900E+00,  3.461100E-01,  1.980400E-01
-1.500000E-01,  5.250000E+00,  1.000000E+01,  5.834600E+00,  1.346500E+00,  2.237900E-01,  3.346900E-01
-1.500000E-01,  5.300000E+00,  1.000000E+01,  5.859200E+00,  1.213800E+00,  9.472700E-02,  2.993000E-01
-1.500000E-01,  5.350000E+00,  1.000000E+01,  5.855000E+00,  1.081200E+00, -3.433500E-02,  2.639000E-01
-1.500000E-01,  5.400000E+00,  1.000000E+01,  5.844000E+00,  9.484900E-01, -1.634000E-01,  2.285000E-01
-1.500000E-01,  5.450000E+00,  1.000000E+01,  5.825400E+00,  8.158300E-01, -2.924600E-01,  1.931000E-01
-1.500000E-01,  5.500000E+00,  1.000000E+01,  5.796400E+00,  6.831700E-01, -4.215200E-01,  1.577100E-01
-1.000000E-01,  2.300000E+00, -7.921100E-01,  3.339200E+00,  5.505100E-01, -5.505900E-01,  1.223100E-01
-1.000000E-01,  2.350000E+00, -7.774400E-01,  3.340700E+00,  4.521000E-01, -7.211900E-01,  1.435900E-02
-1.000000E-01,  2.400000E+00, -7.625900E-01,  3.342600E+00,  3.612500E-01, -8.704800E-01, -9.833600E-02
-1.000000E-01,  2.450000E+00, -7.473600E-01,  3.344300E+00,  2.781200E-01, -9.982800E-01, -2.156800E-01
-1.000000E-01,  2.500000E+00, -7.317000E-01,  3.345900E+00,  2.028600E-01, -1.104700E+00, -3.377600E-01
-1.000000E-01,  2.550000E+00, -7.161200E-01,  3.347800E+00,  1.356200E-01, -1.190200E+00, -4.645800E-01
-1.000000E-01,  2.600000E+00, -6.996800E-01,  3.349600E+00,  7.655100E-02, -1.253900E+00, -5.961100E-01
-1.000000E-01,  2.650000E+00, -6.830100E-01,  3.351700E+00,  2.585200E-02, -1.296800E+00, -7.323100E-01
-1.000000E-01,  2.700000E+00, -6.659900E-01,  3.353500E+00, -1.629000E-02, -1.318000E+00, -8.732900E-01
-1.000000E-01,  2.750000E+00, -6.483000E-01,  3.355700E+00, -4.968000E-02, -1.318100E+00, -1.018900E+00
-1.000000E-01,  2.800000E+00, -6.303700E-01,  3.358000E+00, -7.413400E-02, -1.297000E+00, -1.169200E+00
-1.000000E-01,  2.850000E+00, -6.109700E-01,  3.361600E+00, -9.279100E-02, -1.259500E+00, -1.321600E+00
-1.000000E-01,  2.900000E+00, -5.887300E-01,  3.367900E+00, -1.098700E-01, -1.214400E+00, -1.475000E+00
-1.000000E-01,  2.950000E+00, -5.635700E-01,  3.376200E+00, -1.249400E-01, -1.162400E+00, -1.628000E+00
-1.000000E-01,  3.000000E+00, -5.359300E-01,  3.387100E+00, -1.374100E-01, -1.103600E+00, -1.776700E+00
-1.000000E-01,  3.050000E+00, -5.058400E-01,  3.400000E+00, -1.471000E-01, -1.039500E+00, -1.919300E+00
-1.000000E-01,  3.100000E+00, -4.734400E-01,  3.416300E+00, -1.539500E-01, -9.706000E-01, -2.053300E+00
-1.000000E-01,  3.150000E+00, -4.392300E-01,  3.437000E+00, -1.581900E-01, -8.983700E-01, -2.175300E+00
-1.000000E-01,  3.200000E+00, -4.032400E-01,  3.462100E+00, -1.600900E-01, -8.239400E-01, -2.284800E+00
-1.000000E-01,  3.250000E+00, -3.660100E-01,  3.493900E+00, -1.601500E-01, -7.484000E-01, -2.380600E+00
-1.000000E-01,  3.300000E+00, -3.279600E-01,  3.535100E+00, -1.587700E-01, -6.727400E-01, -2.462000E+00
-1.000000E-01,  3.350000E+00, -2.894500E-01,  3.588500E+00, -1.563200E-01, -5.976600E-01, -2.529100E+00
-1.000000E-01,  3.400000E+00, -2.514900E-01,  3.660200E+00, -1.532700E-01, -5.236800E-01, -2.582200E+00
-1.000000E-01,  3.450000E+00, -2.146900E-01,  3.758400E+00, -1.498400E-01, -4.510500E-01, -2.622300E+00
-1.000000E-01,  3.500000E+00, -1.803600E-01,  3.897700E+00, -1.462900E-01, -3.797800E-01, -2.650300E+00
-1.000000E-01,  3.550000E+00, -1.517900E-01,  4.098100E+00, -1.428500E-01, -3.098900E-01, -2.666800E+00
-1.000000E-01,  3.600000E+00, -1.316800E-01,  4.377400E+00, -1.396400E-01, -2.409700E-01, -2.672400E+00
-1.000000E-01,  3.650000E+00,  1.248700E-01,  4.720400E+00, -1.368200E-01, -1.728100E-01, -2.668500E+00
-1.000000E-01,  3.700000E+00,  1.332000E-01,  5.058800E+00, -1.343500E-01, -1.053100E-01, -2.655100E+00
-1.000000E-01,  3.750000E+00,  1.538000E-01,  5.328500E+00, -1.322000E-01, -3.838600E-02, -2.633600E+00
-1.000000E-01,  3.800000E+00,  1.832700E-01,  5.520800E+00, -1.304700E-01,  2.813900E-02, -2.603500E+00
-1.000000E-01,  3.850000E+00,  2.168200E-01,  5.654500E+00, -1.289300E-01,  9.446200E-02, -2.566100E+00
-1.000000E-01,  3.900000E+00,  2.526100E-01,  5.749400E+00, -1.274700E-01,  1.606100E-01, -2.521500E+00
-1.000000E-01,  3.950000E+00,  2.895500E-01,  5.817900E+00, -1.260900E-01,  2.267600E-01, -2.469800E+00
-1.000000E-01,  4.000000E+00,  3.262400E-01,  5.869600E+00, -1.246000E-01,  2.926700E-01, -2.411700E+00
-1.000000E-01,  4.050000E+00,  3.625800E-01,  5.908400E+00, -1.230000E-01,  3.581900E-01, -2.347200E+00
-1.000000E-01,  4.100000E+00,  3.976700E-01,  5.939100E+00, -1.209400E-01,  4.231300E-01, -2.277100E+00
-1.000000E-01,  4.150000E+00,  4.316000E-01,  5.962900E+00, -1.184400E-01,  4.872200E-01, -2.200700E+00
-1.000000E-01,  4.200000E+00,  4.639400E-01,  5.981800E+00, -1.152600E-01,  5.501500E-01, -2.119700E+00
-1.000000E-01,  4.250000E+00,  4.947100E-01,  5.996900E+00, -1.113400E-01,  6.114000E-01, -2.034100E+00
-1.000000E-01,  4.300000E+00,  5.236500E-01,  6.008700E+00, -1.065800E-01,  6.703800E-01, -1.944700E+00
-1.000000E-01,  4.350000E+00,  5.507000E-01,  6.017600E+00, -1.010300E-01,  7.264600E-01, -1.851900E+00
-1.000000E-01,  4.400000E+00,  5.757300E-01,  6.024000E+00, -9.457400E-02,  7.788600E-01, -1.756200E+00
-1.000000E-01,  4.450000E+00,  5.985500E-01,  6.027700E+00, -8.708600E-02,  8.267300E-01, -1.659100E+00
-1.000000E-01,  4.500000E+00,  6.191100E-01,  6.028900E+00, -7.833100E-02,  8.693900E-01, -1.560400E+00
-1.000000E-01,  4.550000E+00,  6.378000E-01,  6.026500E+00, -6.720900E-02,  9.052200E-01, -1.460200E+00
-1.000000E-01,  4.600000E+00,  6.558200E-01,  6.023400E+00, -4.993600E-02,  9.303000E-01, -1.356800E+00
-1.000000E-01,  4.650000E+00,  6.736800E-01,  6.019900E+00, -2.519500E-02,  9.439900E-01, -1.250800E+00
-1.000000E-01,  4.700000E+00,  6.909600E-01,  6.016500E+00,  7.260500E-03,  9.458400E-01, -1.142100E+00
-1.000000E-01,  4.750000E+00,  7.078000E-01,  6.013300E+00,  4.772800E-02,  9.360400E-01, -1.030400E+00
-1.000000E-01,  4.800000E+00,  7.243900E-01,  6.009900E+00,  9.643000E-02,  9.150600E-01, -9.156300E-01
-1.000000E-01,  4.850000E+00,  7.406700E-01,  6.006400E+00,  1.536500E-01,  8.824500E-01, -7.981200E-01
-1.000000E-01,  4.900000E+00,  7.566800E-01,  6.002800E+00,  2.196400E-01,  8.382900E-01, -6.777500E-01
-1.000000E-01,  4.950000E+00,  7.724600E-01,  5.999300E+00,  2.946500E-01,  7.826800E-01, -5.544800E-01
-1.000000E-01,  5.000000E+00,  7.878800E-01,  5.995500E+00,  3.789700E-01,  7.156500E-01, -4.282300E-01
-1.000000E-01,  5.050000E+00,  8.031500E-01,  5.991900E+00,  4.729300E-01,  6.372000E-01, -2.989500E-01
-1.000000E-01,  5.100000E+00,  8.181800E-01,  5.987900E+00,  5.766800E-01,  5.474600E-01, -1.667800E-01
-1.000000E-01,  5.150000E+00,  8.330100E-01,  5.984200E+00,  6.906600E-01,  4.462800E-01, -3.150200E-02
-1.000000E-01,  5.200000E+00,  8.477500E-01,  5.980400E+00,  8.149300E-01,  3.339500E-01,  1.067000E-01
-1.000000E-01,  5.250000E+00,  8.621300E-01,  5.976700E+00,  9.499600E-01,  2.103500E-01,  2.480100E-01
-1.000000E-01,  5.300000E+00,  8.763500E-01,  5.972900E+00,  1.095700E+00,  7.561800E-02,  3.923000E-01
-1.000000E-01,  5.350000E+00,  1.000000E+01,  5.956600E+00,  1.221600E+00, -7.062000E-02,  5.243600E-01
-1.000000E-01,  5.400000E+00,  1.000000E+01,  5.984900E+00,  9.838700E-01, -1.982000E-01,  4.206200E-01
-1.000000E-01,  5.450000E+00,  1.000000E+01,  5.975200E+00,  7.460900E-01, -3.257800E-01,  3.168900E-01
-1.000000E-01,  5.500000E+00,  1.000000E+01,  5.957300E+00,  5.083100E-01, -4.533600E-01,  2.131500E-01
-5.000000E-02,  2.300000E+00, -7.855200E-01,  3.240100E+00,  2.705400E-01, -5.809500E-01,  1.094100E-01
-5.000000E-02,  2.350000E+00, -7.709100E-01,  3.241100E+00,  2.208500E-01, -7.485800E-01,  1.266900E-03
-5.000000E-02,  2.400000E+00, -7.561700E-01,  3.241600E+00,  1.750900E-01, -8.945500E-01, -1.115600E-01
-5.000000E-02,  2.450000E+00, -7.410200E-01,  3.242500E+00,  1.333700E-01, -1.019100E+00, -2.290800E-01
-5.000000E-02,  2.500000E+00, -7.254700E-01,  3.243600E+00,  9.577500E-02, -1.121900E+00, -3.513000E-01
-5.000000E-02,  2.550000E+00, -7.097300E-01,  3.244200E+00,  6.238800E-02, -1.203100E+00, -4.781900E-01
-5.000000E-02,  2.600000E+00, -6.936000E-01,  3.245300E+00,  3.330500E-02, -1.262800E+00, -6.098100E-01
-5.000000E-02,  2.650000E+00, -6.770900E-01,  3.246200E+00,  8.615500E-03, -1.300800E+00, -7.461600E-01
-5.000000E-02,  2.700000E+00, -6.602900E-01,  3.247500E+00, -1.157500E-02, -1.317500E+00, -8.871700E-01
-5.000000E-02,  2.750000E+00, -6.426900E-01,  3.248300E+00, -2.717000E-02, -1.312200E+00, -1.033000E+00
-5.000000E-02,  2.800000E+00, -6.249000E-01,  3.249200E+00, -3.815700E-02, -1.285700E+00, -1.182900E+00
-5.000000E-02,  2.850000E+00, -6.048800E-01,  3.251500E+00, -4.731200E-02, -1.246500E+00, -1.334900E+00
-5.000000E-02,  2.900000E+00, -5.818800E-01,  3.255200E+00, -5.565200E-02, -1.199500E+00, -1.487500E+00
-5.000000E-02,  2.950000E+00, -5.559700E-01,  3.259300E+00, -6.297600E-02, -1.146400E+00, -1.639100E+00
-5.000000E-02,  3.000000E+00, -5.273000E-01,  3.265000E+00, -6.904400E-02, -1.086600E+00, -1.786300E+00
-5.000000E-02,  3.050000E+00, -4.962600E-01,  3.272100E+00, -7.370200E-02, -1.021500E+00, -1.926500E+00
-5.000000E-02,  3.100000E+00, -4.627400E-01,  3.280600E+00, -7.698900E-02, -9.525400E-01, -2.058000E+00
-5.000000E-02,  3.150000E+00, -4.271900E-01,  3.291400E+00, -7.896800E-02, -8.803500E-01, -2.177800E+00
-5.000000E-02,  3.200000E+00, -3.898300E-01,  3.305200E+00, -7.982900E-02, -8.064600E-01, -2.284900E+00
-5.000000E-02,  3.250000E+00, -3.507100E-01,  3.322400E+00, -7.977100E-02, -7.316700E-01, -2.378500E+00
-5.000000E-02,  3.300000E+00, -3.106600E-01,  3.344900E+00, -7.902000E-02, -6.571300E-01, -2.457600E+00
-5.000000E-02,  3.350000E+00, -2.694000E-01,  3.375600E+00, -7.777000E-02, -5.832900E-01, -2.522800E+00
-5.000000E-02,  3.400000E+00, -2.281100E-01,  3.418000E+00, -7.620700E-02, -5.108100E-01, -2.574300E+00
-5.000000E-02,  3.450000E+00, -1.863200E-01,  3.480300E+00, -7.447600E-02, -4.396900E-01, -2.612900E+00
-5.000000E-02,  3.500000E+00, -1.461200E-01,  3.579700E+00, -7.270700E-02, -3.701200E-01, -2.639600E+00
-5.000000E-02,  3.550000E+00, -1.067300E-01,  3.753300E+00, -7.098000E-02, -3.017100E-01, -2.654400E+00
-5.000000E-02,  3.600000E+00, -7.572600E-02,  4.099400E+00, -6.931000E-02, -2.344500E-01, -2.659700E+00
-5.000000E-02,  3.650000E+00,  6.207200E-02,  4.725000E+00, -6.786500E-02, -1.679300E-01, -2.655800E+00
-5.000000E-02,  3.700000E+00,  7.599900E-02,  5.338300E+00, -6.659300E-02, -1.020400E-01, -2.642500E+00
-5.000000E-02,  3.750000E+00,  1.090600E-01,  5.669600E+00, -6.565700E-02, -3.667800E-02, -2.620400E+00
-5.000000E-02,  3.800000E+00,  1.463700E-01,  5.840300E+00, -6.474700E-02,  2.823300E-02, -2.590800E+00
-5.000000E-02,  3.850000E+00,  1.866300E-01,  5.936200E+00, -6.400700E-02,  9.297800E-02, -2.553200E+00
-5.000000E-02,  3.900000E+00,  2.267300E-01,  5.997600E+00, -6.329100E-02,  1.576700E-01, -2.509200E+00
-5.000000E-02,  3.950000E+00,  2.669500E-01,  6.038700E+00, -6.260400E-02,  2.223200E-01, -2.457800E+00
-5.000000E-02,  4.000000E+00,  3.061400E-01,  6.068700E+00, -6.184500E-02,  2.868700E-01, -2.400200E+00
-5.000000E-02,  4.050000E+00,  3.445900E-01,  6.090700E+00, -6.103900E-02,  3.511400E-01, -2.336400E+00
-5.000000E-02,  4.100000E+00,  3.812700E-01,  6.107400E+00, -6.003700E-02,  4.147900E-01, -2.267200E+00
-5.000000E-02,  4.150000E+00,  4.165800E-01,  6.120100E+00, -5.881100E-02,  4.776800E-01, -2.192100E+00
-5.000000E-02,  4.200000E+00,  4.500300E-01,  6.130500E+00, -5.724500E-02,  5.395300E-01, -2.112200E+00
-5.000000E-02,  4.250000E+00,  4.817800E-01,  6.138300E+00, -5.532600E-02,  5.998500E-01, -2.027500E+00
-5.000000E-02,  4.300000E+00,  5.114800E-01,  6.144800E+00, -5.298700E-02,  6.580600E-01, -1.939100E+00
-5.000000E-02,  4.350000E+00,  5.393000E-01,  6.149700E+00, -5.024100E-02,  7.135400E-01, -1.847200E+00
-5.000000E-02,  4.400000E+00,  5.648700E-01,  6.153400E+00, -4.703900E-02,  7.655000E-01, -1.753300E+00
-5.000000E-02,  4.450000E+00,  5.882900E-01,  6.155600E+00, -4.335500E-02,  8.131500E-01, -1.656900E+00
-5.000000E-02,  4.500000E+00,  6.093800E-01,  6.156600E+00, -3.905400E-02,  8.556900E-01, -1.559700E+00
-5.000000E-02,  4.550000E+00,  6.279800E-01,  6.155900E+00, -3.389000E-02,  8.922000E-01, -1.461700E+00
-5.000000E-02,  4.600000E+00,  6.453800E-01,  6.154100E+00, -2.650200E-02,  9.197400E-01, -1.362000E+00
-5.000000E-02,  4.650000E+00,  6.624500E-01,  6.152500E+00, -1.543500E-02,  9.353300E-01, -1.259600E+00
-5.000000E-02,  4.700000E+00,  6.786400E-01,  6.150300E+00, -3.942600E-04,  9.394300E-01, -1.154600E+00
-5.000000E-02,  4.750000E+00,  6.951400E-01,  6.148400E+00,  1.880800E-02,  9.316400E-01, -1.046800E+00
-5.000000E-02,  4.800000E+00,  7.106000E-01,  6.146700E+00,  4.233400E-02,  9.124100E-01, -9.368900E-01
-5.000000E-02,  4.850000E+00,  7.260100E-01,  6.144400E+00,  7.039100E-02,  8.813200E-01, -8.239800E-01
-5.000000E-02,  4.900000E+00,  7.412300E-01,  6.142100E+00,  1.031900E-01,  8.384800E-01, -7.084200E-01
-5.000000E-02,  4.950000E+00,  7.560700E-01,  6.139800E+00,  1.409600E-01,  7.838900E-01, -5.902800E-01
-5.000000E-02,  5.000000E+00,  7.707700E-01,  6.137900E+00,  1.839000E-01,  7.176500E-01, -4.694500E-01
-5.000000E-02,  5.050000E+00,  7.850000E-01,  6.135500E+00,  2.322400E-01,  6.396900E-01, -3.460500E-01
-5.000000E-02,  5.100000E+00,  7.993100E-01,  6.132800E+00,  2.863100E-01,  5.500200E-01, -2.198900E-01
-5.000000E-02,  5.150000E+00,  8.131900E-01,  6.130300E+00,  3.462600E-01,  4.487200E-01, -9.112300E-02
-5.000000E-02,  5.200000E+00,  8.268400E-01,  6.127900E+00,  4.125000E-01,  3.357200E-01,  4.037500E-02
-5.000000E-02,  5.250000E+00,  8.402900E-01,  6.125300E+00,  4.852300E-01,  2.111100E-01,  1.745400E-01
-5.000000E-02,  5.300000E+00,  8.537800E-01,  6.122700E+00,  5.648000E-01,  7.485400E-02,  3.114500E-01
-5.000000E-02,  5.350000E+00,  8.670500E-01,  6.120100E+00,  6.515500E-01, -7.313800E-02,  4.512100E-01
-5.000000E-02,  5.400000E+00,  8.798600E-01,  6.117000E+00,  7.458200E-01, -2.326500E-01,  5.936800E-01
-5.000000E-02,  5.450000E+00,  1.000000E+01,  6.125200E+00,  7.673800E-01, -3.933400E-01,  6.699500E-01
-5.000000E-02,  5.500000E+00,  1.000000E+01,  6.123100E+00,  4.297000E-01, -4.978300E-01,  4.238600E-01
 0.000000E+00,  2.300000E+00, -7.831400E-01,  3.142000E+00,  1.346400E-15, -5.901800E-01,  1.054400E-01
 0.000000E+00,  2.350000E+00, -7.687000E-01,  3.142000E+00,  1.166500E-15, -7.568600E-01, -2.732900E-03
 0.000000E+00,  2.400000E+00, -7.538600E-01,  3.142000E+00,  1.001800E-15, -9.018300E-01, -1.156000E-01
 0.000000E+00,  2.450000E+00, -7.389600E-01,  3.142000E+00,  8.527700E-16, -1.025100E+00, -2.331800E-01
 0.000000E+00,  2.500000E+00, -7.235900E-01,  3.142000E+00,  7.190400E-16, -1.126700E+00, -3.554700E-01
 0.000000E+00,  2.550000E+00, -7.078400E-01,  3.142000E+00,  6.007300E-16, -1.206700E+00, -4.824800E-01
 0.000000E+00,  2.600000E+00, -6.916900E-01,  3.142000E+00,  4.978600E-16, -1.264800E+00, -6.141200E-01
 0.000000E+00,  2.650000E+00, -6.751800E-01,  3.142000E+00,  4.104500E-16, -1.301600E+00, -7.505300E-01
 0.000000E+00,  2.700000E+00, -6.584400E-01,  3.142000E+00,  3.384400E-16, -1.316500E+00, -8.916000E-01
 0.000000E+00,  2.750000E+00, -6.408600E-01,  3.142000E+00,  2.818300E-16, -1.309800E+00, -1.037400E+00
 0.000000E+00,  2.800000E+00, -6.231200E-01,  3.142000E+00,  2.398300E-16, -1.281900E+00, -1.187300E+00
 0.000000E+00,  2.850000E+00, -6.028700E-01,  3.142000E+00,  2.015600E-16, -1.242000E+00, -1.339400E+00
 0.000000E+00,  2.900000E+00, -5.796100E-01,  3.142000E+00,  1.647800E-16, -1.194900E+00, -1.491700E+00
 0.000000E+00,  2.950000E+00, -5.534200E-01,  3.142000E+00,  1.312900E-16, -1.141000E+00, -1.642600E+00
 0.000000E+00,  3.000000E+00, -5.244300E-01,  3.142000E+00,  1.025200E-16, -1.081000E+00, -1.789500E+00
 0.000000E+00,  3.050000E+00, -4.930300E-01,  3.142000E+00,  7.930000E-17, -1.015600E+00, -1.928900E+00
 0.000000E+00,  3.100000E+00, -4.591700E-01,  3.142000E+00,  6.151200E-17, -9.462800E-01, -2.059600E+00
 0.000000E+00,  3.150000E+00, -4.231200E-01,  3.142000E+00,  4.872300E-17, -8.744300E-01, -2.178600E+00
 0.000000E+00,  3.200000E+00, -3.852700E-01,  3.142000E+00,  4.011300E-17, -8.006800E-01, -2.284900E+00
 0.000000E+00,  3.250000E+00, -3.455200E-01,  3.142000E+00,  3.466200E-17, -7.261800E-01, -2.377600E+00
 0.000000E+00,  3.300000E+00, -3.046800E-01,  3.142000E+00,  3.151100E-17, -6.519700E-01, -2.455700E+00
 0.000000E+00,  3.350000E+00, -2.625000E-01,  3.142000E+00,  2.975200E-17, -5.786000E-01, -2.520800E+00
 0.000000E+00,  3.400000E+00, -2.197700E-01,  3.142000E+00,  2.888200E-17, -5.065800E-01, -2.571600E+00
 0.000000E+00,  3.450000E+00, -1.761600E-01,  3.142000E+00,  2.607000E-17, -4.359800E-01, -2.610100E+00
 0.000000E+00,  3.500000E+00, -1.324200E-01,  3.142000E+00,  2.272600E-17, -3.669100E-01, -2.635900E+00
 0.000000E+00,  3.550000E+00, -8.904800E-02,  3.142000E+00,  2.253800E-17, -2.990200E-01, -2.650000E+00
 0.000000E+00,  3.600000E+00, -4.933300E-02,  3.142000E+00,  2.139200E-17, -2.323700E-01, -2.654300E+00
 0.000000E+00,  3.650000E+00,  5.747600E-03,  6.281900E+00,  2.080600E-17, -1.664000E-01, -2.651100E+00
 0.000000E+00,  3.700000E+00,  4.543300E-02,  6.283100E+00,  1.215100E-17, -1.009600E-01, -2.638200E+00
 0.000000E+00,  3.750000E+00,  8.972200E-02,  6.283200E+00,  6.464900E-18, -3.615500E-02, -2.616200E+00
 0.000000E+00,  3.800000E+00,  1.332800E-01,  6.283200E+00,  9.547100E-20,  2.830600E-02, -2.586500E+00
 0.000000E+00,  3.850000E+00,  1.751100E-01,  6.283200E+00, -6.084900E-18,  9.248800E-02, -2.549500E+00
 0.000000E+00,  3.900000E+00,  2.176400E-01,  6.283200E+00, -1.198700E-17,  1.567300E-01, -2.504600E+00
 0.000000E+00,  3.950000E+00,  2.588800E-01,  6.283200E+00, -1.758900E-17,  2.208800E-01, -2.453800E+00
 0.000000E+00,  4.000000E+00,  2.992500E-01,  6.283200E+00, -2.286000E-17,  2.849900E-01, -2.396600E+00
 0.000000E+00,  4.050000E+00,  3.383200E-01,  6.283200E+00, -2.775400E-17,  3.488300E-01, -2.332900E+00
 0.000000E+00,  4.100000E+00,  3.756900E-01,  6.283200E+00, -3.221500E-17,  4.120600E-01, -2.263900E+00
 0.000000E+00,  4.150000E+00,  4.114700E-01,  6.283200E+00, -3.616300E-17,  4.745700E-01, -2.189200E+00
 0.000000E+00,  4.200000E+00,  4.453000E-01,  6.283200E+00, -3.951800E-17,  5.360500E-01, -2.109600E+00
 0.000000E+00,  4.250000E+00,  4.773800E-01,  6.283200E+00, -4.221000E-17,  5.960700E-01, -2.025000E+00
 0.000000E+00,  4.300000E+00,  5.074000E-01,  6.283200E+00, -4.400600E-17,  6.540100E-01, -1.937000E+00
 0.000000E+00,  4.350000E+00,  5.354300E-01,  6.283200E+00, -4.481800E-17,  7.092900E-01, -1.845800E+00
 0.000000E+00,  4.400000E+00,  5.612400E-01,  6.283200E+00, -4.477300E-17,  7.611000E-01, -1.752300E+00
 0.000000E+00,  4.450000E+00,  5.848800E-01,  6.283200E+00, -4.324000E-17,  8.086400E-01, -1.656300E+00
 0.000000E+00,  4.500000E+00,  6.061200E-01,  6.283200E+00, -4.026600E-17,  8.511400E-01, -1.559400E+00
 0.000000E+00,  4.550000E+00,  6.248400E-01,  6.283200E+00, -3.592000E-17,  8.877200E-01, -1.462300E+00
 0.000000E+00,  4.600000E+00,  6.420000E-01,  6.283200E+00, -2.879500E-17,  9.157000E-01, -1.363600E+00
 0.000000E+00,  4.650000E+00,  6.586000E-01,  6.283200E+00, -2.327000E-17,  9.321500E-01, -1.262200E+00
 0.000000E+00,  4.700000E+00,  6.746400E-01,  6.283200E+00, -1.143500E-17,  9.372900E-01, -1.158400E+00
 0.000000E+00,  4.750000E+00,  6.906000E-01,  6.283200E+00,  3.710300E-18,  9.300400E-01, -1.052200E+00
 0.000000E+00,  4.800000E+00,  7.059900E-01,  6.283200E+00,  2.423000E-17,  9.114200E-01, -9.434200E-01
 0.000000E+00,  4.850000E+00,  7.212300E-01,  6.283200E+00,  4.947100E-17,  8.809900E-01, -8.322100E-01
 0.000000E+00,  4.900000E+00,  7.359700E-01,  6.283200E+00,  8.010000E-17,  8.387600E-01, -7.184800E-01
 0.000000E+00,  4.950000E+00,  7.505700E-01,  6.283200E+00,  1.137900E-16,  7.847400E-01, -6.022300E-01
 0.000000E+00,  5.000000E+00,  7.648400E-01,  6.283200E+00,  1.563900E-16,  7.190000E-01, -4.834700E-01
 0.000000E+00,  5.050000E+00,  7.788100E-01,  6.283200E+00,  2.103200E-16,  6.414600E-01, -3.622400E-01
 0.000000E+00,  5.100000E+00,  7.927800E-01,  6.283200E+00,  2.687700E-16,  5.521600E-01, -2.385200E-01
 0.000000E+00,  5.150000E+00,  8.061200E-01,  6.283200E+00,  3.785700E-16,  4.511200E-01, -1.123000E-01
 0.000000E+00,  5.200000E+00,  8.192700E-01,  6.283200E+00,  4.629600E-16,  3.382800E-01,  1.642100E-02
 0.000000E+00,  5.250000E+00,  8.323800E-01,  6.283200E+00,  5.844100E-16,  2.136700E-01,  1.476600E-01
 0.000000E+00,  5.300000E+00,  8.451800E-01,  6.283200E+00,  6.992100E-16,  7.731900E-02,  2.813500E-01
 0.000000E+00,  5.350000E+00,  8.578900E-01,  6.283200E+00,  8.264000E-16, -7.081100E-02,  4.175700E-01
 0.000000E+00,  5.400000E+00,  8.705800E-01,  6.283200E+00,  1.097400E-15, -2.307100E-01,  5.562700E-01
 0.000000E+00,  5.450000E+00,  8.828700E-01,  6.283200E+00,  1.255000E-15, -4.023700E-01,  6.974800E-01
 0.000000E+00,  5.500000E+00,  1.000000E+01,  6.283200E+00, -2.795400E-02, -5.704600E-01,  7.615200E-01
 5.000000E-02,  2.300000E+00, -7.855200E-01,  3.043100E+00, -2.705400E-01, -5.809500E-01,  1.094100E-01
 5.000000E-02,  2.350000E+00, -7.709100E-01,  3.042600E+00, -2.208500E-01, -7.485800E-01,  1.266900E-03
 5.000000E-02,  2.400000E+00, -7.561700E-01,  3.041500E+00, -1.750900E-01, -8.945500E-01, -1.115600E-01
 5.000000E-02,  2.450000E+00, -7.410200E-01,  3.040500E+00, -1.333700E-01, -1.019100E+00, -2.290800E-01
 5.000000E-02,  2.500000E+00, -7.254700E-01,  3.039800E+00, -9.577500E-02, -1.121900E+00, -3.513000E-01
 5.000000E-02,  2.550000E+00, -7.097300E-01,  3.038900E+00, -6.238800E-02, -1.203100E+00, -4.781900E-01
 5.000000E-02,  2.600000E+00, -6.936000E-01,  3.037800E+00, -3.330500E-02, -1.262800E+00, -6.098100E-01
 5.000000E-02,  2.650000E+00, -6.770900E-01,  3.036900E+00, -8.615500E-03, -1.300800E+00, -7.461600E-01
 5.000000E-02,  2.700000E+00, -6.602900E-01,  3.036100E+00,  1.157500E-02, -1.317500E+00, -8.871700E-01
 5.000000E-02,  2.750000E+00, -6.426900E-01,  3.035100E+00,  2.717000E-02, -1.312200E+00, -1.033000E+00
 5.000000E-02,  2.800000E+00, -6.249000E-01,  3.033800E+00,  3.815700E-02, -1.285700E+00, -1.182900E+00
 5.000000E-02,  2.850000E+00, -6.048800E-01,  3.031700E+00,  4.731200E-02, -1.246500E+00, -1.334900E+00
 5.000000E-02,  2.900000E+00, -5.818800E-01,  3.028300E+00,  5.565200E-02, -1.199500E+00, -1.487500E+00
 5.000000E-02,  2.950000E+00, -5.559700E-01,  3.023700E+00,  6.297600E-02, -1.146400E+00, -1.639100E+00
 5.000000E-02,  3.000000E+00, -5.273000E-01,  3.018000E+00,  6.904400E-02, -1.086600E+00, -1.786300E+00
 5.000000E-02,  3.050000E+00, -4.962600E-01,  3.011200E+00,  7.370200E-02, -1.021500E+00, -1.926500E+00
 5.000000E-02,  3.100000E+00, -4.627400E-01,  3.002500E+00,  7.698900E-02, -9.525400E-01, -2.058000E+00
 5.000000E-02,  3.150000E+00, -4.271900E-01,  2.991900E+00,  7.896800E-02, -8.803500E-01, -2.177800E+00
 5.000000E-02,  3.200000E+00, -3.898400E-01,  2.978200E+00,  7.982900E-02, -8.064600E-01, -2.284900E+00
 5.000000E-02,  3.250000E+00, -3.507100E-01,  2.961100E+00,  7.977100E-02, -7.316700E-01, -2.378500E+00
 5.000000E-02,  3.300000E+00, -3.106600E-01,  2.938400E+00,  7.902000E-02, -6.571300E-01, -2.457600E+00
 5.000000E-02,  3.350000E+00, -2.694000E-01,  2.908000E+00,  7.777000E-02, -5.832900E-01, -2.522800E+00
 5.000000E-02,  3.400000E+00, -2.281200E-01,  2.865200E+00,  7.620700E-02, -5.108100E-01, -2.574300E+00
 5.000000E-02,  3.450000E+00, -1.863200E-01,  2.803000E+00,  7.447600E-02, -4.396900E-01, -2.612900E+00
 5.000000E-02,  3.500000E+00, -1.461200E-01,  2.703800E+00,  7.270700E-02, -3.701200E-01, -2.639600E+00
 5.000000E-02,  3.550000E+00, -1.067400E-01,  2.530000E+00,  7.098000E-02, -3.017100E-01, -2.654400E+00
 5.000000E-02,  3.600000E+00, -7.572000E-02,  2.183800E+00,  6.931000E-02, -2.344500E-01, -2.659700E+00
 5.000000E-02,  3.650000E+00,  6.208400E-02,  1.558600E+00,  6.786500E-02, -1.679300E-01, -2.655800E+00
 5.000000E-02,  3.700000E+00,  7.599900E-02,  9.447400E-01,  6.659300E-02, -1.020400E-01, -2.642500E+00
 5.000000E-02,  3.750000E+00,  1.090600E-01,  6.136900E-01,  6.565700E-02, -3.667800E-02, -2.620400E+00
 5.000000E-02,  3.800000E+00,  1.463700E-01,  4.430600E-01,  6.474700E-02,  2.823300E-02, -2.590800E+00
 5.000000E-02,  3.850000E+00,  1.866300E-01,  3.468100E-01,  6.400700E-02,  9.297800E-02, -2.553200E+00
 5.000000E-02,  3.900000E+00,  2.267400E-01,  2.856700E-01,  6.329100E-02,  1.576700E-01, -2.509200E+00
 5.000000E-02,  3.950000E+00,  2.669500E-01,  2.442000E-01,  6.260400E-02,  2.223200E-01, -2.457800E+00
 5.000000E-02,  4.000000E+00,  3.061400E-01,  2.144900E-01,  6.184500E-02,  2.868700E-01, -2.400200E+00
 5.000000E-02,  4.050000E+00,  3.445900E-01,  1.925500E-01,  6.103900E-02,  3.511400E-01, -2.336400E+00
 5.000000E-02,  4.100000E+00,  3.812700E-01,  1.758100E-01,  6.003700E-02,  4.147900E-01, -2.267200E+00
 5.000000E-02,  4.150000E+00,  4.165800E-01,  1.628700E-01,  5.881100E-02,  4.776800E-01, -2.192100E+00
 5.000000E-02,  4.200000E+00,  4.500300E-01,  1.526700E-01,  5.724500E-02,  5.395300E-01, -2.112200E+00
 5.000000E-02,  4.250000E+00,  4.817800E-01,  1.446700E-01,  5.532600E-02,  5.998500E-01, -2.027500E+00
 5.000000E-02,  4.300000E+00,  5.114800E-01,  1.383400E-01,  5.298700E-02,  6.580600E-01, -1.939100E+00
 5.000000E-02,  4.350000E+00,  5.393000E-01,  1.335000E-01,  5.024100E-02,  7.135400E-01, -1.847200E+00
 5.000000E-02,  4.400000E+00,  5.648700E-01,  1.299500E-01,  4.703900E-02,  7.655000E-01, -1.753300E+00
 5.000000E-02,  4.450000E+00,  5.882900E-01,  1.276400E-01,  4.335500E-02,  8.131500E-01, -1.656900E+00
 5.000000E-02,  4.500000E+00,  6.093800E-01,  1.267100E-01,  3.905400E-02,  8.556900E-01, -1.559700E+00
 5.000000E-02,  4.550000E+00,  6.279800E-01,  1.272500E-01,  3.389000E-02,  8.922000E-01, -1.461700E+00
 5.000000E-02,  4.600000E+00,  6.453800E-01,  1.289300E-01,  2.650200E-02,  9.197400E-01, -1.362000E+00
 5.000000E-02,  4.650000E+00,  6.624500E-01,  1.308100E-01,  1.543500E-02,  9.353300E-01, -1.259600E+00
 5.000000E-02,  4.700000E+00,  6.786400E-01,  1.326900E-01,  3.942600E-04,  9.394300E-01, -1.154600E+00
 5.000000E-02,  4.750000E+00,  6.951300E-01,  1.346500E-01, -1.880800E-02,  9.316400E-01, -1.046800E+00
 5.000000E-02,  4.800000E+00,  7.106000E-01,  1.366700E-01, -4.233400E-02,  9.124100E-01, -9.368900E-01
 5.000000E-02,  4.850000E+00,  7.260100E-01,  1.387500E-01, -7.039100E-02,  8.813200E-01, -8.239800E-01
 5.000000E-02,  4.900000E+00,  7.412300E-01,  1.408900E-01, -1.031900E-01,  8.384800E-01, -7.084200E-01
 5.000000E-02,  4.950000E+00,  7.560700E-01,  1.430800E-01, -1.409600E-01,  7.838900E-01, -5.902800E-01
 5.000000E-02,  5.000000E+00,  7.707700E-01,  1.453600E-01, -1.839000E-01,  7.176500E-01, -4.694500E-01
 5.000000E-02,  5.050000E+00,  7.850000E-01,  1.476900E-01, -2.322400E-01,  6.396900E-01, -3.460500E-01
 5.000000E-02,  5.100000E+00,  7.993100E-01,  1.501100E-01, -2.863100E-01,  5.500200E-01, -2.198900E-01
 5.000000E-02,  5.150000E+00,  8.131900E-01,  1.525900E-01, -3.462600E-01,  4.487200E-01, -9.112300E-02
 5.000000E-02,  5.200000E+00,  8.268400E-01,  1.551600E-01, -4.125000E-01,  3.357200E-01,  4.037500E-02
 5.000000E-02,  5.250000E+00,  8.402900E-01,  1.578000E-01, -4.852300E-01,  2.111100E-01,  1.745400E-01
 5.000000E-02,  5.300000E+00,  8.537800E-01,  1.605600E-01, -5.648000E-01,  7.485400E-02,  3.114500E-01
 5.000000E-02,  5.350000E+00,  8.670500E-01,  1.633400E-01, -6.515500E-01, -7.313800E-02,  4.512100E-01
 5.000000E-02,  5.400000E+00,  8.798600E-01,  1.662600E-01, -7.458200E-01, -2.326500E-01,  5.936800E-01
 5.000000E-02,  5.450000E+00,  1.000000E+01,  1.580600E-01, -8.140700E-01, -3.912300E-01,  6.716100E-01
 5.000000E-02,  5.500000E+00,  1.000000E+01,  1.598700E-01, -7.118700E-01, -4.789700E-01,  4.327700E-01
 1.000000E-01,  2.300000E+00, -7.921000E-01,  2.944200E+00, -5.505100E-01, -5.505900E-01,  1.223100E-01
 1.000000E-01,  2.350000E+00, -7.774400E-01,  2.942600E+00, -4.521000E-01, -7.211900E-01,  1.435900E-02
 1.000000E-01,  2.400000E+00, -7.625900E-01,  2.940900E+00, -3.612500E-01, -8.704800E-01, -9.833600E-02
 1.000000E-01,  2.450000E+00, -7.473600E-01,  2.939000E+00, -2.781200E-01, -9.982800E-01, -2.156800E-01
 1.000000E-01,  2.500000E+00, -7.316900E-01,  2.937500E+00, -2.028600E-01, -1.104700E+00, -3.377600E-01
 1.000000E-01,  2.550000E+00, -7.161200E-01,  2.935200E+00, -1.356200E-01, -1.190200E+00, -4.645800E-01
 1.000000E-01,  2.600000E+00, -6.996800E-01,  2.933500E+00, -7.655100E-02, -1.253900E+00, -5.961100E-01
 1.000000E-01,  2.650000E+00, -6.830100E-01,  2.931500E+00, -2.585200E-02, -1.296800E+00, -7.323100E-01
 1.000000E-01,  2.700000E+00, -6.659900E-01,  2.929600E+00,  1.629000E-02, -1.318000E+00, -8.732900E-01
 1.000000E-01,  2.750000E+00, -6.483000E-01,  2.927500E+00,  4.968000E-02, -1.318100E+00, -1.018900E+00
 1.000000E-01,  2.800000E+00, -6.303700E-01,  2.925500E+00,  7.413400E-02, -1.297000E+00, -1.169200E+00
 1.000000E-01,  2.850000E+00, -6.109700E-01,  2.921500E+00,  9.279100E-02, -1.259500E+00, -1.321600E+00
 1.000000E-01,  2.900000E+00, -5.887300E-01,  2.915500E+00,  1.098700E-01, -1.214400E+00, -1.475000E+00
 1.000000E-01,  2.950000E+00, -5.635700E-01,  2.906800E+00,  1.249400E-01, -1.162400E+00, -1.628000E+00
 1.000000E-01,  3.000000E+00, -5.359300E-01,  2.895900E+00,  1.374100E-01, -1.103600E+00, -1.776700E+00
 1.000000E-01,  3.050000E+00, -5.058400E-01,  2.883100E+00,  1.471000E-01, -1.039500E+00, -1.919300E+00
 1.000000E-01,  3.100000E+00, -4.734400E-01,  2.866800E+00,  1.539500E-01, -9.706000E-01, -2.053300E+00
 1.000000E-01,  3.150000E+00, -4.392300E-01,  2.846500E+00,  1.581900E-01, -8.983700E-01, -2.175300E+00
 1.000000E-01,  3.200000E+00, -4.032400E-01,  2.820900E+00,  1.600900E-01, -8.239400E-01, -2.284800E+00
 1.000000E-01,  3.250000E+00, -3.660100E-01,  2.789100E+00,  1.601500E-01, -7.484000E-01, -2.380600E+00
 1.000000E-01,  3.300000E+00, -3.279600E-01,  2.747900E+00,  1.587700E-01, -6.727400E-01, -2.462000E+00
 1.000000E-01,  3.350000E+00, -2.894500E-01,  2.694800E+00,  1.563200E-01, -5.976600E-01, -2.529100E+00
 1.000000E-01,  3.400000E+00, -2.514800E-01,  2.623000E+00,  1.532700E-01, -5.236800E-01, -2.582200E+00
 1.000000E-01,  3.450000E+00, -2.146900E-01,  2.524600E+00,  1.498400E-01, -4.510500E-01, -2.622300E+00
 1.000000E-01,  3.500000E+00, -1.803600E-01,  2.385600E+00,  1.462900E-01, -3.797800E-01, -2.650300E+00
 1.000000E-01,  3.550000E+00, -1.517900E-01,  2.184900E+00,  1.428500E-01, -3.098900E-01, -2.666800E+00
 1.000000E-01,  3.600000E+00, -1.316800E-01,  1.905600E+00,  1.396400E-01, -2.409700E-01, -2.672400E+00
 1.000000E-01,  3.650000E+00,  1.248700E-01,  1.562600E+00,  1.368200E-01, -1.728100E-01, -2.668500E+00
 1.000000E-01,  3.700000E+00,  1.332000E-01,  1.224300E+00,  1.343500E-01, -1.053100E-01, -2.655100E+00
 1.000000E-01,  3.750000E+00,  1.538100E-01,  9.549700E-01,  1.322000E-01, -3.838600E-02, -2.633600E+00
 1.000000E-01,  3.800000E+00,  1.832700E-01,  7.624300E-01,  1.304700E-01,  2.813900E-02, -2.603500E+00
 1.000000E-01,  3.850000E+00,  2.168100E-01,  6.284700E-01,  1.289300E-01,  9.446200E-02, -2.566100E+00
 1.000000E-01,  3.900000E+00,  2.526100E-01,  5.338600E-01,  1.274700E-01,  1.606100E-01, -2.521500E+00
 1.000000E-01,  3.950000E+00,  2.895500E-01,  4.650400E-01,  1.260900E-01,  2.267600E-01, -2.469800E+00
 1.000000E-01,  4.000000E+00,  3.262400E-01,  4.136500E-01,  1.246000E-01,  2.926700E-01, -2.411700E+00
 1.000000E-01,  4.050000E+00,  3.625800E-01,  3.745600E-01,  1.230000E-01,  3.581900E-01, -2.347200E+00
 1.000000E-01,  4.100000E+00,  3.976700E-01,  3.441600E-01,  1.209400E-01,  4.231300E-01, -2.277100E+00
 1.000000E-01,  4.150000E+00,  4.316000E-01,  3.203100E-01,  1.184400E-01,  4.872200E-01, -2.200700E+00
 1.000000E-01,  4.200000E+00,  4.639400E-01,  3.013600E-01,  1.152600E-01,  5.501500E-01, -2.119700E+00
 1.000000E-01,  4.250000E+00,  4.947100E-01,  2.864200E-01,  1.113400E-01,  6.114000E-01, -2.034100E+00
 1.000000E-01,  4.300000E+00,  5.236500E-01,  2.745900E-01,  1.065800E-01,  6.703800E-01, -1.944700E+00
 1.000000E-01,  4.350000E+00,  5.507000E-01,  2.656500E-01,  1.010300E-01,  7.264600E-01, -1.851900E+00
 1.000000E-01,  4.400000E+00,  5.757300E-01,  2.593000E-01,  9.457400E-02,  7.788600E-01, -1.756200E+00
 1.000000E-01,  4.450000E+00,  5.985500E-01,  2.554300E-01,  8.708600E-02,  8.267300E-01, -1.659100E+00
 1.000000E-01,  4.500000E+00,  6.191100E-01,  2.544500E-01,  7.833100E-02,  8.693900E-01, -1.560400E+00
 1.000000E-01,  4.550000E+00,  6.378000E-01,  2.567300E-01,  6.720900E-02,  9.052200E-01, -1.460200E+00
 1.000000E-01,  4.600000E+00,  6.558200E-01,  2.599300E-01,  4.993600E-02,  9.303000E-01, -1.356800E+00
 1.000000E-01,  4.650000E+00,  6.736800E-01,  2.632200E-01,  2.519500E-02,  9.439900E-01, -1.250800E+00
 1.000000E-01,  4.700000E+00,  6.909600E-01,  2.665500E-01, -7.260500E-03,  9.458400E-01, -1.142100E+00
 1.000000E-01,  4.750000E+00,  7.078000E-01,  2.699400E-01, -4.772800E-02,  9.360400E-01, -1.030400E+00
 1.000000E-01,  4.800000E+00,  7.243900E-01,  2.733800E-01, -9.643000E-02,  9.150600E-01, -9.156300E-01
 1.000000E-01,  4.850000E+00,  7.406700E-01,  2.768700E-01, -1.536500E-01,  8.824500E-01, -7.981200E-01
 1.000000E-01,  4.900000E+00,  7.566800E-01,  2.804400E-01, -2.196400E-01,  8.382900E-01, -6.777500E-01
 1.000000E-01,  4.950000E+00,  7.724600E-01,  2.840000E-01, -2.946500E-01,  7.826800E-01, -5.544800E-01
 1.000000E-01,  5.000000E+00,  7.878800E-01,  2.876400E-01, -3.789700E-01,  7.156500E-01, -4.282300E-01
 1.000000E-01,  5.050000E+00,  8.031500E-01,  2.913200E-01, -4.729300E-01,  6.372000E-01, -2.989500E-01
 1.000000E-01,  5.100000E+00,  8.181700E-01,  2.950500E-01, -5.766800E-01,  5.474600E-01, -1.667800E-01
 1.000000E-01,  5.150000E+00,  8.330100E-01,  2.987900E-01, -6.906600E-01,  4.462800E-01, -3.150200E-02
 1.000000E-01,  5.200000E+00,  8.477400E-01,  3.025500E-01, -8.149300E-01,  3.339500E-01,  1.067000E-01
 1.000000E-01,  5.250000E+00,  8.621300E-01,  3.063700E-01, -9.499600E-01,  2.103500E-01,  2.480100E-01
 1.000000E-01,  5.300000E+00,  8.763500E-01,  3.102000E-01, -1.095700E+00,  7.561800E-02,  3.923000E-01
 1.000000E-01,  5.350000E+00,  1.000000E+01,  3.265600E-01, -1.230000E+00, -6.961500E-02,  5.248900E-01
 1.000000E-01,  5.400000E+00,  1.000000E+01,  2.983600E-01, -1.135000E+00, -1.754800E-01,  4.303800E-01
 1.000000E-01,  5.450000E+00,  1.000000E+01,  3.081700E-01, -1.040100E+00, -2.813500E-01,  3.358700E-01
 1.000000E-01,  5.500000E+00,  1.000000E+01,  3.259100E-01, -9.451300E-01, -3.872200E-01,  2.413600E-01
 1.500000E-01,  2.300000E+00, -8.033500E-01,  2.844900E+00, -8.501800E-01, -4.930900E-01,  1.468500E-01
 1.500000E-01,  2.350000E+00, -7.887000E-01,  2.842300E+00, -7.049400E-01, -6.690800E-01,  3.908700E-02
 1.500000E-01,  2.400000E+00, -7.737100E-01,  2.839400E+00, -5.701600E-01, -8.241100E-01, -7.342600E-02
 1.500000E-01,  2.450000E+00, -7.582100E-01,  2.836500E+00, -4.461400E-01, -9.580200E-01, -1.906500E-01
 1.500000E-01,  2.500000E+00, -7.428700E-01,  2.833900E+00, -3.330400E-01, -1.071100E+00, -3.126300E-01
 1.500000E-01,  2.550000E+00, -7.265800E-01,  2.830600E+00, -2.310700E-01, -1.163500E+00, -4.393700E-01
 1.500000E-01,  2.600000E+00, -7.101200E-01,  2.827800E+00, -1.404300E-01, -1.234800E+00, -5.708900E-01
 1.500000E-01,  2.650000E+00, -6.934000E-01,  2.824800E+00, -6.141200E-02, -1.285400E+00, -7.071900E-01
 1.500000E-01,  2.700000E+00, -6.761000E-01,  2.821400E+00,  5.763700E-03, -1.315300E+00, -8.482400E-01
 1.500000E-01,  2.750000E+00, -6.582700E-01,  2.818100E+00,  6.083500E-02, -1.324100E+00, -9.940100E-01
 1.500000E-01,  2.800000E+00, -6.401500E-01,  2.814900E+00,  1.036100E-01, -1.312200E+00, -1.144600E+00
 1.500000E-01,  2.850000E+00, -6.211100E-01,  2.810800E+00,  1.345900E-01, -1.281000E+00, -1.298800E+00
 1.500000E-01,  2.900000E+00, -6.000000E-01,  2.802900E+00,  1.611300E-01, -1.238600E+00, -1.453900E+00
 1.500000E-01,  2.950000E+00, -5.763100E-01,  2.791500E+00,  1.845700E-01, -1.189500E+00, -1.608500E+00
 1.500000E-01,  3.000000E+00, -5.501300E-01,  2.776800E+00,  2.042100E-01, -1.132700E+00, -1.760100E+00
 1.500000E-01,  3.050000E+00, -5.215500E-01,  2.758900E+00,  2.197000E-01, -1.069500E+00, -1.906600E+00
 1.500000E-01,  3.100000E+00, -4.910700E-01,  2.736200E+00,  2.307900E-01, -1.001500E+00, -2.044000E+00
 1.500000E-01,  3.150000E+00, -4.587400E-01,  2.708800E+00,  2.378100E-01, -9.292100E-01, -2.170700E+00
 1.500000E-01,  3.200000E+00, -4.250100E-01,  2.674400E+00,  2.413000E-01, -8.537600E-01, -2.284500E+00
 1.500000E-01,  3.250000E+00, -3.904400E-01,  2.632200E+00,  2.417700E-01, -7.769400E-01, -2.383900E+00
 1.500000E-01,  3.300000E+00, -3.552700E-01,  2.579900E+00,  2.399800E-01, -6.994100E-01, -2.469200E+00
 1.500000E-01,  3.350000E+00, -3.205900E-01,  2.513100E+00,  2.365900E-01, -6.222200E-01, -2.539700E+00
 1.500000E-01,  3.400000E+00, -2.868300E-01,  2.428200E+00,  2.321300E-01, -5.457600E-01, -2.596000E+00
 1.500000E-01,  3.450000E+00, -2.553800E-01,  2.319800E+00,  2.271200E-01, -4.704500E-01, -2.638300E+00
 1.500000E-01,  3.500000E+00, -2.279000E-01,  2.180700E+00,  2.219300E-01, -3.965500E-01, -2.668400E+00
 1.500000E-01,  3.550000E+00, -2.057600E-01,  2.005600E+00,  2.168100E-01, -3.237200E-01, -2.686100E+00
 1.500000E-01,  3.600000E+00, -1.914600E-01,  1.795700E+00,  2.120100E-01, -2.519300E-01, -2.693300E+00
 1.500000E-01,  3.650000E+00,  1.871100E-01,  1.564400E+00,  2.077300E-01, -1.810000E-01, -2.689900E+00
 1.500000E-01,  3.700000E+00,  1.935400E-01,  1.335200E+00,  2.040700E-01, -1.108500E-01, -2.677500E+00
 1.500000E-01,  3.750000E+00,  2.093800E-01,  1.132100E+00,  2.009100E-01, -4.123500E-02, -2.655700E+00
 1.500000E-01,  3.800000E+00,  2.320800E-01,  9.653900E-01,  1.981100E-01,  2.798200E-02, -2.625900E+00
 1.500000E-01,  3.850000E+00,  2.600100E-01,  8.334800E-01,  1.957000E-01,  9.693200E-02, -2.587800E+00
 1.500000E-01,  3.900000E+00,  2.911300E-01,  7.307900E-01,  1.935000E-01,  1.657300E-01, -2.542800E+00
 1.500000E-01,  3.950000E+00,  3.237800E-01,  6.508900E-01,  1.913400E-01,  2.342900E-01, -2.490500E+00
 1.500000E-01,  4.000000E+00,  3.573900E-01,  5.883900E-01,  1.891300E-01,  3.025600E-01, -2.431000E+00
 1.500000E-01,  4.050000E+00,  3.907200E-01,  5.389200E-01,  1.865300E-01,  3.703400E-01, -2.365300E+00
 1.500000E-01,  4.100000E+00,  4.236500E-01,  4.996600E-01,  1.834400E-01,  4.374300E-01, -2.293200E+00
 1.500000E-01,  4.150000E+00,  4.555600E-01,  4.681600E-01,  1.794500E-01,  5.035300E-01, -2.215900E+00
 1.500000E-01,  4.200000E+00,  4.863300E-01,  4.429700E-01,  1.745700E-01,  5.682700E-01, -2.132600E+00
 1.500000E-01,  4.250000E+00,  5.156100E-01,  4.228800E-01,  1.684700E-01,  6.310400E-01, -2.045300E+00
 1.500000E-01,  4.300000E+00,  5.434100E-01,  4.072900E-01,  1.612600E-01,  6.913300E-01, -1.953700E+00
 1.500000E-01,  4.350000E+00,  5.693100E-01,  3.955900E-01,  1.527200E-01,  7.483100E-01, -1.858700E+00
 1.500000E-01,  4.400000E+00,  5.933900E-01,  3.878700E-01,  1.428400E-01,  8.013000E-01, -1.761200E+00
 1.500000E-01,  4.450000E+00,  6.153900E-01,  3.843200E-01,  1.314000E-01,  8.495300E-01, -1.661000E+00
 1.500000E-01,  4.500000E+00,  6.358600E-01,  3.858800E-01,  1.174600E-01,  8.920700E-01, -1.559000E+00
 1.500000E-01,  4.550000E+00,  6.553000E-01,  3.894700E-01,  9.563900E-02,  9.246300E-01, -1.453700E+00
 1.500000E-01,  4.600000E+00,  6.743800E-01,  3.930600E-01,  6.361300E-02,  9.463600E-01, -1.345100E+00
 1.500000E-01,  4.650000E+00,  6.931300E-01,  3.966600E-01,  2.105700E-02,  9.567800E-01, -1.233300E+00
 1.500000E-01,  4.700000E+00,  7.115400E-01,  4.002300E-01, -3.218100E-02,  9.557400E-01, -1.118800E+00
 1.500000E-01,  4.750000E+00,  7.292900E-01,  4.037800E-01, -9.628300E-02,  9.437100E-01, -1.001000E+00
 1.500000E-01,  4.800000E+00,  7.468000E-01,  4.073000E-01, -1.714200E-01,  9.209000E-01, -8.799800E-01
 1.500000E-01,  4.850000E+00,  7.640700E-01,  4.108100E-01, -2.577900E-01,  8.868500E-01, -7.560300E-01
 1.500000E-01,  4.900000E+00,  7.809600E-01,  4.142500E-01, -3.555200E-01,  8.419300E-01, -6.291000E-01
 1.500000E-01,  4.950000E+00,  7.975500E-01,  4.176700E-01, -4.647900E-01,  7.861700E-01, -4.989700E-01
 1.500000E-01,  5.000000E+00,  8.137300E-01,  4.210300E-01, -5.857600E-01,  7.196000E-01, -3.657700E-01
 1.500000E-01,  5.050000E+00,  8.298900E-01,  4.243500E-01, -7.185600E-01,  6.422000E-01, -2.294400E-01
 1.500000E-01,  5.100000E+00,  8.455800E-01,  4.275800E-01, -8.632500E-01,  5.541100E-01, -9.005300E-02
 1.500000E-01,  5.150000E+00,  8.611800E-01,  4.308200E-01, -1.020200E+00,  4.554100E-01,  5.245000E-02
 1.500000E-01,  5.200000E+00,  8.766300E-01,  4.339400E-01, -1.188900E+00,  3.461100E-01,  1.980400E-01
 1.500000E-01,  5.250000E+00,  1.000000E+01,  4.484900E-01, -1.352500E+00,  2.250100E-01,  3.353100E-01
 1.500000E-01,  5.300000E+00,  1.000000E+01,  4.238200E-01, -1.324300E+00,  1.201300E-01,  3.103000E-01
 1.500000E-01,  5.350000E+00,  1.000000E+01,  4.280100E-01, -1.296000E+00,  1.525700E-02,  2.853000E-01
 1.500000E-01,  5.400000E+00,  1.000000E+01,  4.391600E-01, -1.267800E+00, -8.961900E-02,  2.602900E-01
 1.500000E-01,  5.450000E+00,  1.000000E+01,  4.578400E-01, -1.239500E+00, -1.945000E-01,  2.352800E-01
 1.500000E-01,  5.500000E+00,  1.000000E+01,  4.868400E-01, -1.211200E+00, -2.993700E-01,  2.102800E-01
 2.000000E-01,  2.300000E+00, -8.195100E-01,  2.745100E+00, -1.183000E+00, -4.042500E-01,  1.852700E-01
 2.000000E-01,  2.350000E+00, -8.048100E-01,  2.741400E+00, -9.928000E-01, -5.878500E-01,  7.782600E-02
 2.000000E-01,  2.400000E+00, -7.896900E-01,  2.737400E+00, -8.151300E-01, -7.511400E-01, -3.449500E-02
 2.000000E-01,  2.450000E+00, -7.742200E-01,  2.733500E+00, -6.505300E-01, -8.940200E-01, -1.516900E-01
 2.000000E-01,  2.500000E+00, -7.585300E-01,  2.729400E+00, -4.992000E-01, -1.016800E+00, -2.736300E-01
 2.000000E-01,  2.550000E+00, -7.425600E-01,  2.725100E+00, -3.613100E-01, -1.118600E+00, -4.004000E-01
 2.000000E-01,  2.600000E+00, -7.258700E-01,  2.720500E+00, -2.370600E-01, -1.200500E+00, -5.321200E-01
 2.000000E-01,  2.650000E+00, -7.087900E-01,  2.716300E+00, -1.268500E-01, -1.262200E+00, -6.686100E-01
 2.000000E-01,  2.700000E+00, -6.914900E-01,  2.711500E+00, -3.087400E-02, -1.303900E+00, -8.099800E-01
 2.000000E-01,  2.750000E+00, -6.734700E-01,  2.706700E+00,  5.060000E-02, -1.325400E+00, -9.564000E-01
 2.000000E-01,  2.800000E+00, -6.550200E-01,  2.701800E+00,  1.173100E-01, -1.326700E+00, -1.107200E+00
 2.000000E-01,  2.850000E+00, -6.357900E-01,  2.696800E+00,  1.689000E-01, -1.308300E+00, -1.263500E+00
 2.000000E-01,  2.900000E+00, -6.160800E-01,  2.690000E+00,  2.070700E-01, -1.271900E+00, -1.421700E+00
 2.000000E-01,  2.950000E+00, -5.940300E-01,  2.677500E+00,  2.403100E-01, -1.226700E+00, -1.580200E+00
 2.000000E-01,  3.000000E+00, -5.696700E-01,  2.660900E+00,  2.684200E-01, -1.173300E+00, -1.736500E+00
 2.000000E-01,  3.050000E+00, -5.433600E-01,  2.639400E+00,  2.907100E-01, -1.112800E+00, -1.887200E+00
 2.000000E-01,  3.100000E+00, -5.150400E-01,  2.612700E+00,  3.071700E-01, -1.045300E+00, -2.030600E+00
 2.000000E-01,  3.150000E+00, -4.852700E-01,  2.580600E+00,  3.179400E-01, -9.730300E-01, -2.163300E+00
 2.000000E-01,  3.200000E+00, -4.544000E-01,  2.541300E+00,  3.236800E-01, -8.968800E-01, -2.283000E+00
 2.000000E-01,  3.250000E+00, -4.227900E-01,  2.493500E+00,  3.252200E-01, -8.181400E-01, -2.388500E+00
 2.000000E-01,  3.300000E+00, -3.912900E-01,  2.435200E+00,  3.235300E-01, -7.382100E-01, -2.478900E+00
 2.000000E-01,  3.350000E+00, -3.604400E-01,  2.364200E+00,  3.194700E-01, -6.578700E-01, -2.554400E+00
 2.000000E-01,  3.400000E+00, -3.311400E-01,  2.277400E+00,  3.138800E-01, -5.779100E-01, -2.614800E+00
 2.000000E-01,  3.450000E+00, -3.047800E-01,  2.172600E+00,  3.074100E-01, -4.989200E-01, -2.661000E+00
 2.000000E-01,  3.500000E+00, -2.820900E-01,  2.047300E+00,  3.006100E-01, -4.208600E-01, -2.694100E+00
 2.000000E-01,  3.550000E+00, -2.646800E-01,  1.901500E+00,  2.939000E-01, -3.439400E-01, -2.714200E+00
 2.000000E-01,  3.600000E+00, -2.541500E-01,  1.737700E+00,  2.875900E-01, -2.681000E-01, -2.723100E+00
 2.000000E-01,  3.650000E+00,  2.513300E-01,  1.565200E+00,  2.818700E-01, -1.931300E-01, -2.721200E+00
 2.000000E-01,  3.700000E+00,  2.564600E-01,  1.394700E+00,  2.768700E-01, -1.189400E-01, -2.709300E+00
 2.000000E-01,  3.750000E+00,  2.691500E-01,  1.236700E+00,  2.725500E-01, -4.538700E-02, -2.688200E+00
 2.000000E-01,  3.800000E+00,  2.880500E-01,  1.098200E+00,  2.688700E-01,  2.776300E-02, -2.658100E+00
 2.000000E-01,  3.850000E+00,  3.113500E-01,  9.803000E-01,  2.655000E-01,  1.005400E-01, -2.619700E+00
 2.000000E-01,  3.900000E+00,  3.380500E-01,  8.825700E-01,  2.624200E-01,  1.730600E-01, -2.573600E+00
 2.000000E-01,  3.950000E+00,  3.669800E-01,  8.024200E-01,  2.594900E-01,  2.452500E-01, -2.519700E+00
 2.000000E-01,  4.000000E+00,  3.969000E-01,  7.368600E-01,  2.562600E-01,  3.169300E-01, -2.458800E+00
 2.000000E-01,  4.050000E+00,  4.274000E-01,  6.835000E-01,  2.526300E-01,  3.880400E-01, -2.390900E+00
 2.000000E-01,  4.100000E+00,  4.575900E-01,  6.398400E-01,  2.480900E-01,  4.582400E-01, -2.316900E+00
 2.000000E-01,  4.150000E+00,  4.873700E-01,  6.044200E-01,  2.425500E-01,  5.272300E-01, -2.236800E+00
 2.000000E-01,  4.200000E+00,  5.161000E-01,  5.757500E-01,  2.355700E-01,  5.944200E-01, -2.151100E+00
 2.000000E-01,  4.250000E+00,  5.438200E-01,  5.531300E-01,  2.272300E-01,  6.594300E-01, -2.060600E+00
 2.000000E-01,  4.300000E+00,  5.699600E-01,  5.357100E-01,  2.172200E-01,  7.212900E-01, -1.966000E+00
 2.000000E-01,  4.350000E+00,  5.945500E-01,  5.236300E-01,  2.055500E-01,  7.793900E-01, -1.868000E+00
 2.000000E-01,  4.400000E+00,  6.174700E-01,  5.172600E-01,  1.919900E-01,  8.330100E-01, -1.766400E+00
 2.000000E-01,  4.450000E+00,  6.391100E-01,  5.177100E-01,  1.751300E-01,  8.812900E-01, -1.661300E+00
 2.000000E-01,  4.500000E+00,  6.602300E-01,  5.200100E-01,  1.481100E-01,  9.198600E-01, -1.552400E+00
 2.000000E-01,  4.550000E+00,  6.806500E-01,  5.222600E-01,  1.088800E-01,  9.482400E-01, -1.440400E+00
 2.000000E-01,  4.600000E+00,  7.007100E-01,  5.244800E-01,  5.735800E-02,  9.661000E-01, -1.325500E+00
 2.000000E-01,  4.650000E+00,  7.201300E-01,  5.266000E-01, -6.541200E-03,  9.737800E-01, -1.207400E+00
 2.000000E-01,  4.700000E+00,  7.391500E-01,  5.286200E-01, -8.285300E-02,  9.706000E-01, -1.086300E+00
 2.000000E-01,  4.750000E+00,  7.573900E-01,  5.306100E-01, -1.716400E-01,  9.575500E-01, -9.620200E-01
 2.000000E-01,  4.800000E+00,  7.755900E-01,  5.325000E-01, -2.729800E-01,  9.339800E-01, -8.348200E-01
 2.000000E-01,  4.850000E+00,  7.933200E-01,  5.343800E-01, -3.869600E-01,  9.006200E-01, -7.045600E-01
 2.000000E-01,  4.900000E+00,  8.108600E-01,  5.361300E-01, -5.135400E-01,  8.569500E-01, -5.712800E-01
 2.000000E-01,  4.950000E+00,  8.278200E-01,  5.378400E-01, -6.528100E-01,  8.031500E-01, -4.349500E-01
 2.000000E-01,  5.000000E+00,  8.445900E-01,  5.395200E-01, -8.048500E-01,  7.392900E-01, -2.955800E-01
 2.000000E-01,  5.050000E+00,  8.609400E-01,  5.411400E-01, -9.694600E-01,  6.654800E-01, -1.533000E-01
 2.000000E-01,  5.100000E+00,  8.770000E-01,  5.426800E-01, -1.147000E+00,  5.816500E-01, -7.905300E-03
 2.000000E-01,  5.150000E+00,  1.000000E+01,  5.641300E-01, -1.274800E+00,  4.849100E-01,  1.027300E-01
 2.000000E-01,  5.200000E+00,  1.000000E+01,  5.365800E-01, -1.311600E+00,  3.881400E-01,  1.195300E-01
 2.000000E-01,  5.250000E+00,  1.000000E+01,  5.370500E-01, -1.348300E+00,  2.913700E-01,  1.363300E-01
 2.000000E-01,  5.300000E+00,  1.000000E+01,  5.414600E-01, -1.385100E+00,  1.946000E-01,  1.531300E-01
 2.000000E-01,  5.350000E+00,  1.000000E+01,  5.519200E-01, -1.421900E+00,  9.782700E-02,  1.699300E-01
 2.000000E-01,  5.400000E+00,  1.000000E+01,  5.701600E-01, -1.458600E+00,  1.056200E-03,  1.867300E-01
 2.000000E-01,  5.450000E+00,  1.000000E+01,  6.001900E-01, -1.495400E+00, -9.571400E-02,  2.035300E-01
 2.000000E-01,  5.500000E+00,  1.000000E+01,  6.443500E-01, -1.532200E+00, -1.924800E-01,  2.203300E-01
 2.500000E-01,  2.300000E+00, -8.409100E-01,  2.645800E+00, -1.568900E+00, -2.892600E-01,  2.371300E-01
 2.500000E-01,  2.350000E+00, -8.260400E-01,  2.640900E+00, -1.334600E+00, -4.824900E-01,  1.299000E-01
 2.500000E-01,  2.400000E+00, -8.111100E-01,  2.635600E+00, -1.114400E+00, -6.557400E-01,  1.780100E-02
 2.500000E-01,  2.450000E+00, -7.958400E-01,  2.630200E+00, -9.086100E-01, -8.091800E-01, -9.924800E-02
 2.500000E-01,  2.500000E+00, -7.800400E-01,  2.624500E+00, -7.177700E-01, -9.429500E-01, -2.212300E-01
 2.500000E-01,  2.550000E+00, -7.639600E-01,  2.619000E+00, -5.419300E-01, -1.056700E+00, -3.481700E-01
 2.500000E-01,  2.600000E+00, -7.472800E-01,  2.612800E+00, -3.814400E-01, -1.151400E+00, -4.800000E-01
 2.500000E-01,  2.650000E+00, -7.305000E-01,  2.606900E+00, -2.364700E-01, -1.226100E+00, -6.168500E-01
 2.500000E-01,  2.700000E+00, -7.128600E-01,  2.600500E+00, -1.074500E-01, -1.281500E+00, -7.586300E-01
 2.500000E-01,  2.750000E+00, -6.950700E-01,  2.593900E+00,  5.498500E-03, -1.317700E+00, -9.055600E-01
 2.500000E-01,  2.800000E+00, -6.764200E-01,  2.587000E+00,  1.018200E-01, -1.334700E+00, -1.057300E+00
 2.500000E-01,  2.850000E+00, -6.572100E-01,  2.580000E+00,  1.812900E-01, -1.333000E+00, -1.214100E+00
 2.500000E-01,  2.900000E+00, -6.373700E-01,  2.572500E+00,  2.436400E-01, -1.312100E+00, -1.376300E+00
 2.500000E-01,  2.950000E+00, -6.169800E-01,  2.562700E+00,  2.896600E-01, -1.274200E+00, -1.540000E+00
 2.500000E-01,  3.000000E+00, -5.948100E-01,  2.546600E+00,  3.280400E-01, -1.226100E+00, -1.702400E+00
 2.500000E-01,  3.050000E+00, -5.707900E-01,  2.524100E+00,  3.590500E-01, -1.168800E+00, -1.860700E+00
 2.500000E-01,  3.100000E+00, -5.452900E-01,  2.496100E+00,  3.823900E-01, -1.103800E+00, -2.010700E+00
 2.500000E-01,  3.150000E+00, -5.182400E-01,  2.462100E+00,  3.983800E-01, -1.031800E+00, -2.151700E+00
 2.500000E-01,  3.200000E+00, -4.905100E-01,  2.421100E+00,  4.076100E-01, -9.545600E-01, -2.279700E+00
 2.500000E-01,  3.250000E+00, -4.622300E-01,  2.371900E+00,  4.111700E-01, -8.735900E-01, -2.393200E+00
 2.500000E-01,  3.300000E+00, -4.344100E-01,  2.312800E+00,  4.102900E-01, -7.905000E-01, -2.491000E+00
 2.500000E-01,  3.350000E+00, -4.073100E-01,  2.243000E+00,  4.060400E-01, -7.060000E-01, -2.573300E+00
 2.500000E-01,  3.400000E+00, -3.823300E-01,  2.160800E+00,  3.996900E-01, -6.215800E-01, -2.639500E+00
 2.500000E-01,  3.450000E+00, -3.599200E-01,  2.065000E+00,  3.919800E-01, -5.374300E-01, -2.691100E+00
 2.500000E-01,  3.500000E+00, -3.411400E-01,  1.955900E+00,  3.836600E-01, -4.539900E-01, -2.728200E+00
 2.500000E-01,  3.550000E+00, -3.273900E-01,  1.833900E+00,  3.754100E-01, -3.716900E-01, -2.751700E+00
 2.500000E-01,  3.600000E+00, -3.193800E-01,  1.702800E+00,  3.676400E-01, -2.903300E-01, -2.763300E+00
 2.500000E-01,  3.650000E+00,  3.175200E-01,  1.567100E+00,  3.605100E-01, -2.098600E-01, -2.763400E+00
 2.500000E-01,  3.700000E+00,  3.219200E-01,  1.433200E+00,  3.541500E-01, -1.301200E-01, -2.752400E+00
 2.500000E-01,  3.750000E+00,  3.322900E-01,  1.306300E+00,  3.485900E-01, -5.105300E-02, -2.731500E+00
 2.500000E-01,  3.800000E+00,  3.480800E-01,  1.191000E+00,  3.438500E-01,  2.743900E-02, -2.701100E+00
 2.500000E-01,  3.850000E+00,  3.681700E-01,  1.089100E+00,  3.396100E-01,  1.054700E-01, -2.662400E+00
 2.500000E-01,  3.900000E+00,  3.911400E-01,  1.000900E+00,  3.355300E-01,  1.830300E-01, -2.615000E+00
 2.500000E-01,  3.950000E+00,  4.164800E-01,  9.257000E-01,  3.314700E-01,  2.600600E-01, -2.559400E+00
 2.500000E-01,  4.000000E+00,  4.433600E-01,  8.623800E-01,  3.271700E-01,  3.365400E-01, -2.496100E+00
 2.500000E-01,  4.050000E+00,  4.707300E-01,  8.092900E-01,  3.219900E-01,  4.120700E-01, -2.425900E+00
 2.500000E-01,  4.100000E+00,  4.985200E-01,  7.653700E-01,  3.159200E-01,  4.865100E-01, -2.348600E+00
 2.500000E-01,  4.150000E+00,  5.257700E-01,  7.291000E-01,  3.082800E-01,  5.591200E-01, -2.264900E+00
 2.500000E-01,  4.200000E+00,  5.525700E-01,  7.000900E-01,  2.991400E-01,  6.296600E-01, -2.175400E+00
 2.500000E-01,  4.250000E+00,  5.783100E-01,  6.775600E-01,  2.881400E-01,  6.970900E-01, -2.080600E+00
 2.500000E-01,  4.300000E+00,  6.027600E-01,  6.615000E-01,  2.750500E-01,  7.607200E-01, -1.981500E+00
 2.500000E-01,  4.350000E+00,  6.259600E-01,  6.529300E-01,  2.596800E-01,  8.200100E-01, -1.877800E+00
 2.500000E-01,  4.400000E+00,  6.487000E-01,  6.513600E-01,  2.382800E-01,  8.732200E-01, -1.768600E+00
 2.500000E-01,  4.450000E+00,  6.708200E-01,  6.502800E-01,  2.038800E-01,  9.172100E-01, -1.656900E+00
 2.500000E-01,  4.500000E+00,  6.922800E-01,  6.492200E-01,  1.561500E-01,  9.520300E-01, -1.541900E+00
 2.500000E-01,  4.550000E+00,  7.128400E-01,  6.482500E-01,  9.511500E-02,  9.774300E-01, -1.424000E+00
 2.500000E-01,  4.600000E+00,  7.329100E-01,  6.473500E-01,  2.075300E-02,  9.938400E-01, -1.303300E+00
 2.500000E-01,  4.650000E+00,  7.523800E-01,  6.464800E-01, -6.688300E-02,  1.000600E+00, -1.179600E+00
 2.500000E-01,  4.700000E+00,  7.714400E-01,  6.456900E-01, -1.677900E-01,  9.979800E-01, -1.053200E+00
 2.500000E-01,  4.750000E+00,  7.901200E-01,  6.448900E-01, -2.820000E-01,  9.860100E-01, -9.238200E-01
 2.500000E-01,  4.800000E+00,  8.082400E-01,  6.441600E-01, -4.094600E-01,  9.647500E-01, -7.916300E-01
 2.500000E-01,  4.850000E+00,  8.258600E-01,  6.434700E-01, -5.501700E-01,  9.340400E-01, -6.564700E-01
 2.500000E-01,  4.900000E+00,  8.432900E-01,  6.428200E-01, -7.041300E-01,  8.939200E-01, -5.183400E-01
 2.500000E-01,  4.950000E+00,  8.604100E-01,  6.421800E-01, -8.713300E-01,  8.444400E-01, -3.773400E-01
 2.500000E-01,  5.000000E+00,  8.769200E-01,  6.416000E-01, -1.051800E+00,  7.855500E-01, -2.334100E-01
 2.500000E-01,  5.050000E+00,  1.000000E+01,  6.690300E-01, -1.194800E+00,  7.087800E-01, -1.175600E-01
 2.500000E-01,  5.100000E+00,  1.000000E+01,  6.403700E-01, -1.279100E+00,  6.206300E-01, -7.625000E-02
 2.500000E-01,  5.150000E+00,  1.000000E+01,  6.376000E-01, -1.363500E+00,  5.324700E-01, -3.494100E-02
 2.500000E-01,  5.200000E+00,  1.000000E+01,  6.373900E-01, -1.447900E+00,  4.443200E-01,  6.367800E-03
 2.500000E-01,  5.250000E+00,  1.000000E+01,  6.404200E-01, -1.532300E+00,  3.561700E-01,  4.767700E-02
 2.500000E-01,  5.300000E+00,  1.000000E+01,  6.484600E-01, -1.616700E+00,  2.680100E-01,  8.898500E-02
 2.500000E-01,  5.350000E+00,  1.000000E+01,  6.643600E-01, -1.701100E+00,  1.798600E-01,  1.302900E-01
 2.500000E-01,  5.400000E+00,  1.000000E+01,  6.910900E-01, -1.785500E+00,  9.170800E-02,  1.716000E-01
 2.500000E-01,  5.450000E+00,  1.000000E+01,  7.320100E-01, -1.869800E+00,  3.554600E-03,  2.129100E-01
 2.500000E-01,  5.500000E+00,  1.000000E+01,  7.915200E-01, -1.954200E+00, -8.459900E-02,  2.542200E-01
 3.000000E-01,  2.300000E+00, -8.675100E-01,  2.548900E+00, -2.038600E+00, -1.727500E-01,  2.955300E-01
 3.000000E-01,  2.350000E+00, -8.530200E-01,  2.542600E+00, -1.758700E+00, -3.758900E-01,  1.884700E-01
 3.000000E-01,  2.400000E+00, -8.381700E-01,  2.535800E+00, -1.494100E+00, -5.595200E-01,  7.644100E-02
 3.000000E-01,  2.450000E+00, -8.230100E-01,  2.528900E+00, -1.245000E+00, -7.237500E-01, -4.060200E-02
 3.000000E-01,  2.500000E+00, -8.076000E-01,  2.521200E+00, -1.011700E+00, -8.686400E-01, -1.626200E-01
 3.000000E-01,  2.550000E+00, -7.915900E-01,  2.514200E+00, -7.947100E-01, -9.944300E-01, -2.896400E-01
 3.000000E-01,  2.600000E+00, -7.754900E-01,  2.506400E+00, -5.939900E-01, -1.101000E+00, -4.216700E-01
 3.000000E-01,  2.650000E+00, -7.587100E-01,  2.498000E+00, -4.099200E-01, -1.188600E+00, -5.586700E-01
 3.000000E-01,  2.700000E+00, -7.416400E-01,  2.489800E+00, -2.427500E-01, -1.257900E+00, -7.007700E-01
 3.000000E-01,  2.750000E+00, -7.237700E-01,  2.480900E+00, -9.306900E-02, -1.308000E+00, -8.477900E-01
 3.000000E-01,  2.800000E+00, -7.055400E-01,  2.471800E+00,  3.897000E-02, -1.340000E+00, -9.997300E-01
 3.000000E-01,  2.850000E+00, -6.869100E-01,  2.461800E+00,  1.527100E-01, -1.354100E+00, -1.156500E+00
 3.000000E-01,  2.900000E+00, -6.672000E-01,  2.451800E+00,  2.478700E-01, -1.350200E+00, -1.318500E+00
 3.000000E-01,  2.950000E+00, -6.467400E-01,  2.441000E+00,  3.238700E-01, -1.328700E+00, -1.485200E+00
 3.000000E-01,  3.000000E+00, -6.257900E-01,  2.429300E+00,  3.800600E-01, -1.290000E+00, -1.656200E+00
 3.000000E-01,  3.050000E+00, -6.042800E-01,  2.410600E+00,  4.222700E-01, -1.238900E+00, -1.823100E+00
 3.000000E-01,  3.100000E+00, -5.815100E-01,  2.384500E+00,  4.549000E-01, -1.177300E+00, -1.983400E+00
 3.000000E-01,  3.150000E+00, -5.575200E-01,  2.351700E+00,  4.782500E-01, -1.106700E+00, -2.134600E+00
 3.000000E-01,  3.200000E+00, -5.328500E-01,  2.311600E+00,  4.928700E-01, -1.028600E+00, -2.273400E+00
 3.000000E-01,  3.250000E+00, -5.081000E-01,  2.264200E+00,  4.999700E-01, -9.456000E-01, -2.396900E+00
 3.000000E-01,  3.300000E+00, -4.836200E-01,  2.207900E+00,  5.010100E-01, -8.583600E-01, -2.505000E+00
 3.000000E-01,  3.350000E+00, -4.602300E-01,  2.142900E+00,  4.974500E-01, -7.689800E-01, -2.596300E+00
 3.000000E-01,  3.400000E+00, -4.389000E-01,  2.068200E+00,  4.908600E-01, -6.787900E-01, -2.670600E+00
 3.000000E-01,  3.450000E+00, -4.198400E-01,  1.983700E+00,  4.821900E-01, -5.880100E-01, -2.729000E+00
 3.000000E-01,  3.500000E+00, -4.043100E-01,  1.889700E+00,  4.726200E-01, -4.977300E-01, -2.771400E+00
 3.000000E-01,  3.550000E+00, -3.931700E-01,  1.787800E+00,  4.629900E-01, -4.082800E-01, -2.799900E+00
 3.000000E-01,  3.600000E+00, -3.868400E-01,  1.680000E+00,  4.537400E-01, -3.196800E-01, -2.814700E+00
 3.000000E-01,  3.650000E+00,  3.855900E-01,  1.570000E+00,  4.451400E-01, -2.318500E-01, -2.817200E+00
 3.000000E-01,  3.700000E+00,  3.894800E-01,  1.461600E+00,  4.374500E-01, -1.448500E-01, -2.807900E+00
 3.000000E-01,  3.750000E+00,  3.983000E-01,  1.357600E+00,  4.306000E-01, -5.858200E-02, -2.787800E+00
 3.000000E-01,  3.800000E+00,  4.116900E-01,  1.261000E+00,  4.245600E-01,  2.698000E-02, -2.757100E+00
 3.000000E-01,  3.850000E+00,  4.290500E-01,  1.173400E+00,  4.192500E-01,  1.119400E-01, -2.717400E+00
 3.000000E-01,  3.900000E+00,  4.491900E-01,  1.096000E+00,  4.140300E-01,  1.962100E-01, -2.668400E+00
 3.000000E-01,  3.950000E+00,  4.713700E-01,  1.028000E+00,  4.086000E-01,  2.797000E-01, -2.610400E+00
 3.000000E-01,  4.000000E+00,  4.954600E-01,  9.696700E-01,  4.028900E-01,  3.623900E-01, -2.544400E+00
 3.000000E-01,  4.050000E+00,  5.200400E-01,  9.199300E-01,  3.959300E-01,  4.436400E-01, -2.470500E+00
 3.000000E-01,  4.100000E+00,  5.453900E-01,  8.786300E-01,  3.879200E-01,  5.234200E-01, -2.388700E+00
 3.000000E-01,  4.150000E+00,  5.702600E-01,  8.447400E-01,  3.779800E-01,  6.005900E-01, -2.300700E+00
 3.000000E-01,  4.200000E+00,  5.948600E-01,  8.184500E-01,  3.662400E-01,  6.747200E-01, -2.205700E+00
 3.000000E-01,  4.250000E+00,  6.186900E-01,  8.000900E-01,  3.521600E-01,  7.449000E-01, -2.104300E+00
 3.000000E-01,  4.300000E+00,  6.420800E-01,  7.906900E-01,  3.342400E-01,  8.101800E-01, -1.997200E+00
 3.000000E-01,  4.350000E+00,  6.650000E-01,  7.837100E-01,  3.037300E-01,  8.684900E-01, -1.886200E+00
 3.000000E-01,  4.400000E+00,  6.871700E-01,  7.774100E-01,  2.590400E-01,  9.191100E-01, -1.772600E+00
 3.000000E-01,  4.450000E+00,  7.086400E-01,  7.716100E-01,  2.003100E-01,  9.615400E-01, -1.656200E+00
 3.000000E-01,  4.500000E+00,  7.294600E-01,  7.662600E-01,  1.276400E-01,  9.959900E-01, -1.537200E+00
 3.000000E-01,  4.550000E+00,  7.495500E-01,  7.613600E-01,  4.106900E-02,  1.021800E+00, -1.415200E+00
 3.000000E-01,  4.600000E+00,  7.691500E-01,  7.568000E-01, -5.922700E-02,  1.039400E+00, -1.290500E+00
 3.000000E-01,  4.650000E+00,  7.881300E-01,  7.525700E-01, -1.733100E-01,  1.048900E+00, -1.162800E+00
 3.000000E-01,  4.700000E+00,  8.067700E-01,  7.485700E-01, -3.010700E-01,  1.049200E+00, -1.032600E+00
 3.000000E-01,  4.750000E+00,  8.249000E-01,  7.448700E-01, -4.424800E-01,  1.041000E+00, -8.993000E-01
 3.000000E-01,  4.800000E+00,  8.426900E-01,  7.414000E-01, -5.974800E-01,  1.024200E+00, -7.632800E-01
 3.000000E-01,  4.850000E+00,  8.600800E-01,  7.381100E-01, -7.660200E-01,  9.983400E-01, -6.244900E-01
 3.000000E-01,  4.900000E+00,  8.770600E-01,  7.350000E-01, -9.481100E-01,  9.638700E-01, -4.828500E-01
 3.000000E-01,  4.950000E+00,  1.000000E+01,  7.665700E-01, -1.104700E+00,  9.059300E-01, -3.634800E-01
 3.000000E-01,  5.000000E+00,  1.000000E+01,  7.387300E-01, -1.201700E+00,  8.145600E-01, -3.144400E-01
 3.000000E-01,  5.050000E+00,  1.000000E+01,  7.337900E-01, -1.298700E+00,  7.231900E-01, -2.654100E-01
 3.000000E-01,  5.100000E+00,  1.000000E+01,  7.293600E-01, -1.395700E+00,  6.318200E-01, -2.163700E-01
 3.000000E-01,  5.150000E+00,  1.000000E+01,  7.270100E-01, -1.492700E+00,  5.404500E-01, -1.673300E-01
 3.000000E-01,  5.200000E+00,  1.000000E+01,  7.280700E-01, -1.589700E+00,  4.490800E-01, -1.182900E-01
 3.000000E-01,  5.250000E+00,  1.000000E+01,  7.338100E-01, -1.686700E+00,  3.577100E-01, -6.924900E-02
 3.000000E-01,  5.300000E+00,  1.000000E+01,  7.457400E-01, -1.783700E+00,  2.663400E-01, -2.021000E-02
 3.000000E-01,  5.350000E+00,  1.000000E+01,  7.657300E-01, -1.880700E+00,  1.749700E-01,  2.883000E-02
 3.000000E-01,  5.400000E+00,  1.000000E+01,  7.970400E-01, -1.977800E+00,  8.359800E-02,  7.786900E-02
 3.000000E-01,  5.450000E+00,  1.000000E+01,  8.451400E-01, -2.074800E+00, -7.771900E-03,  1.269100E-01
 3.000000E-01,  5.500000E+00,  1.000000E+01,  9.307900E-01, -2.171800E+00, -9.914200E-02,  1.759500E-01
 3.500000E-01,  2.300000E+00, -1.000000E+01,  2.404900E+00, -2.268800E+00, -1.905100E-01,  2.249900E-01
 3.500000E-01,  2.350000E+00, -1.000000E+01,  2.408600E+00, -2.254400E+00, -3.193600E-01,  2.236600E-01
 3.500000E-01,  2.400000E+00, -8.708700E-01,  2.440300E+00, -1.986900E+00, -5.043100E-01,  1.267200E-01
 3.500000E-01,  2.450000E+00, -8.561200E-01,  2.431800E+00, -1.690900E+00, -6.777000E-01,  9.151400E-03
 3.500000E-01,  2.500000E+00, -8.411600E-01,  2.423000E+00, -1.411300E+00, -8.319200E-01, -1.133500E-01
 3.500000E-01,  2.550000E+00, -8.257800E-01,  2.413600E+00, -1.148100E+00, -9.673100E-01, -2.409800E-01
 3.500000E-01,  2.600000E+00, -8.101300E-01,  2.404100E+00, -9.028200E-01, -1.083800E+00, -3.733900E-01
 3.500000E-01,  2.650000E+00, -7.940700E-01,  2.393700E+00, -6.741000E-01, -1.181800E+00, -5.108700E-01
 3.500000E-01,  2.700000E+00, -7.774200E-01,  2.383500E+00, -4.636100E-01, -1.260900E+00, -6.530300E-01
 3.500000E-01,  2.750000E+00, -7.605100E-01,  2.372000E+00, -2.710700E-01, -1.322000E+00, -8.000700E-01
 3.500000E-01,  2.800000E+00, -7.431900E-01,  2.360500E+00, -9.731500E-02, -1.364800E+00, -9.516100E-01
 3.500000E-01,  2.850000E+00, -7.251800E-01,  2.347900E+00,  5.748100E-02, -1.390300E+00, -1.107700E+00
 3.500000E-01,  2.900000E+00, -7.065100E-01,  2.334700E+00,  1.924000E-01, -1.398300E+00, -1.268200E+00
 3.500000E-01,  2.950000E+00, -6.870300E-01,  2.320600E+00,  3.071800E-01, -1.389700E+00, -1.432600E+00
 3.500000E-01,  3.000000E+00, -6.671700E-01,  2.305100E+00,  4.007200E-01, -1.364200E+00, -1.600300E+00
 3.500000E-01,  3.050000E+00, -6.462800E-01,  2.288700E+00,  4.725100E-01, -1.323100E+00, -1.771600E+00
 3.500000E-01,  3.100000E+00, -6.247000E-01,  2.270800E+00,  5.217000E-01, -1.267200E+00, -1.944700E+00
 3.500000E-01,  3.150000E+00, -6.034200E-01,  2.243800E+00,  5.555000E-01, -1.199600E+00, -2.109000E+00
 3.500000E-01,  3.200000E+00, -5.819200E-01,  2.208800E+00,  5.782600E-01, -1.122200E+00, -2.260900E+00
 3.500000E-01,  3.250000E+00, -5.600700E-01,  2.166000E+00,  5.911900E-01, -1.036300E+00, -2.398900E+00
 3.500000E-01,  3.300000E+00, -5.389600E-01,  2.115700E+00,  5.960300E-01, -9.451600E-01, -2.519800E+00
 3.500000E-01,  3.350000E+00, -5.187000E-01,  2.057500E+00,  5.944800E-01, -8.497100E-01, -2.623000E+00
 3.500000E-01,  3.400000E+00, -5.005200E-01,  1.991700E+00,  5.886000E-01, -7.523000E-01, -2.708000E+00
 3.500000E-01,  3.450000E+00, -4.844500E-01,  1.918600E+00,  5.797100E-01, -6.534400E-01, -2.775500E+00
 3.500000E-01,  3.500000E+00, -4.713500E-01,  1.838600E+00,  5.692000E-01, -5.542900E-01, -2.825700E+00
 3.500000E-01,  3.550000E+00, -4.621300E-01,  1.753100E+00,  5.582800E-01, -4.556500E-01, -2.860400E+00
 3.500000E-01,  3.600000E+00, -4.570100E-01,  1.664100E+00,  5.475700E-01, -3.576700E-01, -2.879900E+00
 3.500000E-01,  3.650000E+00, -4.561700E-01,  1.573600E+00,  5.374700E-01, -2.604000E-01, -2.885600E+00
 3.500000E-01,  3.700000E+00,  4.596800E-01,  1.483800E+00,  5.283300E-01, -1.639400E-01, -2.878400E+00
 3.500000E-01,  3.750000E+00,  4.673900E-01,  1.397500E+00,  5.200700E-01, -6.833200E-02, -2.859000E+00
 3.500000E-01,  3.800000E+00,  4.790800E-01,  1.316500E+00,  5.127300E-01,  2.643600E-02, -2.828600E+00
 3.500000E-01,  3.850000E+00,  4.942300E-01,  1.242300E+00,  5.060300E-01,  1.204100E-01, -2.787900E+00
 3.500000E-01,  3.900000E+00,  5.117500E-01,  1.175000E+00,  4.992100E-01,  2.133500E-01, -2.736400E+00
 3.500000E-01,  3.950000E+00,  5.315300E-01,  1.115700E+00,  4.922800E-01,  3.052700E-01, -2.675500E+00
 3.500000E-01,  4.000000E+00,  5.529600E-01,  1.064200E+00,  4.847200E-01,  3.958800E-01, -2.605200E+00
 3.500000E-01,  4.050000E+00,  5.751500E-01,  1.020400E+00,  4.758800E-01,  4.843200E-01, -2.526400E+00
 3.500000E-01,  4.100000E+00,  5.978200E-01,  9.845100E-01,  4.655200E-01,  5.703000E-01, -2.438800E+00
 3.500000E-01,  4.150000E+00,  6.206200E-01,  9.571800E-01,  4.532800E-01,  6.526800E-01, -2.343300E+00
 3.500000E-01,  4.200000E+00,  6.438200E-01,  9.390900E-01,  4.376900E-01,  7.308400E-01, -2.240200E+00
 3.500000E-01,  4.250000E+00,  6.665200E-01,  9.239100E-01,  4.083200E-01,  8.034800E-01, -2.132800E+00
 3.500000E-01,  4.300000E+00,  6.885200E-01,  9.104300E-01,  3.640700E-01,  8.697000E-01, -2.022800E+00
 3.500000E-01,  4.350000E+00,  7.099900E-01,  8.982900E-01,  3.052000E-01,  9.293700E-01, -1.909600E+00
 3.500000E-01,  4.400000E+00,  7.304400E-01,  8.872900E-01,  2.318600E-01,  9.817300E-01, -1.793300E+00
 3.500000E-01,  4.450000E+00,  7.507000E-01,  8.772800E-01,  1.443700E-01,  1.026700E+00, -1.673900E+00
 3.500000E-01,  4.500000E+00,  7.704200E-01,  8.680800E-01,  4.266100E-02,  1.064400E+00, -1.551700E+00
 3.500000E-01,  4.550000E+00,  7.894500E-01,  8.596400E-01, -7.296800E-02,  1.094300E+00, -1.426800E+00
 3.500000E-01,  4.600000E+00,  8.081500E-01,  8.518300E-01, -2.026400E-01,  1.116400E+00, -1.299400E+00
 3.500000E-01,  4.650000E+00,  8.263400E-01,  8.446300E-01, -3.460800E-01,  1.130100E+00, -1.168600E+00
 3.500000E-01,  4.700000E+00,  8.440700E-01,  8.378600E-01, -5.032700E-01,  1.136400E+00, -1.035400E+00
 3.500000E-01,  4.750000E+00,  8.615500E-01,  8.316000E-01, -6.743600E-01,  1.133700E+00, -8.991000E-01
 3.500000E-01,  4.800000E+00,  1.000000E+01,  8.772500E-01, -8.463500E-01,  1.114800E+00, -7.664900E-01
 3.500000E-01,  4.850000E+00,  1.000000E+01,  8.606300E-01, -1.002100E+00,  1.070300E+00, -6.506200E-01
 3.500000E-01,  4.900000E+00,  1.000000E+01,  8.347900E-01, -1.072800E+00,  9.658000E-01, -6.114500E-01
 3.500000E-01,  4.950000E+00,  1.000000E+01,  8.273400E-01, -1.143500E+00,  8.612700E-01, -5.722900E-01
 3.500000E-01,  5.000000E+00,  1.000000E+01,  8.194500E-01, -1.214200E+00,  7.567300E-01, -5.331300E-01
 3.500000E-01,  5.050000E+00,  1.000000E+01,  8.133800E-01, -1.284900E+00,  6.522000E-01, -4.939700E-01
 3.500000E-01,  5.100000E+00,  1.000000E+01,  8.092300E-01, -1.355600E+00,  5.476700E-01, -4.548100E-01
 3.500000E-01,  5.150000E+00,  1.000000E+01,  8.068400E-01, -1.426300E+00,  4.431400E-01, -4.156400E-01
 3.500000E-01,  5.200000E+00,  1.000000E+01,  8.089000E-01, -1.497000E+00,  3.386000E-01, -3.764800E-01
 3.500000E-01,  5.250000E+00,  1.000000E+01,  8.164000E-01, -1.567700E+00,  2.340700E-01, -3.373200E-01
 3.500000E-01,  5.300000E+00,  1.000000E+01,  8.310900E-01, -1.638400E+00,  1.295400E-01, -2.981600E-01
 3.500000E-01,  5.350000E+00,  1.000000E+01,  8.551300E-01, -1.709100E+00,  2.500600E-02, -2.590000E-01
 3.500000E-01,  5.400000E+00,  1.000000E+01,  8.924300E-01, -1.779800E+00, -7.952600E-02, -2.198300E-01
 3.500000E-01,  5.450000E+00,  1.000000E+01,  9.508500E-01, -1.850500E+00, -1.840600E-01, -1.806700E-01
 3.500000E-01,  5.500000E+00,  1.000000E+01,  1.036900E+00, -1.921200E+00, -2.885900E-01, -1.415100E-01
 4.000000E-01,  2.300000E+00, -1.000000E+01,  2.321500E+00, -1.991900E+00, -3.931200E-01, -1.023500E-01
 4.000000E-01,  2.350000E+00, -1.000000E+01,  2.308500E+00, -2.062600E+00, -4.976600E-01, -6.318500E-02
 4.000000E-01,  2.400000E+00, -1.000000E+01,  2.293300E+00, -2.099500E+00, -6.129900E-01, -3.960200E-02
 4.000000E-01,  2.450000E+00, -1.000000E+01,  2.284700E+00, -2.071200E+00, -7.417100E-01, -4.535000E-02
 4.000000E-01,  2.500000E+00, -8.803600E-01,  2.332100E+00, -1.945400E+00, -8.798000E-01, -9.289500E-02
 4.000000E-01,  2.550000E+00, -8.657400E-01,  2.321300E+00, -1.632900E+00, -1.021100E+00, -2.220500E-01
 4.000000E-01,  2.600000E+00, -8.509800E-01,  2.309800E+00, -1.337100E+00, -1.143400E+00, -3.561700E-01
 4.000000E-01,  2.650000E+00, -8.358300E-01,  2.298100E+00, -1.060300E+00, -1.247000E+00, -4.948000E-01
 4.000000E-01,  2.700000E+00, -8.202900E-01,  2.285400E+00, -8.010400E-01, -1.332000E+00, -6.382700E-01
 4.000000E-01,  2.750000E+00, -8.043100E-01,  2.272400E+00, -5.612500E-01, -1.398500E+00, -7.859200E-01
 4.000000E-01,  2.800000E+00, -7.879300E-01,  2.258600E+00, -3.403500E-01, -1.446800E+00, -9.380800E-01
 4.000000E-01,  2.850000E+00, -7.712500E-01,  2.243700E+00, -1.393200E-01, -1.477700E+00, -1.093800E+00
 4.000000E-01,  2.900000E+00, -7.543100E-01,  2.228000E+00,  4.101800E-02, -1.490900E+00, -1.253000E+00
 4.000000E-01,  2.950000E+00, -7.365500E-01,  2.211000E+00,  2.004900E-01, -1.487100E+00, -1.415200E+00
 4.000000E-01,  3.000000E+00, -7.184700E-01,  2.192400E+00,  3.383300E-01, -1.467100E+00, -1.579900E+00
 4.000000E-01,  3.050000E+00, -6.997300E-01,  2.172700E+00,  4.537800E-01, -1.431000E+00, -1.746300E+00
 4.000000E-01,  3.100000E+00, -6.805700E-01,  2.150700E+00,  5.462600E-01, -1.380400E+00, -1.912800E+00
 4.000000E-01,  3.150000E+00, -6.608000E-01,  2.126800E+00,  6.151700E-01, -1.316000E+00, -2.078300E+00
 4.000000E-01,  3.200000E+00, -6.407400E-01,  2.100200E+00,  6.602300E-01, -1.238400E+00, -2.240200E+00
 4.000000E-01,  3.250000E+00, -6.202600E-01,  2.068900E+00,  6.830200E-01, -1.150400E+00, -2.395300E+00
 4.000000E-01,  3.300000E+00, -6.013900E-01,  2.028300E+00,  6.943800E-01, -1.054600E+00, -2.533600E+00
 4.000000E-01,  3.350000E+00, -5.841300E-01,  1.979600E+00,  6.974100E-01, -9.530200E-01, -2.652600E+00
 4.000000E-01,  3.400000E+00, -5.679500E-01,  1.924200E+00,  6.935400E-01, -8.459800E-01, -2.752000E+00
 4.000000E-01,  3.450000E+00, -5.544600E-01,  1.862500E+00,  6.857400E-01, -7.373300E-01, -2.832000E+00
 4.000000E-01,  3.500000E+00, -5.435900E-01,  1.795600E+00,  6.751900E-01, -6.273600E-01, -2.893000E+00
 4.000000E-01,  3.550000E+00, -5.357200E-01,  1.724600E+00,  6.633000E-01, -5.168600E-01, -2.935600E+00
 4.000000E-01,  3.600000E+00, -5.313600E-01,  1.651000E+00,  6.511600E-01, -4.066800E-01, -2.961500E+00
 4.000000E-01,  3.650000E+00, -5.308500E-01,  1.576300E+00,  6.396100E-01, -2.972400E-01, -2.971700E+00
 4.000000E-01,  3.700000E+00,  5.341200E-01,  1.502400E+00,  6.288800E-01, -1.886100E-01, -2.967400E+00
 4.000000E-01,  3.750000E+00,  5.411200E-01,  1.431000E+00,  6.191900E-01, -8.092800E-02, -2.949600E+00
 4.000000E-01,  3.800000E+00,  5.513100E-01,  1.363700E+00,  6.101100E-01,  2.578800E-02, -2.918800E+00
 4.000000E-01,  3.850000E+00,  5.642200E-01,  1.301000E+00,  6.012700E-01,  1.313100E-01, -2.875600E+00
 4.000000E-01,  3.900000E+00,  5.801100E-01,  1.245100E+00,  5.931500E-01,  2.356200E-01, -2.821800E+00
 4.000000E-01,  3.950000E+00,  5.975400E-01,  1.195400E+00,  5.843000E-01,  3.380600E-01, -2.756300E+00
 4.000000E-01,  4.000000E+00,  6.167800E-01,  1.153600E+00,  5.753100E-01,  4.383000E-01, -2.680200E+00
 4.000000E-01,  4.050000E+00,  6.371900E-01,  1.120300E+00,  5.654600E-01,  5.355200E-01, -2.593500E+00
 4.000000E-01,  4.100000E+00,  6.582000E-01,  1.092600E+00,  5.457600E-01,  6.290300E-01, -2.500200E+00
 4.000000E-01,  4.150000E+00,  6.791700E-01,  1.068400E+00,  5.118900E-01,  7.178500E-01, -2.401000E+00
 4.000000E-01,  4.200000E+00,  6.994600E-01,  1.046600E+00,  4.637000E-01,  8.013300E-01, -2.297500E+00
 4.000000E-01,  4.250000E+00,  7.196600E-01,  1.027400E+00,  4.011100E-01,  8.790200E-01, -2.189200E+00
 4.000000E-01,  4.300000E+00,  7.392500E-01,  1.010200E+00,  3.241500E-01,  9.504500E-01, -2.077500E+00
 4.000000E-01,  4.350000E+00,  7.585900E-01,  9.942900E-01,  2.329500E-01,  1.015300E+00, -1.962500E+00
 4.000000E-01,  4.400000E+00,  7.775200E-01,  9.800800E-01,  1.275500E-01,  1.073600E+00, -1.843800E+00
 4.000000E-01,  4.450000E+00,  7.959600E-01,  9.670000E-01,  7.973700E-03,  1.124400E+00, -1.722300E+00
 4.000000E-01,  4.500000E+00,  8.140700E-01,  9.549200E-01, -1.255100E-01,  1.168000E+00, -1.597900E+00
 4.000000E-01,  4.550000E+00,  8.317900E-01,  9.438400E-01, -2.729300E-01,  1.204300E+00, -1.470000E+00
 4.000000E-01,  4.600000E+00,  8.492200E-01,  9.335700E-01, -4.342500E-01,  1.232500E+00, -1.339600E+00
 4.000000E-01,  4.650000E+00,  8.664800E-01,  9.240200E-01, -6.092800E-01,  1.253600E+00, -1.206100E+00
 4.000000E-01,  4.700000E+00,  1.000000E+01,  9.702600E-01, -7.811700E-01,  1.253700E+00, -1.078100E+00
 4.000000E-01,  4.750000E+00,  1.000000E+01,  9.530500E-01, -9.285300E-01,  1.221100E+00, -9.700200E-01
 4.000000E-01,  4.800000E+00,  1.000000E+01,  9.307100E-01, -9.642100E-01,  1.106700E+00, -9.471700E-01
 4.000000E-01,  4.850000E+00,  1.000000E+01,  9.203800E-01, -9.998900E-01,  9.923500E-01, -9.243100E-01
 4.000000E-01,  4.900000E+00,  1.000000E+01,  9.092000E-01, -1.035600E+00,  8.779800E-01, -9.014500E-01
 4.000000E-01,  4.950000E+00,  1.000000E+01,  9.007500E-01, -1.071200E+00,  7.636100E-01, -8.786000E-01
 4.000000E-01,  5.000000E+00,  1.000000E+01,  8.919000E-01, -1.106900E+00,  6.492400E-01, -8.557400E-01
 4.000000E-01,  5.050000E+00,  1.000000E+01,  8.849600E-01, -1.142600E+00,  5.348700E-01, -8.328900E-01
 4.000000E-01,  5.100000E+00,  1.000000E+01,  8.807700E-01, -1.178300E+00,  4.205000E-01, -8.100300E-01
 4.000000E-01,  5.150000E+00,  1.000000E+01,  8.787100E-01, -1.214000E+00,  3.061400E-01, -7.871700E-01
 4.000000E-01,  5.200000E+00,  1.000000E+01,  8.806300E-01, -1.249600E+00,  1.917700E-01, -7.643200E-01
 4.000000E-01,  5.250000E+00,  1.000000E+01,  8.892900E-01, -1.285300E+00,  7.739800E-02, -7.414600E-01
 4.000000E-01,  5.300000E+00,  1.000000E+01,  9.059000E-01, -1.321000E+00, -3.697100E-02, -7.186000E-01
 4.000000E-01,  5.350000E+00,  1.000000E+01,  9.328900E-01, -1.356700E+00, -1.513400E-01, -6.957500E-01
 4.000000E-01,  5.400000E+00,  1.000000E+01,  9.784700E-01, -1.392300E+00, -2.657100E-01, -6.728900E-01
 4.000000E-01,  5.450000E+00,  1.000000E+01,  1.047100E+00, -1.428000E+00, -3.800800E-01, -6.500400E-01
 4.000000E-01,  5.500000E+00,  1.000000E+01,  1.135900E+00, -1.463700E+00, -4.944500E-01, -6.271800E-01
 4.500000E-01,  2.300000E+00, -1.000000E+01,  2.234500E+00, -1.499400E+00, -6.088200E-01, -6.043200E-01
 4.500000E-01,  2.350000E+00, -1.000000E+01,  2.222900E+00, -1.535100E+00, -7.231800E-01, -5.814700E-01
 4.500000E-01,  2.400000E+00, -1.000000E+01,  2.211700E+00, -1.570700E+00, -8.375500E-01, -5.586100E-01
 4.500000E-01,  2.450000E+00, -1.000000E+01,  2.199000E+00, -1.606400E+00, -9.519200E-01, -5.357500E-01
 4.500000E-01,  2.500000E+00, -1.000000E+01,  2.184600E+00, -1.642100E+00, -1.066300E+00, -5.129000E-01
 4.500000E-01,  2.550000E+00, -1.000000E+01,  2.171300E+00, -1.677800E+00, -1.180700E+00, -4.900400E-01
 4.500000E-01,  2.600000E+00, -1.000000E+01,  2.154600E+00, -1.657800E+00, -1.299600E+00, -4.953100E-01
 4.500000E-01,  2.650000E+00, -8.821400E-01,  2.214200E+00, -1.591300E+00, -1.416000E+00, -5.256200E-01
 4.500000E-01,  2.700000E+00, -8.679000E-01,  2.200300E+00, -1.281200E+00, -1.501100E+00, -6.715900E-01
 4.500000E-01,  2.750000E+00, -8.532900E-01,  2.185900E+00, -9.915800E-01, -1.568000E+00, -8.215000E-01
 4.500000E-01,  2.800000E+00, -8.385100E-01,  2.170300E+00, -7.215500E-01, -1.615700E+00, -9.751400E-01
 4.500000E-01,  2.850000E+00, -8.234200E-01,  2.154100E+00, -4.720300E-01, -1.645600E+00, -1.132400E+00
 4.500000E-01,  2.900000E+00, -8.080800E-01,  2.136800E+00, -2.437900E-01, -1.657600E+00, -1.292600E+00
 4.500000E-01,  2.950000E+00, -7.922800E-01,  2.118000E+00, -3.749400E-02, -1.652700E+00, -1.455100E+00
 4.500000E-01,  3.000000E+00, -7.763600E-01,  2.098400E+00,  1.465900E-01, -1.630600E+00, -1.618800E+00
 4.500000E-01,  3.050000E+00, -7.602500E-01,  2.076600E+00,  3.078800E-01, -1.592800E+00, -1.783000E+00
 4.500000E-01,  3.100000E+00, -7.441000E-01,  2.053100E+00,  4.460000E-01, -1.539400E+00, -1.946600E+00
 4.500000E-01,  3.150000E+00, -7.274600E-01,  2.027600E+00,  5.607000E-01, -1.471700E+00, -2.107900E+00
 4.500000E-01,  3.200000E+00, -7.109400E-01,  1.999700E+00,  6.518600E-01, -1.391600E+00, -2.265200E+00
 4.500000E-01,  3.250000E+00, -6.942900E-01,  1.968700E+00,  7.202500E-01, -1.299100E+00, -2.416100E+00
 4.500000E-01,  3.300000E+00, -6.781300E-01,  1.934100E+00,  7.669200E-01, -1.196300E+00, -2.557500E+00
 4.500000E-01,  3.350000E+00, -6.625300E-01,  1.895800E+00,  7.938900E-01, -1.084600E+00, -2.687300E+00
 4.500000E-01,  3.400000E+00, -6.478900E-01,  1.853200E+00,  8.041400E-01, -9.672200E-01, -2.801200E+00
 4.500000E-01,  3.450000E+00, -6.348000E-01,  1.806100E+00,  8.016400E-01, -8.448800E-01, -2.897000E+00
 4.500000E-01,  3.500000E+00, -6.240100E-01,  1.754100E+00,  7.912700E-01, -7.202100E-01, -2.972200E+00
 4.500000E-01,  3.550000E+00, -6.173200E-01,  1.697400E+00,  7.798600E-01, -5.955100E-01, -3.027100E+00
 4.500000E-01,  3.600000E+00, -6.136500E-01,  1.638000E+00,  7.671100E-01, -4.701600E-01, -3.062100E+00
 4.500000E-01,  3.650000E+00, -6.132300E-01,  1.578100E+00,  7.541800E-01, -3.450500E-01, -3.078700E+00
 4.500000E-01,  3.700000E+00,  6.161600E-01,  1.519000E+00,  7.419200E-01, -2.206200E-01, -3.078200E+00
 4.500000E-01,  3.750000E+00,  6.219300E-01,  1.461700E+00,  7.298800E-01, -9.720000E-02, -3.061100E+00
 4.500000E-01,  3.800000E+00,  6.315500E-01,  1.408400E+00,  7.199300E-01,  2.468900E-02, -3.030000E+00
 4.500000E-01,  3.850000E+00,  6.439100E-01,  1.359900E+00,  7.088600E-01,  1.450400E-01, -2.985100E+00
 4.500000E-01,  3.900000E+00,  6.580300E-01,  1.315600E+00,  6.929900E-01,  2.633400E-01, -2.927500E+00
 4.500000E-01,  3.950000E+00,  6.734600E-01,  1.276400E+00,  6.697400E-01,  3.788700E-01, -2.858500E+00
 4.500000E-01,  4.000000E+00,  6.897800E-01,  1.240500E+00,  6.369400E-01,  4.910100E-01, -2.779700E+00
 4.500000E-01,  4.050000E+00,  7.065600E-01,  1.209000E+00,  5.929600E-01,  5.990000E-01, -2.692700E+00
 4.500000E-01,  4.100000E+00,  7.235600E-01,  1.180300E+00,  5.366300E-01,  7.023500E-01, -2.598800E+00
 4.500000E-01,  4.150000E+00,  7.410200E-01,  1.154600E+00,  4.672400E-01,  8.005100E-01, -2.499000E+00
 4.500000E-01,  4.200000E+00,  7.582100E-01,  1.131300E+00,  3.843500E-01,  8.929100E-01, -2.394100E+00
 4.500000E-01,  4.250000E+00,  7.755100E-01,  1.110400E+00,  2.876600E-01,  9.792700E-01, -2.284300E+00
 4.500000E-01,  4.300000E+00,  7.929000E-01,  1.090900E+00,  1.769900E-01,  1.059400E+00, -2.170300E+00
 4.500000E-01,  4.350000E+00,  8.099300E-01,  1.073100E+00,  5.237400E-02,  1.132600E+00, -2.052800E+00
 4.500000E-01,  4.400000E+00,  8.267200E-01,  1.057200E+00, -8.606300E-02,  1.199100E+00, -1.932000E+00
 4.500000E-01,  4.450000E+00,  8.434400E-01,  1.042000E+00, -2.384700E-01,  1.258200E+00, -1.807600E+00
 4.500000E-01,  4.500000E+00,  8.600100E-01,  1.028100E+00, -4.049300E-01,  1.310500E+00, -1.679800E+00
 4.500000E-01,  4.550000E+00,  8.763800E-01,  1.015500E+00, -5.849200E-01,  1.354600E+00, -1.549300E+00
 4.500000E-01,  4.600000E+00,  1.000000E+01,  1.062400E+00, -7.324700E-01,  1.354000E+00, -1.441100E+00
 4.500000E-01,  4.650000E+00,  1.000000E+01,  1.041400E+00, -7.670900E-01,  1.256400E+00, -1.415100E+00
 4.500000E-01,  4.700000E+00,  1.000000E+01,  1.026700E+00, -7.845400E-01,  1.145100E+00, -1.402400E+00
 4.500000E-01,  4.750000E+00,  1.000000E+01,  1.014200E+00, -8.019900E-01,  1.033700E+00, -1.389600E+00
 4.500000E-01,  4.800000E+00,  1.000000E+01,  9.997900E-01, -8.194300E-01,  9.223100E-01, -1.376900E+00
 4.500000E-01,  4.850000E+00,  1.000000E+01,  9.875600E-01, -8.368800E-01,  8.109300E-01, -1.364100E+00
 4.500000E-01,  4.900000E+00,  1.000000E+01,  9.760700E-01, -8.543200E-01,  6.995600E-01, -1.351400E+00
 4.500000E-01,  4.950000E+00,  1.000000E+01,  9.654600E-01, -8.717700E-01,  5.881800E-01, -1.338600E+00
 4.500000E-01,  5.000000E+00,  1.000000E+01,  9.568100E-01, -8.892200E-01,  4.768000E-01, -1.325900E+00
 4.500000E-01,  5.050000E+00,  1.000000E+01,  9.491800E-01, -9.066600E-01,  3.654200E-01, -1.313100E+00
 4.500000E-01,  5.100000E+00,  1.000000E+01,  9.446200E-01, -9.241100E-01,  2.540500E-01, -1.300400E+00
 4.500000E-01,  5.150000E+00,  1.000000E+01,  9.430900E-01, -9.415600E-01,  1.426700E-01, -1.287600E+00
 4.500000E-01,  5.200000E+00,  1.000000E+01,  9.453600E-01, -9.590000E-01,  3.129200E-02, -1.274900E+00
 4.500000E-01,  5.250000E+00,  1.000000E+01,  9.551600E-01, -9.764500E-01, -8.008600E-02, -1.262100E+00
 4.500000E-01,  5.300000E+00,  1.000000E+01,  9.735700E-01, -9.939000E-01, -1.914600E-01, -1.249400E+00
 4.500000E-01,  5.350000E+00,  1.000000E+01,  1.003100E+00, -1.011300E+00, -3.028400E-01, -1.236600E+00
 4.500000E-01,  5.400000E+00,  1.000000E+01,  1.048700E+00, -1.028800E+00, -4.142200E-01, -1.223900E+00
 4.500000E-01,  5.450000E+00,  1.000000E+01,  1.123000E+00, -1.046200E+00, -5.256000E-01, -1.211100E+00
 4.500000E-01,  5.500000E+00,  1.000000E+01,  1.220000E+00, -1.063700E+00, -6.369700E-01, -1.198400E+00
 5.000000E-01,  2.300000E+00, -1.000000E+01,  2.153900E+00, -1.081100E+00, -7.483500E-01, -1.185700E+00
 5.000000E-01,  2.350000E+00, -1.000000E+01,  2.142900E+00, -1.098600E+00, -8.597300E-01, -1.172900E+00
 5.000000E-01,  2.400000E+00, -1.000000E+01,  2.131100E+00, -1.116000E+00, -9.711000E-01, -1.160200E+00
 5.000000E-01,  2.450000E+00, -1.000000E+01,  2.117800E+00, -1.133500E+00, -1.082500E+00, -1.147400E+00
 5.000000E-01,  2.500000E+00, -1.000000E+01,  2.105200E+00, -1.150900E+00, -1.193900E+00, -1.134700E+00
 5.000000E-01,  2.550000E+00, -1.000000E+01,  2.089700E+00, -1.168400E+00, -1.305200E+00, -1.121900E+00
 5.000000E-01,  2.600000E+00, -1.000000E+01,  2.075100E+00, -1.185800E+00, -1.416600E+00, -1.109200E+00
 5.000000E-01,  2.650000E+00, -1.000000E+01,  2.058100E+00, -1.203300E+00, -1.528000E+00, -1.096400E+00
 5.000000E-01,  2.700000E+00, -1.000000E+01,  2.041800E+00, -1.220700E+00, -1.639400E+00, -1.083700E+00
 5.000000E-01,  2.750000E+00, -1.000000E+01,  2.024300E+00, -1.229800E+00, -1.749800E+00, -1.075900E+00
 5.000000E-01,  2.800000E+00, -1.000000E+01,  2.013400E+00, -1.152600E+00, -1.844600E+00, -1.117100E+00
 5.000000E-01,  2.850000E+00, -8.783700E-01,  2.080200E+00, -9.628400E-01, -1.898800E+00, -1.222500E+00
 5.000000E-01,  2.900000E+00, -8.647400E-01,  2.062500E+00, -6.879600E-01, -1.903800E+00, -1.384300E+00
 5.000000E-01,  2.950000E+00, -8.508500E-01,  2.043100E+00, -4.358100E-01, -1.890900E+00, -1.547900E+00
 5.000000E-01,  3.000000E+00, -8.372000E-01,  2.023400E+00, -2.070100E-01, -1.861200E+00, -1.712000E+00
 5.000000E-01,  3.050000E+00, -8.232800E-01,  2.001500E+00, -2.037400E-03, -1.814600E+00, -1.876500E+00
 5.000000E-01,  3.100000E+00, -8.095200E-01,  1.978300E+00,  1.788000E-01, -1.752900E+00, -2.038900E+00
 5.000000E-01,  3.150000E+00, -7.959200E-01,  1.953200E+00,  3.355000E-01, -1.676500E+00, -2.199200E+00
 5.000000E-01,  3.200000E+00, -7.824000E-01,  1.926200E+00,  4.682600E-01, -1.586200E+00, -2.354500E+00
 5.000000E-01,  3.250000E+00, -7.691600E-01,  1.897000E+00,  5.772800E-01, -1.483700E+00, -2.503600E+00
 5.000000E-01,  3.300000E+00, -7.567700E-01,  1.865500E+00,  6.635500E-01, -1.370600E+00, -2.644100E+00
 5.000000E-01,  3.350000E+00, -7.449800E-01,  1.831500E+00,  7.286000E-01, -1.248000E+00, -2.773800E+00
 5.000000E-01,  3.400000E+00, -7.341600E-01,  1.794800E+00,  7.744200E-01, -1.117300E+00, -2.889700E+00
 5.000000E-01,  3.450000E+00, -7.247800E-01,  1.755500E+00,  8.033800E-01, -9.812800E-01, -2.990200E+00
 5.000000E-01,  3.500000E+00, -7.173400E-01,  1.714200E+00,  8.183800E-01, -8.405700E-01, -3.072900E+00
 5.000000E-01,  3.550000E+00, -7.116900E-01,  1.670500E+00,  8.221900E-01, -6.973500E-01, -3.136100E+00
 5.000000E-01,  3.600000E+00, -7.083400E-01,  1.625400E+00,  8.174300E-01, -5.528000E-01, -3.179800E+00
 5.000000E-01,  3.650000E+00, -7.078100E-01,  1.579900E+00,  8.060100E-01, -4.080500E-01, -3.203700E+00
 5.000000E-01,  3.700000E+00,  7.096100E-01,  1.534500E+00,  7.889500E-01, -2.639200E-01, -3.208500E+00
 5.000000E-01,  3.750000E+00,  7.138500E-01,  1.490300E+00,  7.665700E-01, -1.211400E-01, -3.195100E+00
 5.000000E-01,  3.800000E+00,  7.205400E-01,  1.448000E+00,  7.382800E-01,  1.962200E-02, -3.165600E+00
 5.000000E-01,  3.850000E+00,  7.288800E-01,  1.407800E+00,  7.030900E-01,  1.578100E-01, -3.121000E+00
 5.000000E-01,  3.900000E+00,  7.388000E-01,  1.370000E+00,  6.596600E-01,  2.927600E-01, -3.063500E+00
 5.000000E-01,  3.950000E+00,  7.503600E-01,  1.335000E+00,  6.066700E-01,  4.239200E-01, -2.994700E+00
 5.000000E-01,  4.000000E+00,  7.626200E-01,  1.302900E+00,  5.428500E-01,  5.507400E-01, -2.915800E+00
 5.000000E-01,  4.050000E+00,  7.757900E-01,  1.273000E+00,  4.672100E-01,  6.726000E-01, -2.828600E+00
 5.000000E-01,  4.100000E+00,  7.894800E-01,  1.245800E+00,  3.789900E-01,  7.891400E-01, -2.734100E+00
 5.000000E-01,  4.150000E+00,  8.038400E-01,  1.220800E+00,  2.775600E-01,  8.999400E-01, -2.632900E+00
 5.000000E-01,  4.200000E+00,  8.184200E-01,  1.197400E+00,  1.625600E-01,  1.004500E+00, -2.526700E+00
 5.000000E-01,  4.250000E+00,  8.330900E-01,  1.176000E+00,  3.379100E-02,  1.102600E+00, -2.415000E+00
 5.000000E-01,  4.300000E+00,  8.479800E-01,  1.156200E+00, -1.088600E-01,  1.193800E+00, -2.299300E+00
 5.000000E-01,  4.350000E+00,  8.629400E-01,  1.137600E+00, -2.654900E-01,  1.278400E+00, -2.179200E+00
 5.000000E-01,  4.400000E+00,  8.778300E-01,  1.120700E+00, -4.359300E-01,  1.355600E+00, -2.055500E+00
 5.000000E-01,  4.450000E+00,  1.000000E+01,  1.172800E+00, -5.722900E-01,  1.383700E+00, -1.955900E+00
 5.000000E-01,  4.500000E+00,  1.000000E+01,  1.157500E+00, -5.910700E-01,  1.303000E+00, -1.941400E+00
 5.000000E-01,  4.550000E+00,  1.000000E+01,  1.141800E+00, -5.918700E-01,  1.206700E+00, -1.940600E+00
 5.000000E-01,  4.600000E+00,  1.000000E+01,  1.125300E+00, -5.926700E-01,  1.110300E+00, -1.939900E+00
 5.000000E-01,  4.650000E+00,  1.000000E+01,  1.106400E+00, -5.934700E-01,  1.014000E+00, -1.939100E+00
 5.000000E-01,  4.700000E+00,  1.000000E+01,  1.092000E+00, -5.942700E-01,  9.176300E-01, -1.938300E+00
 5.000000E-01,  4.750000E+00,  1.000000E+01,  1.074900E+00, -5.950700E-01,  8.212700E-01, -1.937600E+00
 5.000000E-01,  4.800000E+00,  1.000000E+01,  1.061700E+00, -5.958600E-01,  7.249100E-01, -1.936800E+00
 5.000000E-01,  4.850000E+00,  1.000000E+01,  1.047200E+00, -5.966600E-01,  6.285600E-01, -1.936000E+00
 5.000000E-01,  4.900000E+00,  1.000000E+01,  1.035900E+00, -5.974600E-01,  5.322000E-01, -1.935300E+00
 5.000000E-01,  4.950000E+00,  1.000000E+01,  1.023800E+00, -5.982600E-01,  4.358500E-01, -1.934500E+00
 5.000000E-01,  5.000000E+00,  1.000000E+01,  1.014400E+00, -5.990600E-01,  3.394900E-01, -1.933700E+00
 5.000000E-01,  5.050000E+00,  1.000000E+01,  1.006900E+00, -5.998500E-01,  2.431400E-01, -1.933000E+00
 5.000000E-01,  5.100000E+00,  1.000000E+01,  1.001900E+00, -6.006500E-01,  1.467800E-01, -1.932200E+00
 5.000000E-01,  5.150000E+00,  1.000000E+01,  9.996100E-01, -6.014500E-01,  5.042600E-02, -1.931500E+00
 5.000000E-01,  5.200000E+00,  1.000000E+01,  1.003300E+00, -6.022500E-01, -4.593000E-02, -1.930700E+00
 5.000000E-01,  5.250000E+00,  1.000000E+01,  1.011600E+00, -6.030500E-01, -1.422900E-01, -1.929900E+00
 5.000000E-01,  5.300000E+00,  1.000000E+01,  1.030100E+00, -6.038500E-01, -2.386400E-01, -1.929200E+00
 5.000000E-01,  5.350000E+00,  1.000000E+01,  1.060800E+00, -6.046400E-01, -3.350000E-01, -1.928400E+00
 5.000000E-01,  5.400000E+00,  1.000000E+01,  1.107800E+00, -6.054400E-01, -4.313500E-01, -1.927600E+00
 5.000000E-01,  5.450000E+00,  1.000000E+01,  1.182300E+00, -6.062400E-01, -5.277100E-01, -1.926900E+00
 5.000000E-01,  5.500000E+00,  1.000000E+01,  1.283700E+00, -6.070400E-01, -6.240600E-01, -1.926100E+00
 5.500000E-01,  2.300000E+00, -1.000000E+01,  2.079900E+00, -6.078400E-01, -7.204200E-01, -1.925300E+00
 5.500000E-01,  2.350000E+00, -1.000000E+01,  2.069600E+00, -6.086400E-01, -8.167700E-01, -1.924600E+00
 5.500000E-01,  2.400000E+00, -1.000000E+01,  2.057600E+00, -6.094300E-01, -9.131300E-01, -1.923800E+00
 5.500000E-01,  2.450000E+00, -1.000000E+01,  2.046100E+00, -6.102300E-01, -1.009500E+00, -1.923000E+00
 5.500000E-01,  2.500000E+00, -1.000000E+01,  2.032000E+00, -6.110300E-01, -1.105800E+00, -1.922300E+00
 5.500000E-01,  2.550000E+00, -1.000000E+01,  2.018000E+00, -6.118300E-01, -1.202200E+00, -1.921500E+00
 5.500000E-01,  2.600000E+00, -1.000000E+01,  2.002000E+00, -6.126300E-01, -1.298600E+00, -1.920700E+00
 5.500000E-01,  2.650000E+00, -1.000000E+01,  1.986300E+00, -6.134300E-01, -1.394900E+00, -1.920000E+00
 5.500000E-01,  2.700000E+00, -1.000000E+01,  1.967700E+00, -6.142200E-01, -1.491300E+00, -1.919200E+00
 5.500000E-01,  2.750000E+00, -1.000000E+01,  1.949100E+00, -6.150200E-01, -1.587600E+00, -1.918400E+00
 5.500000E-01,  2.800000E+00, -1.000000E+01,  1.927700E+00, -6.158200E-01, -1.684000E+00, -1.917700E+00
 5.500000E-01,  2.850000E+00, -1.000000E+01,  1.907900E+00, -6.166200E-01, -1.780300E+00, -1.916900E+00
 5.500000E-01,  2.900000E+00, -1.000000E+01,  1.886000E+00, -6.174200E-01, -1.876700E+00, -1.916100E+00
 5.500000E-01,  2.950000E+00, -1.000000E+01,  1.861600E+00, -6.182200E-01, -1.973000E+00, -1.915400E+00
 5.500000E-01,  3.000000E+00, -1.000000E+01,  1.846500E+00, -6.021900E-01, -2.060300E+00, -1.927200E+00
 5.500000E-01,  3.050000E+00, -8.859700E-01,  1.943300E+00, -4.942500E-01, -2.086200E+00, -2.005700E+00
 5.500000E-01,  3.100000E+00, -8.742600E-01,  1.921300E+00, -2.745600E-01, -2.010400E+00, -2.167200E+00
 5.500000E-01,  3.150000E+00, -8.626900E-01,  1.897900E+00, -8.040200E-02, -1.919600E+00, -2.325600E+00
 5.500000E-01,  3.200000E+00, -8.516800E-01,  1.872700E+00,  8.843400E-02, -1.815400E+00, -2.478700E+00
 5.500000E-01,  3.250000E+00, -8.411700E-01,  1.846300E+00,  2.324800E-01, -1.698200E+00, -2.625200E+00
 5.500000E-01,  3.300000E+00, -8.309900E-01,  1.818100E+00,  3.523500E-01, -1.569500E+00, -2.763200E+00
 5.500000E-01,  3.350000E+00, -8.217800E-01,  1.788000E+00,  4.487000E-01, -1.431200E+00, -2.890600E+00
 5.500000E-01,  3.400000E+00, -8.132800E-01,  1.756700E+00,  5.234200E-01, -1.284600E+00, -3.005300E+00
 5.500000E-01,  3.450000E+00, -8.063100E-01,  1.723600E+00,  5.778600E-01, -1.131300E+00, -3.105100E+00
 5.500000E-01,  3.500000E+00, -8.005500E-01,  1.689200E+00,  6.142800E-01, -9.726200E-01, -3.189000E+00
 5.500000E-01,  3.550000E+00, -7.961300E-01,  1.653800E+00,  6.342900E-01, -8.106500E-01, -3.254900E+00
 5.500000E-01,  3.600000E+00, -7.935700E-01,  1.617500E+00,  6.399600E-01, -6.464700E-01, -3.302300E+00
 5.500000E-01,  3.650000E+00, -7.929000E-01,  1.580600E+00,  6.329400E-01, -4.814500E-01, -3.330400E+00
 5.500000E-01,  3.700000E+00,  7.938600E-01,  1.544300E+00,  6.141500E-01, -3.168200E-01, -3.339900E+00
 5.500000E-01,  3.750000E+00,  7.965500E-01,  1.508300E+00,  5.842500E-01, -1.536700E-01, -3.331700E+00
 5.500000E-01,  3.800000E+00,  8.011600E-01,  1.473200E+00,  5.434200E-01,  7.146300E-03, -3.306900E+00
 5.500000E-01,  3.850000E+00,  8.070600E-01,  1.439500E+00,  4.915600E-01,  1.648200E-01, -3.266700E+00
 5.500000E-01,  3.900000E+00,  8.145100E-01,  1.407500E+00,  4.279700E-01,  3.186200E-01, -3.213200E+00
 5.500000E-01,  3.950000E+00,  8.231000E-01,  1.376600E+00,  3.523500E-01,  4.679000E-01, -3.147400E+00
 5.500000E-01,  4.000000E+00,  8.328300E-01,  1.347700E+00,  2.638900E-01,  6.121400E-01, -3.071300E+00
 5.500000E-01,  4.050000E+00,  8.432700E-01,  1.320700E+00,  1.622700E-01,  7.508000E-01, -2.986000E+00
 5.500000E-01,  4.100000E+00,  8.543300E-01,  1.295400E+00,  4.699100E-02,  8.835000E-01, -2.892600E+00
 5.500000E-01,  4.150000E+00,  8.660500E-01,  1.271500E+00, -8.213500E-02,  1.009900E+00, -2.792100E+00
 5.500000E-01,  4.200000E+00,  8.783100E-01,  1.249200E+00, -2.254100E-01,  1.129400E+00, -2.685500E+00
 5.500000E-01,  4.250000E+00,  1.000000E+01,  1.305400E+00, -3.658500E-01,  1.224800E+00, -2.583200E+00
 5.500000E-01,  4.300000E+00,  1.000000E+01,  1.309800E+00, -3.867800E-01,  1.188500E+00, -2.570300E+00
 5.500000E-01,  4.350000E+00,  1.000000E+01,  1.289600E+00, -3.801600E-01,  1.125700E+00, -2.579200E+00
 5.500000E-01,  4.400000E+00,  1.000000E+01,  1.267600E+00, -3.735300E-01,  1.062900E+00, -2.588100E+00
 5.500000E-01,  4.450000E+00,  1.000000E+01,  1.243500E+00, -3.669000E-01,  1.000000E+00, -2.597000E+00
 5.500000E-01,  4.500000E+00,  1.000000E+01,  1.222100E+00, -3.602700E-01,  9.372100E-01, -2.605900E+00
 5.500000E-01,  4.550000E+00,  1.000000E+01,  1.201500E+00, -3.536500E-01,  8.743800E-01, -2.614800E+00
 5.500000E-01,  4.600000E+00,  1.000000E+01,  1.182200E+00, -3.470200E-01,  8.115400E-01, -2.623700E+00
 5.500000E-01,  4.650000E+00,  1.000000E+01,  1.165400E+00, -3.403900E-01,  7.487100E-01, -2.632600E+00
 5.500000E-01,  4.700000E+00,  1.000000E+01,  1.146400E+00, -3.337600E-01,  6.858800E-01, -2.641500E+00
 5.500000E-01,  4.750000E+00,  1.000000E+01,  1.130800E+00, -3.271400E-01,  6.230400E-01, -2.650400E+00
 5.500000E-01,  4.800000E+00,  1.000000E+01,  1.114800E+00, -3.205100E-01,  5.602100E-01, -2.659300E+00
 5.500000E-01,  4.850000E+00,  1.000000E+01,  1.101500E+00, -3.138800E-01,  4.973800E-01, -2.668100E+00
 5.500000E-01,  4.900000E+00,  1.000000E+01,  1.088000E+00, -3.072500E-01,  4.345400E-01, -2.677000E+00
 5.500000E-01,  4.950000E+00,  1.000000E+01,  1.077100E+00, -3.006300E-01,  3.717100E-01, -2.685900E+00
 5.500000E-01,  5.000000E+00,  1.000000E+01,  1.066300E+00, -2.940000E-01,  3.088800E-01, -2.694800E+00
 5.500000E-01,  5.050000E+00,  1.000000E+01,  1.058800E+00, -2.873700E-01,  2.460400E-01, -2.703700E+00
 5.500000E-01,  5.100000E+00,  1.000000E+01,  1.053600E+00, -2.807500E-01,  1.832100E-01, -2.712600E+00
 5.500000E-01,  5.150000E+00,  1.000000E+01,  1.051100E+00, -2.741200E-01,  1.203800E-01, -2.721500E+00
 5.500000E-01,  5.200000E+00,  1.000000E+01,  1.053400E+00, -2.674900E-01,  5.754200E-02, -2.730400E+00
 5.500000E-01,  5.250000E+00,  1.000000E+01,  1.063400E+00, -2.608600E-01, -5.291800E-03, -2.739300E+00
 5.500000E-01,  5.300000E+00,  1.000000E+01,  1.079600E+00, -2.542400E-01, -6.812500E-02, -2.748200E+00
 5.500000E-01,  5.350000E+00,  1.000000E+01,  1.109500E+00, -2.476100E-01, -1.309600E-01, -2.757100E+00
 5.500000E-01,  5.400000E+00,  1.000000E+01,  1.161400E+00, -2.409800E-01, -1.937900E-01, -2.766000E+00
 5.500000E-01,  5.450000E+00,  1.000000E+01,  1.232400E+00, -2.343500E-01, -2.566300E-01, -2.774900E+00
 5.500000E-01,  5.500000E+00,  1.000000E+01,  1.334900E+00, -2.277300E-01, -3.194600E-01, -2.783800E+00
 6.000000E-01,  2.300000E+00, -1.000000E+01,  2.011800E+00, -2.211000E-01, -3.822900E-01, -2.792700E+00
 6.000000E-01,  2.350000E+00, -1.000000E+01,  2.001800E+00, -2.144700E-01, -4.451300E-01, -2.801600E+00
 6.000000E-01,  2.400000E+00, -1.000000E+01,  1.991600E+00, -2.078400E-01, -5.079600E-01, -2.810500E+00
 6.000000E-01,  2.450000E+00, -1.000000E+01,  1.980000E+00, -2.012200E-01, -5.707900E-01, -2.819400E+00
 6.000000E-01,  2.500000E+00, -1.000000E+01,  1.967800E+00, -1.945900E-01, -6.336300E-01, -2.828200E+00
 6.000000E-01,  2.550000E+00, -1.000000E+01,  1.953400E+00, -1.879600E-01, -6.964600E-01, -2.837100E+00
 6.000000E-01,  2.600000E+00, -1.000000E+01,  1.939300E+00, -1.813400E-01, -7.592900E-01, -2.846000E+00
 6.000000E-01,  2.650000E+00, -1.000000E+01,  1.922100E+00, -1.747100E-01, -8.221300E-01, -2.854900E+00
 6.000000E-01,  2.700000E+00, -1.000000E+01,  1.905600E+00, -1.680800E-01, -8.849600E-01, -2.863800E+00
 6.000000E-01,  2.750000E+00, -1.000000E+01,  1.884900E+00, -1.614500E-01, -9.477900E-01, -2.872700E+00
 6.000000E-01,  2.800000E+00, -1.000000E+01,  1.866700E+00, -1.548300E-01, -1.010600E+00, -2.881600E+00
 6.000000E-01,  2.850000E+00, -1.000000E+01,  1.845300E+00, -1.482000E-01, -1.073500E+00, -2.890500E+00
 6.000000E-01,  2.900000E+00, -1.000000E+01,  1.820000E+00, -1.415700E-01, -1.136300E+00, -2.899400E+00
 6.000000E-01,  2.950000E+00, -1.000000E+01,  1.795100E+00, -1.349400E-01, -1.199100E+00, -2.908300E+00
 6.000000E-01,  3.000000E+00, -1.000000E+01,  1.765300E+00, -1.283200E-01, -1.262000E+00, -2.917200E+00
 6.000000E-01,  3.050000E+00, -1.000000E+01,  1.737700E+00, -1.216900E-01, -1.324800E+00, -2.926100E+00
 6.000000E-01,  3.100000E+00, -1.000000E+01,  1.707200E+00, -1.150600E-01, -1.387600E+00, -2.935000E+00
 6.000000E-01,  3.150000E+00, -1.000000E+01,  1.666900E+00, -1.084300E-01, -1.450500E+00, -2.943900E+00
 6.000000E-01,  3.200000E+00, -1.000000E+01,  1.626900E+00, -1.018100E-01, -1.513300E+00, -2.952800E+00
 6.000000E-01,  3.250000E+00, -1.000000E+01,  1.586600E+00, -9.518000E-02, -1.576100E+00, -2.961700E+00
 6.000000E-01,  3.300000E+00,  1.000000E+01,  1.547300E+00, -8.567000E-02, -1.633400E+00, -2.974200E+00
 6.000000E-01,  3.350000E+00, -8.933000E-01,  1.757300E+00, -4.963300E-02, -1.630600E+00, -3.017800E+00
 6.000000E-01,  3.400000E+00, -8.864500E-01,  1.729900E+00,  4.974300E-02, -1.465600E+00, -3.129500E+00
 6.000000E-01,  3.450000E+00, -8.807000E-01,  1.701500E+00,  1.257100E-01, -1.293400E+00, -3.227300E+00
 6.000000E-01,  3.500000E+00, -8.760100E-01,  1.672500E+00,  1.803800E-01, -1.115600E+00, -3.309900E+00
 6.000000E-01,  3.550000E+00, -8.725400E-01,  1.642200E+00,  2.149500E-01, -9.338000E-01, -3.376100E+00
 6.000000E-01,  3.600000E+00, -8.703300E-01,  1.611900E+00,  2.306700E-01, -7.496300E-01, -3.425400E+00
 6.000000E-01,  3.650000E+00, -8.696000E-01,  1.581300E+00,  2.292800E-01, -5.641900E-01, -3.456900E+00
 6.000000E-01,  3.700000E+00,  8.702400E-01,  1.550800E+00,  2.111300E-01, -3.790500E-01, -3.471000E+00
 6.000000E-01,  3.750000E+00,  8.719600E-01,  1.520600E+00,  1.777900E-01, -1.951700E-01, -3.467900E+00
 6.000000E-01,  3.800000E+00,  8.753200E-01,  1.490600E+00,  1.289400E-01, -1.377700E-02, -3.449000E+00
 6.000000E-01,  3.850000E+00,  8.798800E-01,  1.461600E+00,  6.552200E-02,  1.642700E-01, -3.414600E+00
 6.000000E-01,  3.900000E+00,  8.854300E-01,  1.433600E+00, -1.255600E-02,  3.382200E-01, -3.366700E+00
 6.000000E-01,  3.950000E+00,  8.920100E-01,  1.407300E+00, -1.056400E-01,  5.072300E-01, -3.306300E+00
 6.000000E-01,  4.000000E+00, -1.000000E+01,  1.601800E+00, -1.996000E-01,  6.758400E-01, -3.245100E+00
 6.000000E-01,  4.050000E+00,  1.000000E+01,  1.555000E+00, -2.935500E-01,  8.444600E-01, -3.183900E+00
 6.000000E-01,  4.100000E+00,  1.000000E+01,  1.513000E+00, -3.875000E-01,  1.013100E+00, -3.122700E+00
 6.000000E-01,  4.150000E+00,  1.000000E+01,  1.473400E+00, -4.814600E-01,  1.181700E+00, -3.061500E+00
 6.000000E-01,  4.200000E+00,  1.000000E+01,  1.435200E+00, -5.754100E-01,  1.350300E+00, -3.000300E+00
 6.000000E-01,  4.250000E+00,  1.000000E+01,  1.405400E+00, -6.693700E-01,  1.518900E+00, -2.939100E+00
 6.000000E-01,  4.300000E+00,  1.000000E+01,  1.377200E+00, -7.633200E-01,  1.687500E+00, -2.878000E+00
 6.000000E-01,  4.350000E+00,  1.000000E+01,  1.346800E+00, -8.572800E-01,  1.856200E+00, -2.816800E+00
 6.000000E-01,  4.400000E+00,  1.000000E+01,  1.321300E+00, -9.512300E-01,  2.024800E+00, -2.755600E+00
 6.000000E-01,  4.450000E+00,  1.000000E+01,  1.299800E+00, -1.045200E+00,  2.193400E+00, -2.694400E+00
 6.000000E-01,  4.500000E+00,  1.000000E+01,  1.274600E+00, -1.139100E+00,  2.362000E+00, -2.633200E+00
 6.000000E-01,  4.550000E+00,  1.000000E+01,  1.253400E+00, -1.233100E+00,  2.530600E+00, -2.572000E+00
 6.000000E-01,  4.600000E+00,  1.000000E+01,  1.233600E+00, -1.327000E+00,  2.699200E+00, -2.510800E+00
 6.000000E-01,  4.650000E+00,  1.000000E+01,  1.214100E+00, -1.421000E+00,  2.867900E+00, -2.449700E+00
 6.000000E-01,  4.700000E+00,  1.000000E+01,  1.196700E+00, -1.515000E+00,  3.036500E+00, -2.388500E+00
 6.000000E-01,  4.750000E+00,  1.000000E+01,  1.179000E+00, -1.608900E+00,  3.205100E+00, -2.327300E+00
 6.000000E-01,  4.800000E+00,  1.000000E+01,  1.163700E+00, -1.702900E+00,  3.373700E+00, -2.266100E+00
 6.000000E-01,  4.850000E+00,  1.000000E+01,  1.149000E+00, -1.796800E+00,  3.542300E+00, -2.204900E+00
 6.000000E-01,  4.900000E+00,  1.000000E+01,  1.135700E+00, -1.890800E+00,  3.710900E+00, -2.143700E+00
 6.000000E-01,  4.950000E+00,  1.000000E+01,  1.123800E+00, -1.984700E+00,  3.879600E+00, -2.082500E+00
 6.000000E-01,  5.000000E+00,  1.000000E+01,  1.113400E+00, -2.078700E+00,  4.048200E+00, -2.021300E+00
 6.000000E-01,  5.050000E+00,  1.000000E+01,  1.105400E+00, -2.172600E+00,  4.216800E+00, -1.960200E+00
 6.000000E-01,  5.100000E+00,  1.000000E+01,  1.099600E+00, -2.266600E+00,  4.385400E+00, -1.899000E+00
 6.000000E-01,  5.150000E+00,  1.000000E+01,  1.098200E+00, -2.360500E+00,  4.554000E+00, -1.837800E+00
 6.000000E-01,  5.200000E+00,  1.000000E+01,  1.097600E+00, -2.454500E+00,  4.722600E+00, -1.776600E+00
 6.000000E-01,  5.250000E+00,  1.000000E+01,  1.106900E+00, -2.548500E+00,  4.891300E+00, -1.715400E+00
 6.000000E-01,  5.300000E+00,  1.000000E+01,  1.125500E+00, -2.642400E+00,  5.059900E+00, -1.654200E+00
 6.000000E-01,  5.350000E+00,  1.000000E+01,  1.155900E+00, -2.736400E+00,  5.228500E+00, -1.593000E+00
 6.000000E-01,  5.400000E+00,  1.000000E+01,  1.201900E+00, -2.830300E+00,  5.397100E+00, -1.531800E+00
 6.000000E-01,  5.450000E+00,  1.000000E+01,  1.271500E+00, -2.924300E+00,  5.565700E+00, -1.470700E+00
 6.000000E-01,  5.500000E+00,  1.000000E+01,  1.383600E+00, -3.018200E+00,  5.734300E+00, -1.409500E+00
 6.500000E-01,  2.300000E+00, -1.000000E+01,  1.949300E+00, -3.112200E+00,  5.903000E+00, -1.348300E+00
 6.500000E-01,  2.350000E+00, -1.000000E+01,  1.941000E+00, -3.206100E+00,  6.071600E+00, -1.287100E+00
 6.500000E-01,  2.400000E+00, -1.000000E+01,  1.931800E+00, -3.300100E+00,  6.240200E+00, -1.225900E+00
 6.500000E-01,  2.450000E+00, -1.000000E+01,  1.921300E+00, -3.394000E+00,  6.408800E+00, -1.164700E+00
 6.500000E-01,  2.500000E+00, -1.000000E+01,  1.909500E+00, -3.488000E+00,  6.577400E+00, -1.103500E+00
 6.500000E-01,  2.550000E+00, -1.000000E+01,  1.897100E+00, -3.582000E+00,  6.746100E+00, -1.042300E+00
 6.500000E-01,  2.600000E+00, -1.000000E+01,  1.882200E+00, -3.675900E+00,  6.914700E+00, -9.811500E-01
 6.500000E-01,  2.650000E+00, -1.000000E+01,  1.867800E+00, -3.769900E+00,  7.083300E+00, -9.199700E-01
 6.500000E-01,  2.700000E+00, -1.000000E+01,  1.850300E+00, -3.863800E+00,  7.251900E+00, -8.587800E-01
 6.500000E-01,  2.750000E+00, -1.000000E+01,  1.831900E+00, -3.957800E+00,  7.420500E+00, -7.975900E-01
 6.500000E-01,  2.800000E+00, -1.000000E+01,  1.812500E+00, -4.051700E+00,  7.589100E+00, -7.364000E-01
 6.500000E-01,  2.850000E+00, -1.000000E+01,  1.789300E+00, -4.145700E+00,  7.757800E+00, -6.752200E-01
 6.500000E-01,  2.900000E+00, -1.000000E+01,  1.767000E+00, -4.239600E+00,  7.926400E+00, -6.140300E-01
 6.500000E-01,  2.950000E+00, -1.000000E+01,  1.743400E+00, -4.333600E+00,  8.095000E+00, -5.528400E-01
 6.500000E-01,  3.000000E+00, -1.000000E+01,  1.713700E+00, -4.427500E+00,  8.263600E+00, -4.916500E-01
 6.500000E-01,  3.050000E+00, -1.000000E+01,  1.684200E+00, -4.521500E+00,  8.432200E+00, -4.304700E-01
 6.500000E-01,  3.100000E+00, -1.000000E+01,  1.647300E+00, -4.615500E+00,  8.600800E+00, -3.692800E-01
 6.500000E-01,  3.150000E+00, -1.000000E+01,  1.614000E+00, -4.709400E+00,  8.769500E+00, -3.080900E-01
 6.500000E-01,  3.200000E+00, -1.000000E+01,  1.575200E+00, -4.803400E+00,  8.938100E+00, -2.469100E-01
 6.500000E-01,  3.250000E+00,  1.000000E+01,  1.521300E+00, -4.897300E+00,  9.106700E+00, -1.857200E-01
 6.500000E-01,  3.300000E+00,  1.000000E+01,  1.464700E+00, -4.991300E+00,  9.275300E+00, -1.245300E-01
 6.500000E-01,  3.350000E+00,  1.000000E+01,  1.407300E+00, -5.085200E+00,  9.443900E+00, -6.334300E-02
 6.500000E-01,  3.400000E+00,  1.000000E+01,  1.311200E+00, -5.179200E+00,  9.612500E+00, -2.155700E-03
 6.500000E-01,  3.450000E+00,  1.000000E+01,  1.185100E+00, -5.273100E+00,  9.781200E+00,  5.903200E-02
 6.500000E-01,  3.500000E+00,  1.000000E+01,  1.018900E+00, -5.367100E+00,  9.949800E+00,  1.202200E-01
 6.500000E-01,  3.550000E+00,  1.000000E+01,  7.615700E-01, -5.461000E+00,  1.011800E+01,  1.814100E-01
 6.500000E-01,  3.600000E+00,  1.000000E+01,  3.080100E-01, -5.555000E+00,  1.028700E+01,  2.425900E-01
 6.500000E-01,  3.650000E+00, -1.000000E+01,  2.561700E+00, -5.648900E+00,  1.045600E+01,  3.037800E-01
 6.500000E-01,  3.700000E+00, -1.000000E+01,  3.846500E+00, -5.742900E+00,  1.062400E+01,  3.649700E-01
 6.500000E-01,  3.750000E+00, -1.000000E+01,  2.576700E+00, -5.836900E+00,  1.079300E+01,  4.261600E-01
 6.500000E-01,  3.800000E+00, -1.000000E+01,  2.113000E+00, -5.930800E+00,  1.096100E+01,  4.873400E-01
 6.500000E-01,  3.850000E+00, -1.000000E+01,  1.957200E+00, -6.024800E+00,  1.113000E+01,  5.485300E-01
 6.500000E-01,  3.900000E+00, -1.000000E+01,  1.840600E+00, -6.118700E+00,  1.129900E+01,  6.097200E-01
 6.500000E-01,  3.950000E+00, -1.000000E+01,  1.737300E+00, -6.212700E+00,  1.146700E+01,  6.709100E-01
 6.500000E-01,  4.000000E+00, -1.000000E+01,  1.677400E+00, -6.306600E+00,  1.163600E+01,  7.320900E-01
 6.500000E-01,  4.050000E+00, -1.000000E+01,  1.622400E+00, -6.400600E+00,  1.180500E+01,  7.932800E-01
 6.500000E-01,  4.100000E+00,  1.000000E+01,  1.567700E+00, -6.494500E+00,  1.197300E+01,  8.544700E-01
 6.500000E-01,  4.150000E+00,  1.000000E+01,  1.527600E+00, -6.588500E+00,  1.214200E+01,  9.156500E-01
 6.500000E-01,  4.200000E+00,  1.000000E+01,  1.492500E+00, -6.682400E+00,  1.231000E+01,  9.768400E-01
 6.500000E-01,  4.250000E+00,  1.000000E+01,  1.455200E+00, -6.776400E+00,  1.247900E+01,  1.038000E+00
 6.500000E-01,  4.300000E+00,  1.000000E+01,  1.424600E+00, -6.870400E+00,  1.264800E+01,  1.099200E+00
 6.500000E-01,  4.350000E+00,  1.000000E+01,  1.398400E+00, -6.964300E+00,  1.281600E+01,  1.160400E+00
 6.500000E-01,  4.400000E+00,  1.000000E+01,  1.368700E+00, -7.058300E+00,  1.298500E+01,  1.221600E+00
 6.500000E-01,  4.450000E+00,  1.000000E+01,  1.344500E+00, -7.152200E+00,  1.315300E+01,  1.282800E+00
 6.500000E-01,  4.500000E+00,  1.000000E+01,  1.322500E+00, -7.246200E+00,  1.332200E+01,  1.344000E+00
 6.500000E-01,  4.550000E+00,  1.000000E+01,  1.298300E+00, -7.340100E+00,  1.349100E+01,  1.405200E+00
 6.500000E-01,  4.600000E+00,  1.000000E+01,  1.278100E+00, -7.434100E+00,  1.365900E+01,  1.466300E+00
 6.500000E-01,  4.650000E+00,  1.000000E+01,  1.259700E+00, -7.528000E+00,  1.382800E+01,  1.527500E+00
 6.500000E-01,  4.700000E+00,  1.000000E+01,  1.239300E+00, -7.622000E+00,  1.399700E+01,  1.588700E+00
 6.500000E-01,  4.750000E+00,  1.000000E+01,  1.223000E+00, -7.715900E+00,  1.416500E+01,  1.649900E+00
 6.500000E-01,  4.800000E+00,  1.000000E+01,  1.207000E+00, -7.809900E+00,  1.433400E+01,  1.711100E+00
 6.500000E-01,  4.850000E+00,  1.000000E+01,  1.191800E+00, -7.903900E+00,  1.450200E+01,  1.772300E+00
 6.500000E-01,  4.900000E+00,  1.000000E+01,  1.178800E+00, -7.997800E+00,  1.467100E+01,  1.833500E+00
 6.500000E-01,  4.950000E+00,  1.000000E+01,  1.166000E+00, -8.091800E+00,  1.484000E+01,  1.894700E+00
 6.500000E-01,  5.000000E+00,  1.000000E+01,  1.156100E+00, -8.185700E+00,  1.500800E+01,  1.955800E+00
 6.500000E-01,  5.050000E+00,  1.000000E+01,  1.147200E+00, -8.279700E+00,  1.517700E+01,  2.017000E+00
 6.500000E-01,  5.100000E+00,  1.000000E+01,  1.141400E+00, -8.373600E+00,  1.534600E+01,  2.078200E+00
 6.500000E-01,  5.150000E+00,  1.000000E+01,  1.138900E+00, -8.467600E+00,  1.551400E+01,  2.139400E+00
 6.500000E-01,  5.200000E+00,  1.000000E+01,  1.140900E+00, -8.561500E+00,  1.568300E+01,  2.200600E+00
 6.500000E-01,  5.250000E+00,  1.000000E+01,  1.145800E+00, -8.655500E+00,  1.585100E+01,  2.261800E+00
 6.500000E-01,  5.300000E+00,  1.000000E+01,  1.162900E+00, -8.749400E+00,  1.602000E+01,  2.323000E+00
 6.500000E-01,  5.350000E+00,  1.000000E+01,  1.190700E+00, -8.843400E+00,  1.618900E+01,  2.384200E+00
 6.500000E-01,  5.400000E+00,  1.000000E+01,  1.232400E+00, -8.937400E+00,  1.635700E+01,  2.445300E+00
 6.500000E-01,  5.450000E+00,  1.000000E+01,  1.310100E+00, -9.031300E+00,  1.652600E+01,  2.506500E+00
 6.500000E-01,  5.500000E+00,  1.000000E+01,  1.408000E+00, -9.125300E+00,  1.669400E+01,  2.567700E+00
 7.000000E-01,  2.300000E+00, -1.000000E+01,  1.892100E+00, -9.219200E+00,  1.686300E+01,  2.628900E+00
 7.000000E-01,  2.350000E+00, -1.000000E+01,  1.886400E+00, -9.313200E+00,  1.703200E+01,  2.690100E+00
 7.000000E-01,  2.400000E+00, -1.000000E+01,  1.877100E+00, -9.407100E+00,  1.720000E+01,  2.751300E+00
 7.000000E-01,  2.450000E+00, -1.000000E+01,  1.868700E+00, -9.501100E+00,  1.736900E+01,  2.812500E+00
 7.000000E-01,  2.500000E+00, -1.000000E+01,  1.857900E+00, -9.595000E+00,  1.753800E+01,  2.873700E+00
 7.000000E-01,  2.550000E+00, -1.000000E+01,  1.846200E+00, -9.689000E+00,  1.770600E+01,  2.934800E+00
 7.000000E-01,  2.600000E+00, -1.000000E+01,  1.832900E+00, -9.782900E+00,  1.787500E+01,  2.996000E+00
 7.000000E-01,  2.650000E+00, -1.000000E+01,  1.818500E+00, -9.876900E+00,  1.804300E+01,  3.057200E+00
 7.000000E-01,  2.700000E+00, -1.000000E+01,  1.802200E+00, -9.970800E+00,  1.821200E+01,  3.118400E+00
 7.000000E-01,  2.750000E+00, -1.000000E+01,  1.785100E+00, -1.006500E+01,  1.838100E+01,  3.179600E+00
 7.000000E-01,  2.800000E+00, -1.000000E+01,  1.764000E+00, -1.015900E+01,  1.854900E+01,  3.240800E+00
 7.000000E-01,  2.850000E+00, -1.000000E+01,  1.745200E+00, -1.025300E+01,  1.871800E+01,  3.302000E+00
 7.000000E-01,  2.900000E+00, -1.000000E+01,  1.723000E+00, -1.034700E+01,  1.888600E+01,  3.363100E+00
 7.000000E-01,  2.950000E+00, -1.000000E+01,  1.695000E+00, -1.044100E+01,  1.905500E+01,  3.424300E+00
 7.000000E-01,  3.000000E+00, -1.000000E+01,  1.668300E+00, -1.053500E+01,  1.922400E+01,  3.485500E+00
 7.000000E-01,  3.050000E+00, -1.000000E+01,  1.641300E+00, -1.062900E+01,  1.939200E+01,  3.546700E+00
 7.000000E-01,  3.100000E+00, -1.000000E+01,  1.605000E+00, -1.072200E+01,  1.956100E+01,  3.607900E+00
 7.000000E-01,  3.150000E+00,  1.000000E+01,  1.568700E+00, -1.081600E+01,  1.973000E+01,  3.669100E+00
 7.000000E-01,  3.200000E+00,  1.000000E+01,  1.530200E+00, -1.091000E+01,  1.989800E+01,  3.730300E+00
 7.000000E-01,  3.250000E+00,  1.000000E+01,  1.479600E+00, -1.100400E+01,  2.006700E+01,  3.791500E+00
 7.000000E-01,  3.300000E+00,  1.000000E+01,  1.423000E+00, -1.109800E+01,  2.023500E+01,  3.852600E+00
 7.000000E-01,  3.350000E+00,  1.000000E+01,  1.340200E+00, -1.119200E+01,  2.040400E+01,  3.913800E+00
 7.000000E-01,  3.400000E+00,  1.000000E+01,  1.260400E+00, -1.128600E+01,  2.057300E+01,  3.975000E+00
 7.000000E-01,  3.450000E+00,  1.000000E+01,  1.144400E+00, -1.138000E+01,  2.074100E+01,  4.036200E+00
 7.000000E-01,  3.500000E+00,  1.000000E+01,  9.135800E-01, -1.147400E+01,  2.091000E+01,  4.097400E+00
 7.000000E-01,  3.550000E+00,  1.000000E+01,  5.303100E-01, -1.156800E+01,  2.107800E+01,  4.158600E+00
 7.000000E-01,  3.600000E+00,  1.000000E+01,  1.439300E-01, -1.166200E+01,  2.124700E+01,  4.219800E+00
 7.000000E-01,  3.650000E+00, -1.000000E+01,  3.007900E+00, -1.175600E+01,  2.141600E+01,  4.281000E+00
 7.000000E-01,  3.700000E+00,  1.000000E+01,  4.914800E+00, -1.185000E+01,  2.158400E+01,  4.342100E+00
 7.000000E-01,  3.750000E+00, -1.000000E+01,  2.815100E+00, -1.194400E+01,  2.175300E+01,  4.403300E+00
 7.000000E-01,  3.800000E+00, -1.000000E+01,  2.230400E+00, -1.203800E+01,  2.192200E+01,  4.464500E+00
 7.000000E-01,  3.850000E+00, -1.000000E+01,  2.042000E+00, -1.213200E+01,  2.209000E+01,  4.525700E+00
 7.000000E-01,  3.900000E+00, -1.000000E+01,  1.908800E+00, -1.222600E+01,  2.225900E+01,  4.586900E+00
 7.000000E-01,  3.950000E+00, -1.000000E+01,  1.805800E+00, -1.232000E+01,  2.242700E+01,  4.648100E+00
 7.000000E-01,  4.000000E+00, -1.000000E+01,  1.733100E+00, -1.241400E+01,  2.259600E+01,  4.709300E+00
 7.000000E-01,  4.050000E+00, -1.000000E+01,  1.672100E+00, -1.250800E+01,  2.276500E+01,  4.770500E+00
 7.000000E-01,  4.100000E+00, -1.000000E+01,  1.618200E+00, -1.260200E+01,  2.293300E+01,  4.831600E+00
 7.000000E-01,  4.150000E+00, -1.000000E+01,  1.574700E+00, -1.269600E+01,  2.310200E+01,  4.892800E+00
 7.000000E-01,  4.200000E+00,  1.000000E+01,  1.535000E+00, -1.278900E+01,  2.327100E+01,  4.954000E+00
 7.000000E-01,  4.250000E+00,  1.000000E+01,  1.503200E+00, -1.288300E+01,  2.343900E+01,  5.015200E+00
 7.000000E-01,  4.300000E+00,  1.000000E+01,  1.467100E+00, -1.297700E+01,  2.360800E+01,  5.076400E+00
 7.000000E-01,  4.350000E+00,  1.000000E+01,  1.438300E+00, -1.307100E+01,  2.377600E+01,  5.137600E+00
 7.000000E-01,  4.400000E+00,  1.000000E+01,  1.412900E+00, -1.316500E+01,  2.394500E+01,  5.198800E+00
 7.000000E-01,  4.450000E+00,  1.000000E+01,  1.383700E+00, -1.325900E+01,  2.411400E+01,  5.260000E+00
 7.000000E-01,  4.500000E+00,  1.000000E+01,  1.361000E+00, -1.335300E+01,  2.428200E+01,  5.321100E+00
 7.000000E-01,  4.550000E+00,  1.000000E+01,  1.339600E+00, -1.344700E+01,  2.445100E+01,  5.382300E+00
 7.000000E-01,  4.600000E+00,  1.000000E+01,  1.318000E+00, -1.354100E+01,  2.461900E+01,  5.443500E+00
 7.000000E-01,  4.650000E+00,  1.000000E+01,  1.297300E+00, -1.363500E+01,  2.478800E+01,  5.504700E+00
 7.000000E-01,  4.700000E+00,  1.000000E+01,  1.279800E+00, -1.372900E+01,  2.495700E+01,  5.565900E+00
 7.000000E-01,  4.750000E+00,  1.000000E+01,  1.261800E+00, -1.382300E+01,  2.512500E+01,  5.627100E+00
 7.000000E-01,  4.800000E+00,  1.000000E+01,  1.245300E+00, -1.391700E+01,  2.529400E+01,  5.688300E+00
 7.000000E-01,  4.850000E+00,  1.000000E+01,  1.230900E+00, -1.401100E+01,  2.546300E+01,  5.749500E+00
 7.000000E-01,  4.900000E+00,  1.000000E+01,  1.216400E+00, -1.410500E+01,  2.563100E+01,  5.810600E+00
 7.000000E-01,  4.950000E+00,  1.000000E+01,  1.205000E+00, -1.419900E+01,  2.580000E+01,  5.871800E+00
 7.000000E-01,  5.000000E+00,  1.000000E+01,  1.194400E+00, -1.429300E+01,  2.596800E+01,  5.933000E+00
 7.000000E-01,  5.050000E+00,  1.000000E+01,  1.185400E+00, -1.438700E+01,  2.613700E+01,  5.994200E+00
 7.000000E-01,  5.100000E+00,  1.000000E+01,  1.179000E+00, -1.448100E+01,  2.630600E+01,  6.055400E+00
 7.000000E-01,  5.150000E+00,  1.000000E+01,  1.176200E+00, -1.457500E+01,  2.647400E+01,  6.116600E+00
 7.000000E-01,  5.200000E+00,  1.000000E+01,  1.177700E+00, -1.466900E+01,  2.664300E+01,  6.177800E+00
 7.000000E-01,  5.250000E+00,  1.000000E+01,  1.182200E+00, -1.476300E+01,  2.681100E+01,  6.239000E+00
 7.000000E-01,  5.300000E+00,  1.000000E+01,  1.195200E+00, -1.485600E+01,  2.698000E+01,  6.300100E+00
 7.000000E-01,  5.350000E+00,  1.000000E+01,  1.221700E+00, -1.495000E+01,  2.714900E+01,  6.361300E+00
 7.000000E-01,  5.400000E+00,  1.000000E+01,  1.265000E+00, -1.504400E+01,  2.731700E+01,  6.422500E+00
 7.000000E-01,  5.450000E+00,  1.000000E+01,  1.328000E+00, -1.513800E+01,  2.748600E+01,  6.483700E+00
 7.000000E-01,  5.500000E+00,  1.000000E+01,  1.420600E+00, -1.523200E+01,  2.765500E+01,  6.544900E+00
 7.500000E-01,  2.300000E+00, -1.000000E+01,  1.840500E+00, -1.532600E+01,  2.782300E+01,  6.606100E+00
 7.500000E-01,  2.350000E+00, -1.000000E+01,  1.834300E+00, -1.542000E+01,  2.799200E+01,  6.667300E+00
 7.500000E-01,  2.400000E+00, -1.000000E+01,  1.829500E+00, -1.551400E+01,  2.816000E+01,  6.728500E+00
 7.500000E-01,  2.450000E+00, -1.000000E+01,  1.820500E+00, -1.560800E+01,  2.832900E+01,  6.789600E+00
 7.500000E-01,  2.500000E+00, -1.000000E+01,  1.811700E+00, -1.570200E+01,  2.849800E+01,  6.850800E+00
 7.500000E-01,  2.550000E+00, -1.000000E+01,  1.801100E+00, -1.579600E+01,  2.866600E+01,  6.912000E+00
 7.500000E-01,  2.600000E+00, -1.000000E+01,  1.788700E+00, -1.589000E+01,  2.883500E+01,  6.973200E+00
 7.500000E-01,  2.650000E+00, -1.000000E+01,  1.775600E+00, -1.598400E+01,  2.900300E+01,  7.034400E+00
 7.500000E-01,  2.700000E+00, -1.000000E+01,  1.760800E+00, -1.607800E+01,  2.917200E+01,  7.095600E+00
 7.500000E-01,  2.750000E+00, -1.000000E+01,  1.742200E+00, -1.617200E+01,  2.934100E+01,  7.156800E+00
 7.500000E-01,  2.800000E+00, -1.000000E+01,  1.725100E+00, -1.626600E+01,  2.950900E+01,  7.218000E+00
 7.500000E-01,  2.850000E+00, -1.000000E+01,  1.705400E+00, -1.636000E+01,  2.967800E+01,  7.279100E+00
 7.500000E-01,  2.900000E+00, -1.000000E+01,  1.680500E+00, -1.645400E+01,  2.984700E+01,  7.340300E+00
 7.500000E-01,  2.950000E+00, -1.000000E+01,  1.658800E+00, -1.654800E+01,  3.001500E+01,  7.401500E+00
 7.500000E-01,  3.000000E+00, -1.000000E+01,  1.632500E+00, -1.664200E+01,  3.018400E+01,  7.462700E+00
 7.500000E-01,  3.050000E+00, -1.000000E+01,  1.598900E+00, -1.673600E+01,  3.035200E+01,  7.523900E+00
 7.500000E-01,  3.100000E+00,  1.000000E+01,  1.566000E+00, -1.683000E+01,  3.052100E+01,  7.585100E+00
 7.500000E-01,  3.150000E+00,  1.000000E+01,  1.534300E+00, -1.692300E+01,  3.069000E+01,  7.646300E+00
 7.500000E-01,  3.200000E+00,  1.000000E+01,  1.485900E+00, -1.701700E+01,  3.085800E+01,  7.707500E+00
 7.500000E-01,  3.250000E+00,  1.000000E+01,  1.436700E+00, -1.711100E+01,  3.102700E+01,  7.768600E+00
 7.500000E-01,  3.300000E+00,  1.000000E+01,  1.389500E+00, -1.720500E+01,  3.119500E+01,  7.829800E+00
 7.500000E-01,  3.350000E+00,  1.000000E+01,  1.306000E+00, -1.729900E+01,  3.136400E+01,  7.891000E+00
 7.500000E-01,  3.400000E+00,  1.000000E+01,  1.209700E+00, -1.739300E+01,  3.153300E+01,  7.952200E+00
 7.500000E-01,  3.450000E+00,  1.000000E+01,  1.109900E+00, -1.748700E+01,  3.170100E+01,  8.013400E+00
 7.500000E-01,  3.500000E+00,  1.000000E+01,  8.789600E-01, -1.758100E+01,  3.187000E+01,  8.074600E+00
 7.500000E-01,  3.550000E+00,  1.000000E+01,  4.972300E-01, -1.767500E+01,  3.203900E+01,  8.135800E+00
 7.500000E-01,  3.600000E+00,  1.000000E+01,  6.230300E+00, -1.776900E+01,  3.220700E+01,  8.197000E+00
 7.500000E-01,  3.650000E+00,  1.000000E+01,  6.194400E+00, -1.786300E+01,  3.237600E+01,  8.258100E+00
 7.500000E-01,  3.700000E+00,  1.000000E+01,  1.916400E-01, -1.795700E+01,  3.254400E+01,  8.319300E+00
 7.500000E-01,  3.750000E+00, -1.000000E+01,  3.157100E+00, -1.805100E+01,  3.271300E+01,  8.380500E+00
 7.500000E-01,  3.800000E+00, -1.000000E+01,  2.386800E+00, -1.814500E+01,  3.288200E+01,  8.441700E+00
 7.500000E-01,  3.850000E+00, -1.000000E+01,  2.125400E+00, -1.823900E+01,  3.305000E+01,  8.502900E+00
 7.500000E-01,  3.900000E+00, -1.000000E+01,  1.985500E+00, -1.833300E+01,  3.321900E+01,  8.564100E+00
 7.500000E-01,  3.950000E+00, -1.000000E+01,  1.875400E+00, -1.842700E+01,  3.338800E+01,  8.625300E+00
 7.500000E-01,  4.000000E+00, -1.000000E+01,  1.775700E+00, -1.852100E+01,  3.355600E+01,  8.686500E+00
 7.500000E-01,  4.050000E+00, -1.000000E+01,  1.717000E+00, -1.861500E+01,  3.372500E+01,  8.747600E+00
 7.500000E-01,  4.100000E+00, -1.000000E+01,  1.663800E+00, -1.870900E+01,  3.389300E+01,  8.808800E+00
 7.500000E-01,  4.150000E+00, -1.000000E+01,  1.615000E+00, -1.880300E+01,  3.406200E+01,  8.870000E+00
 7.500000E-01,  4.200000E+00, -1.000000E+01,  1.575400E+00, -1.889700E+01,  3.423100E+01,  8.931200E+00
 7.500000E-01,  4.250000E+00,  1.000000E+01,  1.538300E+00, -1.899000E+01,  3.439900E+01,  8.992400E+00
 7.500000E-01,  4.300000E+00,  1.000000E+01,  1.509200E+00, -1.908400E+01,  3.456800E+01,  9.053600E+00
 7.500000E-01,  4.350000E+00,  1.000000E+01,  1.473500E+00, -1.917800E+01,  3.473600E+01,  9.114800E+00
 7.500000E-01,  4.400000E+00,  1.000000E+01,  1.446500E+00, -1.927200E+01,  3.490500E+01,  9.176000E+00
 7.500000E-01,  4.450000E+00,  1.000000E+01,  1.422400E+00, -1.936600E+01,  3.507400E+01,  9.237100E+00
 7.500000E-01,  4.500000E+00,  1.000000E+01,  1.397200E+00, -1.946000E+01,  3.524200E+01,  9.298300E+00
 7.500000E-01,  4.550000E+00,  1.000000E+01,  1.373600E+00, -1.955400E+01,  3.541100E+01,  9.359500E+00
 7.500000E-01,  4.600000E+00,  1.000000E+01,  1.353700E+00, -1.964800E+01,  3.558000E+01,  9.420700E+00
 7.500000E-01,  4.650000E+00,  1.000000E+01,  1.332900E+00, -1.974200E+01,  3.574800E+01,  9.481900E+00
 7.500000E-01,  4.700000E+00,  1.000000E+01,  1.313800E+00, -1.983600E+01,  3.591700E+01,  9.543100E+00
 7.500000E-01,  4.750000E+00,  1.000000E+01,  1.297000E+00, -1.993000E+01,  3.608500E+01,  9.604300E+00
 7.500000E-01,  4.800000E+00,  1.000000E+01,  1.280300E+00, -2.002400E+01,  3.625400E+01,  9.665400E+00
 7.500000E-01,  4.850000E+00,  1.000000E+01,  1.265200E+00, -2.011800E+01,  3.642300E+01,  9.726600E+00
 7.500000E-01,  4.900000E+00,  1.000000E+01,  1.252100E+00, -2.021200E+01,  3.659100E+01,  9.787800E+00
 7.500000E-01,  4.950000E+00,  1.000000E+01,  1.239500E+00, -2.030600E+01,  3.676000E+01,  9.849000E+00
 7.500000E-01,  5.000000E+00,  1.000000E+01,  1.228700E+00, -2.040000E+01,  3.692800E+01,  9.910200E+00
 7.500000E-01,  5.050000E+00,  1.000000E+01,  1.219900E+00, -2.049400E+01,  3.709700E+01,  9.971400E+00
 7.500000E-01,  5.100000E+00,  1.000000E+01,  1.213900E+00, -2.058800E+01,  3.726600E+01,  1.003300E+01
 7.500000E-01,  5.150000E+00,  1.000000E+01,  1.209000E+00, -2.068200E+01,  3.743400E+01,  1.009400E+01
 7.500000E-01,  5.200000E+00,  1.000000E+01,  1.209900E+00, -2.077600E+01,  3.760300E+01,  1.015500E+01
 7.500000E-01,  5.250000E+00,  1.000000E+01,  1.217200E+00, -2.087000E+01,  3.777200E+01,  1.021600E+01
 7.500000E-01,  5.300000E+00,  1.000000E+01,  1.227300E+00, -2.096400E+01,  3.794000E+01,  1.027700E+01
 7.500000E-01,  5.350000E+00,  1.000000E+01,  1.251700E+00, -2.105700E+01,  3.810900E+01,  1.033900E+01
 7.500000E-01,  5.400000E+00,  1.000000E+01,  1.288300E+00, -2.115100E+01,  3.827700E+01,  1.040000E+01
 7.500000E-01,  5.450000E+00,  1.000000E+01,  1.345500E+00, -2.124500E+01,  3.844600E+01,  1.046100E+01
 7.500000E-01,  5.500000E+00,  1.000000E+01,  1.433300E+00, -2.133900E+01,  3.861500E+01,  1.052200E+01
 8.000000E-01,  2.300000E+00, -1.000000E+01,  1.792600E+00, -2.143300E+01,  3.878300E+01,  1.058300E+01
 8.000000E-01,  2.350000E+00, -1.000000E+01,  1.790500E+00, -2.152700E+01,  3.895200E+01,  1.064400E+01
 8.000000E-01,  2.400000E+00, -1.000000E+01,  1.784000E+00, -2.162100E+01,  3.912000E+01,  1.070600E+01
 8.000000E-01,  2.450000E+00, -1.000000E+01,  1.777500E+00, -2.171500E+01,  3.928900E+01,  1.076700E+01
 8.000000E-01,  2.500000E+00, -1.000000E+01,  1.770400E+00, -2.180900E+01,  3.945800E+01,  1.082800E+01
 8.000000E-01,  2.550000E+00, -1.000000E+01,  1.760100E+00, -2.190300E+01,  3.962600E+01,  1.088900E+01
 8.000000E-01,  2.600000E+00, -1.000000E+01,  1.749900E+00, -2.199700E+01,  3.979500E+01,  1.095000E+01
 8.000000E-01,  2.650000E+00, -1.000000E+01,  1.737400E+00, -2.209100E+01,  3.996400E+01,  1.101200E+01
 8.000000E-01,  2.700000E+00, -1.000000E+01,  1.722500E+00, -2.218500E+01,  4.013200E+01,  1.107300E+01
 8.000000E-01,  2.750000E+00, -1.000000E+01,  1.707400E+00, -2.227900E+01,  4.030100E+01,  1.113400E+01
 8.000000E-01,  2.800000E+00, -1.000000E+01,  1.690100E+00, -2.237300E+01,  4.046900E+01,  1.119500E+01
 8.000000E-01,  2.850000E+00, -1.000000E+01,  1.667900E+00, -2.246700E+01,  4.063800E+01,  1.125600E+01
 8.000000E-01,  2.900000E+00, -1.000000E+01,  1.648300E+00, -2.256100E+01,  4.080700E+01,  1.131800E+01
 8.000000E-01,  2.950000E+00, -1.000000E+01,  1.625100E+00, -2.265500E+01,  4.097500E+01,  1.137900E+01
 8.000000E-01,  3.000000E+00, -1.000000E+01,  1.594300E+00, -2.274900E+01,  4.114400E+01,  1.144000E+01
 8.000000E-01,  3.050000E+00,  1.000000E+01,  1.569000E+00, -2.284300E+01,  4.131300E+01,  1.150100E+01
 8.000000E-01,  3.100000E+00,  1.000000E+01,  1.536500E+00, -2.293700E+01,  4.148100E+01,  1.156200E+01
 8.000000E-01,  3.150000E+00,  1.000000E+01,  1.493000E+00, -2.303100E+01,  4.165000E+01,  1.162300E+01
 8.000000E-01,  3.200000E+00,  1.000000E+01,  1.457400E+00, -2.312400E+01,  4.181800E+01,  1.168500E+01
 8.000000E-01,  3.250000E+00,  1.000000E+01,  1.408500E+00, -2.321800E+01,  4.198700E+01,  1.174600E+01
 8.000000E-01,  3.300000E+00,  1.000000E+01,  1.355300E+00, -2.331200E+01,  4.215600E+01,  1.180700E+01
 8.000000E-01,  3.350000E+00,  1.000000E+01,  1.277800E+00, -2.340600E+01,  4.232400E+01,  1.186800E+01
 8.000000E-01,  3.400000E+00,  1.000000E+01,  1.181300E+00, -2.350000E+01,  4.249300E+01,  1.192900E+01
 8.000000E-01,  3.450000E+00,  1.000000E+01,  1.063500E+00, -2.359400E+01,  4.266100E+01,  1.199100E+01
 8.000000E-01,  3.500000E+00,  1.000000E+01,  8.498100E-01, -2.368800E+01,  4.283000E+01,  1.205200E+01
 8.000000E-01,  3.550000E+00,  1.000000E+01,  4.284500E-01, -2.378200E+01,  4.299900E+01,  1.211300E+01
 8.000000E-01,  3.600000E+00,  1.000000E+01,  6.245400E+00, -2.387600E+01,  4.316700E+01,  1.217400E+01
 8.000000E-01,  3.650000E+00,  1.000000E+01,  1.091500E+00, -2.397000E+01,  4.333600E+01,  1.223500E+01
 8.000000E-01,  3.700000E+00,  1.000000E+01,  1.273700E+00, -2.406400E+01,  4.350500E+01,  1.229700E+01
 8.000000E-01,  3.750000E+00, -1.000000E+01,  3.368900E+00, -2.415800E+01,  4.367300E+01,  1.235800E+01
 8.000000E-01,  3.800000E+00, -1.000000E+01,  2.594100E+00, -2.425200E+01,  4.384200E+01,  1.241900E+01
 8.000000E-01,  3.850000E+00, -1.000000E+01,  2.184800E+00, -2.434600E+01,  4.401000E+01,  1.248000E+01
 8.000000E-01,  3.900000E+00, -1.000000E+01,  2.033400E+00, -2.444000E+01,  4.417900E+01,  1.254100E+01
 8.000000E-01,  3.950000E+00, -1.000000E+01,  1.916100E+00, -2.453400E+01,  4.434800E+01,  1.260200E+01
 8.000000E-01,  4.000000E+00, -1.000000E+01,  1.822300E+00, -2.462800E+01,  4.451600E+01,  1.266400E+01
 8.000000E-01,  4.050000E+00, -1.000000E+01,  1.755000E+00, -2.472200E+01,  4.468500E+01,  1.272500E+01
 8.000000E-01,  4.100000E+00, -1.000000E+01,  1.697300E+00, -2.481600E+01,  4.485300E+01,  1.278600E+01
 8.000000E-01,  4.150000E+00, -1.000000E+01,  1.654000E+00, -2.491000E+01,  4.502200E+01,  1.284700E+01
 8.000000E-01,  4.200000E+00, -1.000000E+01,  1.605200E+00, -2.500400E+01,  4.519100E+01,  1.290800E+01
 8.000000E-01,  4.250000E+00, -1.000000E+01,  1.572700E+00, -2.509800E+01,  4.535900E+01,  1.297000E+01
 8.000000E-01,  4.300000E+00,  1.000000E+01,  1.538000E+00, -2.519100E+01,  4.552800E+01,  1.303100E+01
 8.000000E-01,  4.350000E+00,  1.000000E+01,  1.510800E+00, -2.528500E+01,  4.569700E+01,  1.309200E+01
 8.000000E-01,  4.400000E+00,  1.000000E+01,  1.477400E+00, -2.537900E+01,  4.586500E+01,  1.315300E+01
 8.000000E-01,  4.450000E+00,  1.000000E+01,  1.451700E+00, -2.547300E+01,  4.603400E+01,  1.321400E+01
 8.000000E-01,  4.500000E+00,  1.000000E+01,  1.428800E+00, -2.556700E+01,  4.620200E+01,  1.327600E+01
 8.000000E-01,  4.550000E+00,  1.000000E+01,  1.405500E+00, -2.566100E+01,  4.637100E+01,  1.333700E+01
 8.000000E-01,  4.600000E+00,  1.000000E+01,  1.383500E+00, -2.575500E+01,  4.654000E+01,  1.339800E+01
 8.000000E-01,  4.650000E+00,  1.000000E+01,  1.364300E+00, -2.584900E+01,  4.670800E+01,  1.345900E+01
 8.000000E-01,  4.700000E+00,  1.000000E+01,  1.346700E+00, -2.594300E+01,  4.687700E+01,  1.352000E+01
 8.000000E-01,  4.750000E+00,  1.000000E+01,  1.327500E+00, -2.603700E+01,  4.704500E+01,  1.358100E+01
 8.000000E-01,  4.800000E+00,  1.000000E+01,  1.311500E+00, -2.613100E+01,  4.721400E+01,  1.364300E+01
 8.000000E-01,  4.850000E+00,  1.000000E+01,  1.297700E+00, -2.622500E+01,  4.738300E+01,  1.370400E+01
 8.000000E-01,  4.900000E+00,  1.000000E+01,  1.283500E+00, -2.631900E+01,  4.755100E+01,  1.376500E+01
 8.000000E-01,  4.950000E+00,  1.000000E+01,  1.270700E+00, -2.641300E+01,  4.772000E+01,  1.382600E+01
 8.000000E-01,  5.000000E+00,  1.000000E+01,  1.260400E+00, -2.650700E+01,  4.788900E+01,  1.388700E+01
 8.000000E-01,  5.050000E+00,  1.000000E+01,  1.251900E+00, -2.660100E+01,  4.805700E+01,  1.394900E+01
 8.000000E-01,  5.100000E+00,  1.000000E+01,  1.244900E+00, -2.669500E+01,  4.822600E+01,  1.401000E+01
 8.000000E-01,  5.150000E+00,  1.000000E+01,  1.242200E+00, -2.678900E+01,  4.839400E+01,  1.407100E+01
 8.000000E-01,  5.200000E+00,  1.000000E+01,  1.240000E+00, -2.688300E+01,  4.856300E+01,  1.413200E+01
 8.000000E-01,  5.250000E+00,  1.000000E+01,  1.244800E+00, -2.697700E+01,  4.873200E+01,  1.419300E+01
 8.000000E-01,  5.300000E+00,  1.000000E+01,  1.252700E+00, -2.707100E+01,  4.890000E+01,  1.425500E+01
 8.000000E-01,  5.350000E+00,  1.000000E+01,  1.274700E+00, -2.716400E+01,  4.906900E+01,  1.431600E+01
 8.000000E-01,  5.400000E+00,  1.000000E+01,  1.307900E+00, -2.725800E+01,  4.923800E+01,  1.437700E+01
 8.000000E-01,  5.450000E+00,  1.000000E+01,  1.360500E+00, -2.735200E+01,  4.940600E+01,  1.443800E+01
 8.000000E-01,  5.500000E+00,  1.000000E+01,  1.438200E+00, -2.744600E+01,  4.957500E+01,  1.449900E+01
 8.500000E-01,  2.300000E+00, -1.000000E+01,  1.752200E+00, -2.754000E+01,  4.974300E+01,  1.456000E+01
 8.500000E-01,  2.350000E+00, -1.000000E+01,  1.747700E+00, -2.763400E+01,  4.991200E+01,  1.462200E+01
 8.500000E-01,  2.400000E+00, -1.000000E+01,  1.744800E+00, -2.772800E+01,  5.008100E+01,  1.468300E+01
 8.500000E-01,  2.450000E+00, -1.000000E+01,  1.739800E+00, -2.782200E+01,  5.024900E+01,  1.474400E+01
 8.500000E-01,  2.500000E+00, -1.000000E+01,  1.732100E+00, -2.791600E+01,  5.041800E+01,  1.480500E+01
 8.500000E-01,  2.550000E+00, -1.000000E+01,  1.725700E+00, -2.801000E+01,  5.058600E+01,  1.486600E+01
 8.500000E-01,  2.600000E+00, -1.000000E+01,  1.714900E+00, -2.810400E+01,  5.075500E+01,  1.492800E+01
 8.500000E-01,  2.650000E+00, -1.000000E+01,  1.703700E+00, -2.819800E+01,  5.092400E+01,  1.498900E+01
 8.500000E-01,  2.700000E+00, -1.000000E+01,  1.690200E+00, -2.829200E+01,  5.109200E+01,  1.505000E+01
 8.500000E-01,  2.750000E+00, -1.000000E+01,  1.675300E+00, -2.838600E+01,  5.126100E+01,  1.511100E+01
 8.500000E-01,  2.800000E+00, -1.000000E+01,  1.656800E+00, -2.848000E+01,  5.143000E+01,  1.517200E+01
 8.500000E-01,  2.850000E+00, -1.000000E+01,  1.638900E+00, -2.857400E+01,  5.159800E+01,  1.523400E+01
 8.500000E-01,  2.900000E+00, -1.000000E+01,  1.618600E+00, -2.866800E+01,  5.176700E+01,  1.529500E+01
 8.500000E-01,  2.950000E+00, -1.000000E+01,  1.591500E+00, -2.876200E+01,  5.193500E+01,  1.535600E+01
 8.500000E-01,  3.000000E+00,  1.000000E+01,  1.568300E+00, -2.885600E+01,  5.210400E+01,  1.541700E+01
 8.500000E-01,  3.050000E+00,  1.000000E+01,  1.539500E+00, -2.895000E+01,  5.227300E+01,  1.547800E+01
 8.500000E-01,  3.100000E+00,  1.000000E+01,  1.510500E+00, -2.904400E+01,  5.244100E+01,  1.553900E+01
 8.500000E-01,  3.150000E+00,  1.000000E+01,  1.469000E+00, -2.913800E+01,  5.261000E+01,  1.560100E+01
 8.500000E-01,  3.200000E+00,  1.000000E+01,  1.425700E+00, -2.923100E+01,  5.277800E+01,  1.566200E+01
 8.500000E-01,  3.250000E+00,  1.000000E+01,  1.385200E+00, -2.932500E+01,  5.294700E+01,  1.572300E+01
 8.500000E-01,  3.300000E+00,  1.000000E+01,  1.313700E+00, -2.941900E+01,  5.311600E+01,  1.578400E+01
 8.500000E-01,  3.350000E+00,  1.000000E+01,  1.247000E+00, -2.951300E+01,  5.328400E+01,  1.584500E+01
 8.500000E-01,  3.400000E+00,  1.000000E+01,  1.157600E+00, -2.960700E+01,  5.345300E+01,  1.590700E+01
 8.500000E-01,  3.450000E+00,  1.000000E+01,  1.039500E+00, -2.970100E+01,  5.362200E+01,  1.596800E+01
 8.500000E-01,  3.500000E+00,  1.000000E+01,  8.254000E-01, -2.979500E+01,  5.379000E+01,  1.602900E+01
 8.500000E-01,  3.550000E+00,  1.000000E+01,  4.108600E-01, -2.988900E+01,  5.395900E+01,  1.609000E+01
 8.500000E-01,  3.600000E+00,  1.000000E+01,  6.171100E+00, -2.998300E+01,  5.412700E+01,  1.615100E+01
 8.500000E-01,  3.650000E+00, -1.000000E+01,  1.857600E+00, -3.007700E+01,  5.429600E+01,  1.621200E+01
 8.500000E-01,  3.700000E+00, -1.000000E+01,  2.915400E+00, -3.017100E+01,  5.446500E+01,  1.627400E+01
 8.500000E-01,  3.750000E+00, -1.000000E+01,  3.562300E+00, -3.026500E+01,  5.463300E+01,  1.633500E+01
 8.500000E-01,  3.800000E+00, -1.000000E+01,  2.680900E+00, -3.035900E+01,  5.480200E+01,  1.639600E+01
 8.500000E-01,  3.850000E+00, -1.000000E+01,  2.237900E+00, -3.045300E+01,  5.497000E+01,  1.645700E+01
 8.500000E-01,  3.900000E+00, -1.000000E+01,  2.086400E+00, -3.054700E+01,  5.513900E+01,  1.651800E+01
 8.500000E-01,  3.950000E+00, -1.000000E+01,  1.955200E+00, -3.064100E+01,  5.530800E+01,  1.658000E+01
 8.500000E-01,  4.000000E+00, -1.000000E+01,  1.872700E+00, -3.073500E+01,  5.547600E+01,  1.664100E+01
 8.500000E-01,  4.050000E+00, -1.000000E+01,  1.784200E+00, -3.082900E+01,  5.564500E+01,  1.670200E+01
 8.500000E-01,  4.100000E+00, -1.000000E+01,  1.734100E+00, -3.092300E+01,  5.581400E+01,  1.676300E+01
 8.500000E-01,  4.150000E+00, -1.000000E+01,  1.682400E+00, -3.101700E+01,  5.598200E+01,  1.682400E+01
 8.500000E-01,  4.200000E+00, -1.000000E+01,  1.644600E+00, -3.111100E+01,  5.615100E+01,  1.688600E+01
 8.500000E-01,  4.250000E+00, -1.000000E+01,  1.598300E+00, -3.120500E+01,  5.631900E+01,  1.694700E+01
 8.500000E-01,  4.300000E+00,  1.000000E+01,  1.565800E+00, -3.129800E+01,  5.648800E+01,  1.700800E+01
 8.500000E-01,  4.350000E+00,  1.000000E+01,  1.535900E+00, -3.139200E+01,  5.665700E+01,  1.706900E+01
 8.500000E-01,  4.400000E+00,  1.000000E+01,  1.510200E+00, -3.148600E+01,  5.682500E+01,  1.713000E+01
 8.500000E-01,  4.450000E+00,  1.000000E+01,  1.482000E+00, -3.158000E+01,  5.699400E+01,  1.719100E+01
 8.500000E-01,  4.500000E+00,  1.000000E+01,  1.455800E+00, -3.167400E+01,  5.716200E+01,  1.725300E+01
 8.500000E-01,  4.550000E+00,  1.000000E+01,  1.434600E+00, -3.176800E+01,  5.733100E+01,  1.731400E+01
 8.500000E-01,  4.600000E+00,  1.000000E+01,  1.414200E+00, -3.186200E+01,  5.750000E+01,  1.737500E+01
 8.500000E-01,  4.650000E+00,  1.000000E+01,  1.393400E+00, -3.195600E+01,  5.766800E+01,  1.743600E+01
 8.500000E-01,  4.700000E+00,  1.000000E+01,  1.373500E+00, -3.205000E+01,  5.783700E+01,  1.749700E+01
 8.500000E-01,  4.750000E+00,  1.000000E+01,  1.357200E+00, -3.214400E+01,  5.800600E+01,  1.755900E+01
 8.500000E-01,  4.800000E+00,  1.000000E+01,  1.340400E+00, -3.223800E+01,  5.817400E+01,  1.762000E+01
 8.500000E-01,  4.850000E+00,  1.000000E+01,  1.325100E+00, -3.233200E+01,  5.834300E+01,  1.768100E+01
 8.500000E-01,  4.900000E+00,  1.000000E+01,  1.312100E+00, -3.242600E+01,  5.851100E+01,  1.774200E+01
 8.500000E-01,  4.950000E+00,  1.000000E+01,  1.300200E+00, -3.252000E+01,  5.868000E+01,  1.780300E+01
 8.500000E-01,  5.000000E+00,  1.000000E+01,  1.289100E+00, -3.261400E+01,  5.884900E+01,  1.786500E+01
 8.500000E-01,  5.050000E+00,  1.000000E+01,  1.280200E+00, -3.270800E+01,  5.901700E+01,  1.792600E+01
 8.500000E-01,  5.100000E+00,  1.000000E+01,  1.273200E+00, -3.280200E+01,  5.918600E+01,  1.798700E+01
 8.500000E-01,  5.150000E+00,  1.000000E+01,  1.268800E+00, -3.289600E+01,  5.935500E+01,  1.804800E+01
 8.500000E-01,  5.200000E+00,  1.000000E+01,  1.267800E+00, -3.299000E+01,  5.952300E+01,  1.810900E+01
 8.500000E-01,  5.250000E+00,  1.000000E+01,  1.271400E+00, -3.308400E+01,  5.969200E+01,  1.817000E+01
 8.500000E-01,  5.300000E+00,  1.000000E+01,  1.281600E+00, -3.317800E+01,  5.986000E+01,  1.823200E+01
 8.500000E-01,  5.350000E+00,  1.000000E+01,  1.295400E+00, -3.327200E+01,  6.002900E+01,  1.829300E+01
 8.500000E-01,  5.400000E+00,  1.000000E+01,  1.324800E+00, -3.336500E+01,  6.019800E+01,  1.835400E+01
 8.500000E-01,  5.450000E+00,  1.000000E+01,  1.372400E+00, -3.345900E+01,  6.036600E+01,  1.841500E+01
 8.500000E-01,  5.500000E+00,  1.000000E+01,  1.443000E+00, -3.355300E+01,  6.053500E+01,  1.847600E+01
 9.000000E-01,  2.300000E+00, -1.000000E+01,  1.711200E+00, -3.364700E+01,  6.070300E+01,  1.853800E+01
 9.000000E-01,  2.350000E+00, -1.000000E+01,  1.711100E+00, -3.374100E+01,  6.087200E+01,  1.859900E+01
 9.000000E-01,  2.400000E+00, -1.000000E+01,  1.709200E+00, -3.383500E+01,  6.104100E+01,  1.866000E+01
 9.000000E-01,  2.450000E+00, -1.000000E+01,  1.703500E+00, -3.392900E+01,  6.120900E+01,  1.872100E+01
 9.000000E-01,  2.500000E+00, -1.000000E+01,  1.701000E+00, -3.402300E+01,  6.137800E+01,  1.878200E+01
 9.000000E-01,  2.550000E+00, -1.000000E+01,  1.692600E+00, -3.411700E+01,  6.154700E+01,  1.884400E+01
 9.000000E-01,  2.600000E+00, -1.000000E+01,  1.684500E+00, -3.421100E+01,  6.171500E+01,  1.890500E+01
 9.000000E-01,  2.650000E+00, -1.000000E+01,  1.673800E+00, -3.430500E+01,  6.188400E+01,  1.896600E+01
 9.000000E-01,  2.700000E+00, -1.000000E+01,  1.661100E+00, -3.439900E+01,  6.205200E+01,  1.902700E+01
 9.000000E-01,  2.750000E+00, -1.000000E+01,  1.645800E+00, -3.449300E+01,  6.222100E+01,  1.908800E+01
 9.000000E-01,  2.800000E+00, -1.000000E+01,  1.630300E+00, -3.458700E+01,  6.239000E+01,  1.914900E+01
 9.000000E-01,  2.850000E+00, -1.000000E+01,  1.612500E+00, -3.468100E+01,  6.255800E+01,  1.921100E+01
 9.000000E-01,  2.900000E+00, -1.000000E+01,  1.588500E+00, -3.477500E+01,  6.272700E+01,  1.927200E+01
 9.000000E-01,  2.950000E+00,  1.000000E+01,  1.567700E+00, -3.486900E+01,  6.289500E+01,  1.933300E+01
 9.000000E-01,  3.000000E+00,  1.000000E+01,  1.543200E+00, -3.496300E+01,  6.306400E+01,  1.939400E+01
 9.000000E-01,  3.050000E+00,  1.000000E+01,  1.517300E+00, -3.505700E+01,  6.323300E+01,  1.945500E+01
 9.000000E-01,  3.100000E+00,  1.000000E+01,  1.479000E+00, -3.515100E+01,  6.340100E+01,  1.951700E+01
 9.000000E-01,  3.150000E+00,  1.000000E+01,  1.447800E+00, -3.524500E+01,  6.357000E+01,  1.957800E+01
 9.000000E-01,  3.200000E+00,  1.000000E+01,  1.405400E+00, -3.533900E+01,  6.373900E+01,  1.963900E+01
 9.000000E-01,  3.250000E+00,  1.000000E+01,  1.344000E+00, -3.543200E+01,  6.390700E+01,  1.970000E+01
 9.000000E-01,  3.300000E+00,  1.000000E+01,  1.293900E+00, -3.552600E+01,  6.407600E+01,  1.976100E+01
 9.000000E-01,  3.350000E+00,  1.000000E+01,  1.215800E+00, -3.562000E+01,  6.424400E+01,  1.982300E+01
 9.000000E-01,  3.400000E+00,  1.000000E+01,  1.137900E+00, -3.571400E+01,  6.441300E+01,  1.988400E+01
 9.000000E-01,  3.450000E+00,  1.000000E+01,  9.693400E-01, -3.580800E+01,  6.458200E+01,  1.994500E+01
 9.000000E-01,  3.500000E+00,  1.000000E+01,  8.047700E-01, -3.590200E+01,  6.475000E+01,  2.000600E+01
 9.000000E-01,  3.550000E+00,  1.000000E+01,  3.950800E-01, -3.599600E+01,  6.491900E+01,  2.006700E+01
 9.000000E-01,  3.600000E+00,  1.000000E+01,  6.003500E+00, -3.609000E+01,  6.508700E+01,  2.012800E+01
 9.000000E-01,  3.650000E+00, -1.000000E+01,  1.711600E+00, -3.618400E+01,  6.525600E+01,  2.019000E+01
 9.000000E-01,  3.700000E+00,  1.000000E+01,  4.740500E+00, -3.627800E+01,  6.542500E+01,  2.025100E+01
 9.000000E-01,  3.750000E+00, -1.000000E+01,  3.780200E+00, -3.637200E+01,  6.559300E+01,  2.031200E+01
 9.000000E-01,  3.800000E+00, -1.000000E+01,  2.756800E+00, -3.646600E+01,  6.576200E+01,  2.037300E+01
 9.000000E-01,  3.850000E+00, -1.000000E+01,  2.286300E+00, -3.656000E+01,  6.593100E+01,  2.043400E+01
 9.000000E-01,  3.900000E+00, -1.000000E+01,  2.121800E+00, -3.665400E+01,  6.609900E+01,  2.049600E+01
 9.000000E-01,  3.950000E+00, -1.000000E+01,  1.999400E+00, -3.674800E+01,  6.626800E+01,  2.055700E+01
 9.000000E-01,  4.000000E+00, -1.000000E+01,  1.899800E+00, -3.684200E+01,  6.643600E+01,  2.061800E+01
 9.000000E-01,  4.050000E+00, -1.000000E+01,  1.817600E+00, -3.693600E+01,  6.660500E+01,  2.067900E+01
 9.000000E-01,  4.100000E+00, -1.000000E+01,  1.757500E+00, -3.703000E+01,  6.677400E+01,  2.074000E+01
 9.000000E-01,  4.150000E+00, -1.000000E+01,  1.710300E+00, -3.712400E+01,  6.694200E+01,  2.080200E+01
 9.000000E-01,  4.200000E+00, -1.000000E+01,  1.667200E+00, -3.721800E+01,  6.711100E+01,  2.086300E+01
 9.000000E-01,  4.250000E+00, -1.000000E+01,  1.632800E+00, -3.731200E+01,  6.728000E+01,  2.092400E+01
 9.000000E-01,  4.300000E+00, -1.000000E+01,  1.590000E+00, -3.740600E+01,  6.744800E+01,  2.098500E+01
 9.000000E-01,  4.350000E+00,  1.000000E+01,  1.560200E+00, -3.749900E+01,  6.761700E+01,  2.104600E+01
 9.000000E-01,  4.400000E+00,  1.000000E+01,  1.533700E+00, -3.759300E+01,  6.778500E+01,  2.110700E+01
 9.000000E-01,  4.450000E+00,  1.000000E+01,  1.508200E+00, -3.768700E+01,  6.795400E+01,  2.116900E+01
 9.000000E-01,  4.500000E+00,  1.000000E+01,  1.482200E+00, -3.778100E+01,  6.812300E+01,  2.123000E+01
 9.000000E-01,  4.550000E+00,  1.000000E+01,  1.458900E+00, -3.787500E+01,  6.829100E+01,  2.129100E+01
 9.000000E-01,  4.600000E+00,  1.000000E+01,  1.438100E+00, -3.796900E+01,  6.846000E+01,  2.135200E+01
 9.000000E-01,  4.650000E+00,  1.000000E+01,  1.419700E+00, -3.806300E+01,  6.862800E+01,  2.141300E+01
 9.000000E-01,  4.700000E+00,  1.000000E+01,  1.399900E+00, -3.815700E+01,  6.879700E+01,  2.147500E+01
 9.000000E-01,  4.750000E+00,  1.000000E+01,  1.381800E+00, -3.825100E+01,  6.896600E+01,  2.153600E+01
 9.000000E-01,  4.800000E+00,  1.000000E+01,  1.366600E+00, -3.834500E+01,  6.913400E+01,  2.159700E+01
 9.000000E-01,  4.850000E+00,  1.000000E+01,  1.352300E+00, -3.843900E+01,  6.930300E+01,  2.165800E+01
 9.000000E-01,  4.900000E+00,  1.000000E+01,  1.338400E+00, -3.853300E+01,  6.947200E+01,  2.171900E+01
 9.000000E-01,  4.950000E+00,  1.000000E+01,  1.326100E+00, -3.862700E+01,  6.964000E+01,  2.178100E+01
 9.000000E-01,  5.000000E+00,  1.000000E+01,  1.315400E+00, -3.872100E+01,  6.980900E+01,  2.184200E+01
 9.000000E-01,  5.050000E+00,  1.000000E+01,  1.306800E+00, -3.881500E+01,  6.997700E+01,  2.190300E+01
 9.000000E-01,  5.100000E+00,  1.000000E+01,  1.299900E+00, -3.890900E+01,  7.014600E+01,  2.196400E+01
 9.000000E-01,  5.150000E+00,  1.000000E+01,  1.294500E+00, -3.900300E+01,  7.031500E+01,  2.202500E+01
 9.000000E-01,  5.200000E+00,  1.000000E+01,  1.294100E+00, -3.909700E+01,  7.048300E+01,  2.208600E+01
 9.000000E-01,  5.250000E+00,  1.000000E+01,  1.294100E+00, -3.919100E+01,  7.065200E+01,  2.214800E+01
 9.000000E-01,  5.300000E+00,  1.000000E+01,  1.302100E+00, -3.928500E+01,  7.082000E+01,  2.220900E+01
 9.000000E-01,  5.350000E+00,  1.000000E+01,  1.313300E+00, -3.937900E+01,  7.098900E+01,  2.227000E+01
 9.000000E-01,  5.400000E+00,  1.000000E+01,  1.340500E+00, -3.947300E+01,  7.115800E+01,  2.233100E+01
 9.000000E-01,  5.450000E+00,  1.000000E+01,  1.382500E+00, -3.956600E+01,  7.132600E+01,  2.239200E+01
 9.000000E-01,  5.500000E+00,  1.000000E+01,  1.445800E+00, -3.966000E+01,  7.149500E+01,  2.245400E+01
 9.500000E-01,  2.300000E+00, -1.000000E+01,  1.676900E+00, -3.975400E+01,  7.166400E+01,  2.251500E+01
 9.500000E-01,  2.350000E+00, -1.000000E+01,  1.677900E+00, -3.984800E+01,  7.183200E+01,  2.257600E+01
 9.500000E-01,  2.400000E+00, -1.000000E+01,  1.674400E+00, -3.994200E+01,  7.200100E+01,  2.263700E+01
 9.500000E-01,  2.450000E+00, -1.000000E+01,  1.675600E+00, -4.003600E+01,  7.216900E+01,  2.269800E+01
 9.500000E-01,  2.500000E+00, -1.000000E+01,  1.669100E+00, -4.013000E+01,  7.233800E+01,  2.276000E+01
 9.500000E-01,  2.550000E+00, -1.000000E+01,  1.663700E+00, -4.022400E+01,  7.250700E+01,  2.282100E+01
 9.500000E-01,  2.600000E+00, -1.000000E+01,  1.656900E+00, -4.031800E+01,  7.267500E+01,  2.288200E+01
 9.500000E-01,  2.650000E+00, -1.000000E+01,  1.646700E+00, -4.041200E+01,  7.284400E+01,  2.294300E+01
 9.500000E-01,  2.700000E+00, -1.000000E+01,  1.634800E+00, -4.050600E+01,  7.301200E+01,  2.300400E+01
 9.500000E-01,  2.750000E+00, -1.000000E+01,  1.621600E+00, -4.060000E+01,  7.318100E+01,  2.306500E+01
 9.500000E-01,  2.800000E+00, -1.000000E+01,  1.606100E+00, -4.069400E+01,  7.335000E+01,  2.312700E+01
 9.500000E-01,  2.850000E+00, -1.000000E+01,  1.585300E+00, -4.078800E+01,  7.351800E+01,  2.318800E+01
 9.500000E-01,  2.900000E+00,  1.000000E+01,  1.567000E+00, -4.088200E+01,  7.368700E+01,  2.324900E+01
 9.500000E-01,  2.950000E+00,  1.000000E+01,  1.546800E+00, -4.097600E+01,  7.385600E+01,  2.331000E+01
 9.500000E-01,  3.000000E+00,  1.000000E+01,  1.522100E+00, -4.107000E+01,  7.402400E+01,  2.337100E+01
 9.500000E-01,  3.050000E+00,  1.000000E+01,  1.488000E+00, -4.116400E+01,  7.419300E+01,  2.343300E+01
 9.500000E-01,  3.100000E+00,  1.000000E+01,  1.460300E+00, -4.125800E+01,  7.436100E+01,  2.349400E+01
 9.500000E-01,  3.150000E+00,  1.000000E+01,  1.423000E+00, -4.135200E+01,  7.453000E+01,  2.355500E+01
 9.500000E-01,  3.200000E+00,  1.000000E+01,  1.387700E+00, -4.144600E+01,  7.469900E+01,  2.361600E+01
 9.500000E-01,  3.250000E+00,  1.000000E+01,  1.326500E+00, -4.154000E+01,  7.486700E+01,  2.367700E+01
 9.500000E-01,  3.300000E+00,  1.000000E+01,  1.276400E+00, -4.163300E+01,  7.503600E+01,  2.373900E+01
 9.500000E-01,  3.350000E+00,  1.000000E+01,  1.198800E+00, -4.172700E+01,  7.520500E+01,  2.380000E+01
 9.500000E-01,  3.400000E+00,  1.000000E+01,  1.115700E+00, -4.182100E+01,  7.537300E+01,  2.386100E+01
 9.500000E-01,  3.450000E+00,  1.000000E+01,  9.516800E-01, -4.191500E+01,  7.554200E+01,  2.392200E+01
 9.500000E-01,  3.500000E+00,  1.000000E+01,  7.543300E-01, -4.200900E+01,  7.571000E+01,  2.398300E+01
 9.500000E-01,  3.550000E+00,  1.000000E+01,  3.811100E-01, -4.210300E+01,  7.587900E+01,  2.404400E+01
 9.500000E-01,  3.600000E+00,  1.000000E+01,  6.031100E+00, -4.219700E+01,  7.604800E+01,  2.410600E+01
 9.500000E-01,  3.650000E+00, -1.000000E+01,  2.007500E+00, -4.229100E+01,  7.621600E+01,  2.416700E+01
 9.500000E-01,  3.700000E+00,  1.000000E+01,  4.154600E-01, -4.238500E+01,  7.638500E+01,  2.422800E+01
 9.500000E-01,  3.750000E+00, -1.000000E+01,  3.947200E+00, -4.247900E+01,  7.655300E+01,  2.428900E+01
 9.500000E-01,  3.800000E+00, -1.000000E+01,  2.823500E+00, -4.257300E+01,  7.672200E+01,  2.435000E+01
 9.500000E-01,  3.850000E+00, -1.000000E+01,  2.372900E+00, -4.266700E+01,  7.689100E+01,  2.441200E+01
 9.500000E-01,  3.900000E+00, -1.000000E+01,  2.155200E+00, -4.276100E+01,  7.705900E+01,  2.447300E+01
 9.500000E-01,  3.950000E+00, -1.000000E+01,  2.036000E+00, -4.285500E+01,  7.722800E+01,  2.453400E+01
 9.500000E-01,  4.000000E+00, -1.000000E+01,  1.927400E+00, -4.294900E+01,  7.739700E+01,  2.459500E+01
 9.500000E-01,  4.050000E+00, -1.000000E+01,  1.856700E+00, -4.304300E+01,  7.756500E+01,  2.465600E+01
 9.500000E-01,  4.100000E+00, -1.000000E+01,  1.786300E+00, -4.313700E+01,  7.773400E+01,  2.471800E+01
 9.500000E-01,  4.150000E+00, -1.000000E+01,  1.733500E+00, -4.323100E+01,  7.790200E+01,  2.477900E+01
 9.500000E-01,  4.200000E+00, -1.000000E+01,  1.691300E+00, -4.332500E+01,  7.807100E+01,  2.484000E+01
 9.500000E-01,  4.250000E+00, -1.000000E+01,  1.652000E+00, -4.341900E+01,  7.824000E+01,  2.490100E+01
 9.500000E-01,  4.300000E+00, -1.000000E+01,  1.620900E+00, -4.351300E+01,  7.840800E+01,  2.496200E+01
 9.500000E-01,  4.350000E+00, -1.000000E+01,  1.585900E+00, -4.360700E+01,  7.857700E+01,  2.502300E+01
 9.500000E-01,  4.400000E+00,  1.000000E+01,  1.554700E+00, -4.370000E+01,  7.874500E+01,  2.508500E+01
 9.500000E-01,  4.450000E+00,  1.000000E+01,  1.529800E+00, -4.379400E+01,  7.891400E+01,  2.514600E+01
 9.500000E-01,  4.500000E+00,  1.000000E+01,  1.507400E+00, -4.388800E+01,  7.908300E+01,  2.520700E+01
 9.500000E-01,  4.550000E+00,  1.000000E+01,  1.485200E+00, -4.398200E+01,  7.925100E+01,  2.526800E+01
 9.500000E-01,  4.600000E+00,  1.000000E+01,  1.462500E+00, -4.407600E+01,  7.942000E+01,  2.532900E+01
 9.500000E-01,  4.650000E+00,  1.000000E+01,  1.442000E+00, -4.417000E+01,  7.958900E+01,  2.539100E+01
 9.500000E-01,  4.700000E+00,  1.000000E+01,  1.423600E+00, -4.426400E+01,  7.975700E+01,  2.545200E+01
 9.500000E-01,  4.750000E+00,  1.000000E+01,  1.407800E+00, -4.435800E+01,  7.992600E+01,  2.551300E+01
 9.500000E-01,  4.800000E+00,  1.000000E+01,  1.390500E+00, -4.445200E+01,  8.009400E+01,  2.557400E+01
 9.500000E-01,  4.850000E+00,  1.000000E+01,  1.375500E+00, -4.454600E+01,  8.026300E+01,  2.563500E+01
 9.500000E-01,  4.900000E+00,  1.000000E+01,  1.362600E+00, -4.464000E+01,  8.043200E+01,  2.569700E+01
 9.500000E-01,  4.950000E+00,  1.000000E+01,  1.351000E+00, -4.473400E+01,  8.060000E+01,  2.575800E+01
 9.500000E-01,  5.000000E+00,  1.000000E+01,  1.339900E+00, -4.482800E+01,  8.076900E+01,  2.581900E+01
 9.500000E-01,  5.050000E+00,  1.000000E+01,  1.330600E+00, -4.492200E+01,  8.093700E+01,  2.588000E+01
 9.500000E-01,  5.100000E+00,  1.000000E+01,  1.323400E+00, -4.501600E+01,  8.110600E+01,  2.594100E+01
 9.500000E-01,  5.150000E+00,  1.000000E+01,  1.318900E+00, -4.511000E+01,  8.127500E+01,  2.600200E+01
 9.500000E-01,  5.200000E+00,  1.000000E+01,  1.315600E+00, -4.520400E+01,  8.144300E+01,  2.606400E+01
 9.500000E-01,  5.250000E+00,  1.000000E+01,  1.318300E+00, -4.529800E+01,  8.161200E+01,  2.612500E+01
 9.500000E-01,  5.300000E+00,  1.000000E+01,  1.322900E+00, -4.539200E+01,  8.178100E+01,  2.618600E+01
 9.500000E-01,  5.350000E+00,  1.000000E+01,  1.337400E+00, -4.548600E+01,  8.194900E+01,  2.624700E+01
 9.500000E-01,  5.400000E+00,  1.000000E+01,  1.353600E+00, -4.558000E+01,  8.211800E+01,  2.630800E+01
 9.500000E-01,  5.450000E+00,  1.000000E+01,  1.390500E+00, -4.567400E+01,  8.228600E+01,  2.637000E+01
 9.500000E-01,  5.500000E+00,  1.000000E+01,  1.447300E+00, -4.576700E+01,  8.245500E+01,  2.643100E+01
 1.000000E+00,  2.300000E+00, -1.000000E+01,  1.645700E+00, -4.586100E+01,  8.262400E+01,  2.649200E+01
 1.000000E+00,  2.350000E+00, -1.000000E+01,  1.647100E+00, -4.595500E+01,  8.279200E+01,  2.655300E+01
 1.000000E+00,  2.400000E+00, -1.000000E+01,  1.649700E+00, -4.604900E+01,  8.296100E+01,  2.661400E+01
 1.000000E+00,  2.450000E+00, -1.000000E+01,  1.645400E+00, -4.614300E+01,  8.312900E+01,  2.667600E+01
 1.000000E+00,  2.500000E+00, -1.000000E+01,  1.644800E+00, -4.623700E+01,  8.329800E+01,  2.673700E+01
 1.000000E+00,  2.550000E+00, -1.000000E+01,  1.639300E+00, -4.633100E+01,  8.346700E+01,  2.679800E+01
 1.000000E+00,  2.600000E+00, -1.000000E+01,  1.631100E+00, -4.642500E+01,  8.363500E+01,  2.685900E+01
 1.000000E+00,  2.650000E+00, -1.000000E+01,  1.623100E+00, -4.651900E+01,  8.380400E+01,  2.692000E+01
 1.000000E+00,  2.700000E+00, -1.000000E+01,  1.612100E+00, -4.661300E+01,  8.397300E+01,  2.698100E+01
 1.000000E+00,  2.750000E+00, -1.000000E+01,  1.599500E+00, -4.670700E+01,  8.414100E+01,  2.704300E+01
 1.000000E+00,  2.800000E+00, -1.000000E+01,  1.582700E+00, -4.680100E+01,  8.431000E+01,  2.710400E+01
 1.000000E+00,  2.850000E+00,  1.000000E+01,  1.565500E+00, -4.689500E+01,  8.447800E+01,  2.716500E+01
 1.000000E+00,  2.900000E+00,  1.000000E+01,  1.548000E+00, -4.698900E+01,  8.464700E+01,  2.722600E+01
 1.000000E+00,  2.950000E+00,  1.000000E+01,  1.526500E+00, -4.708300E+01,  8.481600E+01,  2.728700E+01
 1.000000E+00,  3.000000E+00,  1.000000E+01,  1.495800E+00, -4.717700E+01,  8.498400E+01,  2.734900E+01
 1.000000E+00,  3.050000E+00,  1.000000E+01,  1.471300E+00, -4.727100E+01,  8.515300E+01,  2.741000E+01
 1.000000E+00,  3.100000E+00,  1.000000E+01,  1.440300E+00, -4.736500E+01,  8.532200E+01,  2.747100E+01
 1.000000E+00,  3.150000E+00,  1.000000E+01,  1.407400E+00, -4.745900E+01,  8.549000E+01,  2.753200E+01
 1.000000E+00,  3.200000E+00,  1.000000E+01,  1.354000E+00, -4.755300E+01,  8.565900E+01,  2.759300E+01
 1.000000E+00,  3.250000E+00,  1.000000E+01,  1.311200E+00, -4.764700E+01,  8.582700E+01,  2.765500E+01
 1.000000E+00,  3.300000E+00,  1.000000E+01,  1.246800E+00, -4.774100E+01,  8.599600E+01,  2.771600E+01
 1.000000E+00,  3.350000E+00,  1.000000E+01,  1.184000E+00, -4.783400E+01,  8.616500E+01,  2.777700E+01
 1.000000E+00,  3.400000E+00,  1.000000E+01,  1.053900E+00, -4.792800E+01,  8.633300E+01,  2.783800E+01
 1.000000E+00,  3.450000E+00,  1.000000E+01,  9.364300E-01, -4.802200E+01,  8.650200E+01,  2.789900E+01
 1.000000E+00,  3.500000E+00,  1.000000E+01,  7.080600E-01, -4.811600E+01,  8.667000E+01,  2.796000E+01
 1.000000E+00,  3.550000E+00,  1.000000E+01,  3.686900E-01, -4.821000E+01,  8.683900E+01,  2.802200E+01
 1.000000E+00,  3.600000E+00,  1.000000E+01,  6.047800E+00, -4.830400E+01,  8.700800E+01,  2.808300E+01
 1.000000E+00,  3.650000E+00, -1.000000E+01,  2.226800E+00, -4.839800E+01,  8.717600E+01,  2.814400E+01
 1.000000E+00,  3.700000E+00, -1.000000E+01,  3.727600E+00, -4.849200E+01,  8.734500E+01,  2.820500E+01
 1.000000E+00,  3.750000E+00, -1.000000E+01,  4.103300E+00, -4.858600E+01,  8.751400E+01,  2.826600E+01
 1.000000E+00,  3.800000E+00, -1.000000E+01,  2.883100E+00, -4.868000E+01,  8.768200E+01,  2.832800E+01
 1.000000E+00,  3.850000E+00, -1.000000E+01,  2.496000E+00, -4.877400E+01,  8.785100E+01,  2.838900E+01
 1.000000E+00,  3.900000E+00, -1.000000E+01,  2.182200E+00, -4.886800E+01,  8.801900E+01,  2.845000E+01
 1.000000E+00,  3.950000E+00, -1.000000E+01,  2.059600E+00, -4.896200E+01,  8.818800E+01,  2.851100E+01
 1.000000E+00,  4.000000E+00, -1.000000E+01,  1.960400E+00, -4.905600E+01,  8.835700E+01,  2.857200E+01
 1.000000E+00,  4.050000E+00, -1.000000E+01,  1.879200E+00, -4.915000E+01,  8.852500E+01,  2.863400E+01
 1.000000E+00,  4.100000E+00, -1.000000E+01,  1.822100E+00, -4.924400E+01,  8.869400E+01,  2.869500E+01
 1.000000E+00,  4.150000E+00, -1.000000E+01,  1.751900E+00, -4.933800E+01,  8.886200E+01,  2.875600E+01
 1.000000E+00,  4.200000E+00, -1.000000E+01,  1.711800E+00, -4.943200E+01,  8.903100E+01,  2.881700E+01
 1.000000E+00,  4.250000E+00, -1.000000E+01,  1.673700E+00, -4.952600E+01,  8.920000E+01,  2.887800E+01
 1.000000E+00,  4.300000E+00, -1.000000E+01,  1.640700E+00, -4.962000E+01,  8.936800E+01,  2.893900E+01
 1.000000E+00,  4.350000E+00, -1.000000E+01,  1.609300E+00, -4.971400E+01,  8.953700E+01,  2.900100E+01
 1.000000E+00,  4.400000E+00, -1.000000E+01,  1.577600E+00, -4.980700E+01,  8.970600E+01,  2.906200E+01
 1.000000E+00,  4.450000E+00,  1.000000E+01,  1.551000E+00, -4.990100E+01,  8.987400E+01,  2.912300E+01
 1.000000E+00,  4.500000E+00,  1.000000E+01,  1.526300E+00, -4.999500E+01,  9.004300E+01,  2.918400E+01
 1.000000E+00,  4.550000E+00,  1.000000E+01,  1.504700E+00, -5.008900E+01,  9.021100E+01,  2.924500E+01
 1.000000E+00,  4.600000E+00,  1.000000E+01,  1.485000E+00, -5.018300E+01,  9.038000E+01,  2.930700E+01
 1.000000E+00,  4.650000E+00,  1.000000E+01,  1.463100E+00, -5.027700E+01,  9.054900E+01,  2.936800E+01
 1.000000E+00,  4.700000E+00,  1.000000E+01,  1.445100E+00, -5.037100E+01,  9.071700E+01,  2.942900E+01
 1.000000E+00,  4.750000E+00,  1.000000E+01,  1.427900E+00, -5.046500E+01,  9.088600E+01,  2.949000E+01
 1.000000E+00,  4.800000E+00,  1.000000E+01,  1.412600E+00, -5.055900E+01,  9.105400E+01,  2.955100E+01
 1.000000E+00,  4.850000E+00,  1.000000E+01,  1.398700E+00, -5.065300E+01,  9.122300E+01,  2.961300E+01
 1.000000E+00,  4.900000E+00,  1.000000E+01,  1.385100E+00, -5.074700E+01,  9.139200E+01,  2.967400E+01
 1.000000E+00,  4.950000E+00,  1.000000E+01,  1.372600E+00, -5.084100E+01,  9.156000E+01,  2.973500E+01
 1.000000E+00,  5.000000E+00,  1.000000E+01,  1.361700E+00, -5.093500E+01,  9.172900E+01,  2.979600E+01
 1.000000E+00,  5.050000E+00,  1.000000E+01,  1.352900E+00, -5.102900E+01,  9.189800E+01,  2.985700E+01
 1.000000E+00,  5.100000E+00,  1.000000E+01,  1.345800E+00, -5.112300E+01,  9.206600E+01,  2.991800E+01
 1.000000E+00,  5.150000E+00,  1.000000E+01,  1.340200E+00, -5.121700E+01,  9.223500E+01,  2.998000E+01
 1.000000E+00,  5.200000E+00,  1.000000E+01,  1.336300E+00, -5.131100E+01,  9.240300E+01,  3.004100E+01
 1.000000E+00,  5.250000E+00,  1.000000E+01,  1.338200E+00, -5.140500E+01,  9.257200E+01,  3.010200E+01
 1.000000E+00,  5.300000E+00,  1.000000E+01,  1.342600E+00, -5.149900E+01,  9.274100E+01,  3.016300E+01
 1.000000E+00,  5.350000E+00,  1.000000E+01,  1.354700E+00, -5.159300E+01,  9.290900E+01,  3.022400E+01
 1.000000E+00,  5.400000E+00,  1.000000E+01,  1.366600E+00, -5.168700E+01,  9.307800E+01,  3.028600E+01
 1.000000E+00,  5.450000E+00,  1.000000E+01,  1.398000E+00, -5.178100E+01,  9.324700E+01,  3.034700E+01
 1.000000E+00,  5.500000E+00,  1.000000E+01,  1.456000E+00, -5.187400E+01,  9.341500E+01,  3.040800E+01
 1.050000E+00,  2.300000E+00, -1.000000E+01,  1.616500E+00, -5.196800E+01,  9.358400E+01,  3.046900E+01
 1.050000E+00,  2.350000E+00, -1.000000E+01,  1.620500E+00, -5.206200E+01,  9.375200E+01,  3.053000E+01
 1.050000E+00,  2.400000E+00, -1.000000E+01,  1.620500E+00, -5.215600E+01,  9.392100E+01,  3.059200E+01
 1.050000E+00,  2.450000E+00, -1.000000E+01,  1.623500E+00, -5.225000E+01,  9.409000E+01,  3.065300E+01
 1.050000E+00,  2.500000E+00, -1.000000E+01,  1.620600E+00, -5.234400E+01,  9.425800E+01,  3.071400E+01
 1.050000E+00,  2.550000E+00, -1.000000E+01,  1.614300E+00, -5.243800E+01,  9.442700E+01,  3.077500E+01
 1.050000E+00,  2.600000E+00, -1.000000E+01,  1.610600E+00, -5.253200E+01,  9.459500E+01,  3.083600E+01
 1.050000E+00,  2.650000E+00, -1.000000E+01,  1.601400E+00, -5.262600E+01,  9.476400E+01,  3.089700E+01
 1.050000E+00,  2.700000E+00, -1.000000E+01,  1.591200E+00, -5.272000E+01,  9.493300E+01,  3.095900E+01
 1.050000E+00,  2.750000E+00, -1.000000E+01,  1.577600E+00, -5.281400E+01,  9.510100E+01,  3.102000E+01
 1.050000E+00,  2.800000E+00,  1.000000E+01,  1.563300E+00, -5.290800E+01,  9.527000E+01,  3.108100E+01
 1.050000E+00,  2.850000E+00,  1.000000E+01,  1.547700E+00, -5.300200E+01,  9.543900E+01,  3.114200E+01
 1.050000E+00,  2.900000E+00,  1.000000E+01,  1.528900E+00, -5.309600E+01,  9.560700E+01,  3.120300E+01
 1.050000E+00,  2.950000E+00,  1.000000E+01,  1.502700E+00, -5.319000E+01,  9.577600E+01,  3.126500E+01
 1.050000E+00,  3.000000E+00,  1.000000E+01,  1.480400E+00, -5.328400E+01,  9.594400E+01,  3.132600E+01
 1.050000E+00,  3.050000E+00,  1.000000E+01,  1.454300E+00, -5.337800E+01,  9.611300E+01,  3.138700E+01
 1.050000E+00,  3.100000E+00,  1.000000E+01,  1.424000E+00, -5.347200E+01,  9.628200E+01,  3.144800E+01
 1.050000E+00,  3.150000E+00,  1.000000E+01,  1.380600E+00, -5.356600E+01,  9.645000E+01,  3.150900E+01
 1.050000E+00,  3.200000E+00,  1.000000E+01,  1.340500E+00, -5.366000E+01,  9.661900E+01,  3.157100E+01
 1.050000E+00,  3.250000E+00,  1.000000E+01,  1.293400E+00, -5.375400E+01,  9.678700E+01,  3.163200E+01
 1.050000E+00,  3.300000E+00,  1.000000E+01,  1.234100E+00, -5.384800E+01,  9.695600E+01,  3.169300E+01
 1.050000E+00,  3.350000E+00,  1.000000E+01,  1.171400E+00, -5.394100E+01,  9.712500E+01,  3.175400E+01
 1.050000E+00,  3.400000E+00,  1.000000E+01,  1.040900E+00, -5.403500E+01,  9.729300E+01,  3.181500E+01
 1.050000E+00,  3.450000E+00,  1.000000E+01,  9.233600E-01, -5.412900E+01,  9.746200E+01,  3.187600E+01
 1.050000E+00,  3.500000E+00,  1.000000E+01,  6.732800E-01, -5.422300E+01,  9.763100E+01,  3.193800E+01
 1.050000E+00,  3.550000E+00,  1.000000E+01,  3.578100E-01, -5.431700E+01,  9.779900E+01,  3.199900E+01
 1.050000E+00,  3.600000E+00,  1.000000E+01,  6.057500E+00, -5.441100E+01,  9.796800E+01,  3.206000E+01
 1.050000E+00,  3.650000E+00, -1.000000E+01,  2.659300E+00, -5.450500E+01,  9.813600E+01,  3.212100E+01
 1.050000E+00,  3.700000E+00, -1.000000E+01,  1.606400E+00, -5.459900E+01,  9.830500E+01,  3.218200E+01
 1.050000E+00,  3.750000E+00, -1.000000E+01,  4.250300E+00, -5.469300E+01,  9.847400E+01,  3.224400E+01
 1.050000E+00,  3.800000E+00, -1.000000E+01,  3.034500E+00, -5.478700E+01,  9.864200E+01,  3.230500E+01
 1.050000E+00,  3.850000E+00, -1.000000E+01,  2.531200E+00, -5.488100E+01,  9.881100E+01,  3.236600E+01
 1.050000E+00,  3.900000E+00, -1.000000E+01,  2.243300E+00, -5.497500E+01,  9.897900E+01,  3.242700E+01
 1.050000E+00,  3.950000E+00, -1.000000E+01,  2.082400E+00, -5.506900E+01,  9.914800E+01,  3.248800E+01
 1.050000E+00,  4.000000E+00, -1.000000E+01,  1.987000E+00, -5.516300E+01,  9.931700E+01,  3.255000E+01
 1.050000E+00,  4.050000E+00, -1.000000E+01,  1.900300E+00, -5.525700E+01,  9.948500E+01,  3.261100E+01
 1.050000E+00,  4.100000E+00, -1.000000E+01,  1.838600E+00, -5.535100E+01,  9.965400E+01,  3.267200E+01
 1.050000E+00,  4.150000E+00, -1.000000E+01,  1.789500E+00, -5.544500E+01,  9.982300E+01,  3.273300E+01
 1.050000E+00,  4.200000E+00, -1.000000E+01,  1.733600E+00, -5.553900E+01,  9.999100E+01,  3.279400E+01
 1.050000E+00,  4.250000E+00, -1.000000E+01,  1.691800E+00, -5.563300E+01,  1.001600E+02,  3.285500E+01
 1.050000E+00,  4.300000E+00, -1.000000E+01,  1.657400E+00, -5.572700E+01,  1.003300E+02,  3.291700E+01
 1.050000E+00,  4.350000E+00, -1.000000E+01,  1.627500E+00, -5.582100E+01,  1.005000E+02,  3.297800E+01
 1.050000E+00,  4.400000E+00, -1.000000E+01,  1.598800E+00, -5.591500E+01,  1.006700E+02,  3.303900E+01
 1.050000E+00,  4.450000E+00, -1.000000E+01,  1.574100E+00, -5.600800E+01,  1.008300E+02,  3.310000E+01
 1.050000E+00,  4.500000E+00,  1.000000E+01,  1.547200E+00, -5.610200E+01,  1.010000E+02,  3.316100E+01
 1.050000E+00,  4.550000E+00,  1.000000E+01,  1.523000E+00, -5.619600E+01,  1.011700E+02,  3.322300E+01
 1.050000E+00,  4.600000E+00,  1.000000E+01,  1.503100E+00, -5.629000E+01,  1.013400E+02,  3.328400E+01
 1.050000E+00,  4.650000E+00,  1.000000E+01,  1.483500E+00, -5.638400E+01,  1.015100E+02,  3.334500E+01
 1.050000E+00,  4.700000E+00,  1.000000E+01,  1.466700E+00, -5.647800E+01,  1.016800E+02,  3.340600E+01
 1.050000E+00,  4.750000E+00,  1.000000E+01,  1.448300E+00, -5.657200E+01,  1.018500E+02,  3.346700E+01
 1.050000E+00,  4.800000E+00,  1.000000E+01,  1.432300E+00, -5.666600E+01,  1.020100E+02,  3.352900E+01
 1.050000E+00,  4.850000E+00,  1.000000E+01,  1.418000E+00, -5.676000E+01,  1.021800E+02,  3.359000E+01
 1.050000E+00,  4.900000E+00,  1.000000E+01,  1.405300E+00, -5.685400E+01,  1.023500E+02,  3.365100E+01
 1.050000E+00,  4.950000E+00,  1.000000E+01,  1.393400E+00, -5.694800E+01,  1.025200E+02,  3.371200E+01
 1.050000E+00,  5.000000E+00,  1.000000E+01,  1.382600E+00, -5.704200E+01,  1.026900E+02,  3.377300E+01
 1.050000E+00,  5.050000E+00,  1.000000E+01,  1.373300E+00, -5.713600E+01,  1.028600E+02,  3.383400E+01
 1.050000E+00,  5.100000E+00,  1.000000E+01,  1.365500E+00, -5.723000E+01,  1.030300E+02,  3.389600E+01
 1.050000E+00,  5.150000E+00,  1.000000E+01,  1.359800E+00, -5.732400E+01,  1.031900E+02,  3.395700E+01
 1.050000E+00,  5.200000E+00,  1.000000E+01,  1.357800E+00, -5.741800E+01,  1.033600E+02,  3.401800E+01
 1.050000E+00,  5.250000E+00,  1.000000E+01,  1.356900E+00, -5.751200E+01,  1.035300E+02,  3.407900E+01
 1.050000E+00,  5.300000E+00,  1.000000E+01,  1.362900E+00, -5.760600E+01,  1.037000E+02,  3.414000E+01
 1.050000E+00,  5.350000E+00,  1.000000E+01,  1.370000E+00, -5.770000E+01,  1.038700E+02,  3.420200E+01
 1.050000E+00,  5.400000E+00,  1.000000E+01,  1.389100E+00, -5.779400E+01,  1.040400E+02,  3.426300E+01
 1.050000E+00,  5.450000E+00,  1.000000E+01,  1.410500E+00, -5.788800E+01,  1.042100E+02,  3.432400E+01
 1.050000E+00,  5.500000E+00,  1.000000E+01,  1.455900E+00, -5.798200E+01,  1.043800E+02,  3.438500E+01
 1.100000E+00,  2.300000E+00, -1.000000E+01,  1.591500E+00, -5.807500E+01,  1.045400E+02,  3.444600E+01
 1.100000E+00,  2.350000E+00, -1.000000E+01,  1.594000E+00, -5.816900E+01,  1.047100E+02,  3.450800E+01
 1.100000E+00,  2.400000E+00, -1.000000E+01,  1.600600E+00, -5.826300E+01,  1.048800E+02,  3.456900E+01
 1.100000E+00,  2.450000E+00, -1.000000E+01,  1.600000E+00, -5.835700E+01,  1.050500E+02,  3.463000E+01
 1.100000E+00,  2.500000E+00, -1.000000E+01,  1.596600E+00, -5.845100E+01,  1.052200E+02,  3.469100E+01
 1.100000E+00,  2.550000E+00, -1.000000E+01,  1.595600E+00, -5.854500E+01,  1.053900E+02,  3.475200E+01
 1.100000E+00,  2.600000E+00, -1.000000E+01,  1.589800E+00, -5.863900E+01,  1.055600E+02,  3.481300E+01
 1.100000E+00,  2.650000E+00, -1.000000E+01,  1.581400E+00, -5.873300E+01,  1.057200E+02,  3.487500E+01
 1.100000E+00,  2.700000E+00, -1.000000E+01,  1.572000E+00, -5.882700E+01,  1.058900E+02,  3.493600E+01
 1.100000E+00,  2.750000E+00,  1.000000E+01,  1.559600E+00, -5.892100E+01,  1.060600E+02,  3.499700E+01
 1.100000E+00,  2.800000E+00,  1.000000E+01,  1.546600E+00, -5.901500E+01,  1.062300E+02,  3.505800E+01
 1.100000E+00,  2.850000E+00,  1.000000E+01,  1.530700E+00, -5.910900E+01,  1.064000E+02,  3.511900E+01
 1.100000E+00,  2.900000E+00,  1.000000E+01,  1.507600E+00, -5.920300E+01,  1.065700E+02,  3.518100E+01
 1.100000E+00,  2.950000E+00,  1.000000E+01,  1.488000E+00, -5.929700E+01,  1.067400E+02,  3.524200E+01
 1.100000E+00,  3.000000E+00,  1.000000E+01,  1.466500E+00, -5.939100E+01,  1.069000E+02,  3.530300E+01
 1.100000E+00,  3.050000E+00,  1.000000E+01,  1.438300E+00, -5.948500E+01,  1.070700E+02,  3.536400E+01
 1.100000E+00,  3.100000E+00,  1.000000E+01,  1.406400E+00, -5.957900E+01,  1.072400E+02,  3.542500E+01
 1.100000E+00,  3.150000E+00,  1.000000E+01,  1.365200E+00, -5.967300E+01,  1.074100E+02,  3.548700E+01
 1.100000E+00,  3.200000E+00,  1.000000E+01,  1.328400E+00, -5.976700E+01,  1.075800E+02,  3.554800E+01
 1.100000E+00,  3.250000E+00,  1.000000E+01,  1.278600E+00, -5.986100E+01,  1.077500E+02,  3.560900E+01
 1.100000E+00,  3.300000E+00,  1.000000E+01,  1.222600E+00, -5.995500E+01,  1.079200E+02,  3.567000E+01
 1.100000E+00,  3.350000E+00,  1.000000E+01,  1.118500E+00, -6.004900E+01,  1.080800E+02,  3.573100E+01
 1.100000E+00,  3.400000E+00,  1.000000E+01,  1.029400E+00, -6.014200E+01,  1.082500E+02,  3.579200E+01
 1.100000E+00,  3.450000E+00,  1.000000E+01,  9.118300E-01, -6.023600E+01,  1.084200E+02,  3.585400E+01
 1.100000E+00,  3.500000E+00,  1.000000E+01,  6.618500E-01, -6.033000E+01,  1.085900E+02,  3.591500E+01
 1.100000E+00,  3.550000E+00,  1.000000E+01,  3.481000E-01, -6.042400E+01,  1.087600E+02,  3.597600E+01
 1.100000E+00,  3.600000E+00,  1.000000E+01,  6.062900E+00, -6.051800E+01,  1.089300E+02,  3.603700E+01
 1.100000E+00,  3.650000E+00, -1.000000E+01,  2.541000E+00, -6.061200E+01,  1.091000E+02,  3.609800E+01
 1.100000E+00,  3.700000E+00,  1.000000E+01,  4.889800E+00, -6.070600E+01,  1.092700E+02,  3.616000E+01
 1.100000E+00,  3.750000E+00, -1.000000E+01,  4.389800E+00, -6.080000E+01,  1.094300E+02,  3.622100E+01
 1.100000E+00,  3.800000E+00, -1.000000E+01,  3.114800E+00, -6.089400E+01,  1.096000E+02,  3.628200E+01
 1.100000E+00,  3.850000E+00, -1.000000E+01,  2.562600E+00, -6.098800E+01,  1.097700E+02,  3.634300E+01
 1.100000E+00,  3.900000E+00, -1.000000E+01,  2.324100E+00, -6.108200E+01,  1.099400E+02,  3.640400E+01
 1.100000E+00,  3.950000E+00, -1.000000E+01,  2.100800E+00, -6.117600E+01,  1.101100E+02,  3.646600E+01
 1.100000E+00,  4.000000E+00, -1.000000E+01,  2.004100E+00, -6.127000E+01,  1.102800E+02,  3.652700E+01
 1.100000E+00,  4.050000E+00, -1.000000E+01,  1.928800E+00, -6.136400E+01,  1.104500E+02,  3.658800E+01
 1.100000E+00,  4.100000E+00, -1.000000E+01,  1.853600E+00, -6.145800E+01,  1.106100E+02,  3.664900E+01
 1.100000E+00,  4.150000E+00, -1.000000E+01,  1.803900E+00, -6.155200E+01,  1.107800E+02,  3.671000E+01
 1.100000E+00,  4.200000E+00, -1.000000E+01,  1.760500E+00, -6.164600E+01,  1.109500E+02,  3.677100E+01
 1.100000E+00,  4.250000E+00, -1.000000E+01,  1.713300E+00, -6.174000E+01,  1.111200E+02,  3.683300E+01
 1.100000E+00,  4.300000E+00, -1.000000E+01,  1.674500E+00, -6.183400E+01,  1.112900E+02,  3.689400E+01
 1.100000E+00,  4.350000E+00, -1.000000E+01,  1.642400E+00, -6.192800E+01,  1.114600E+02,  3.695500E+01
 1.100000E+00,  4.400000E+00, -1.000000E+01,  1.614700E+00, -6.202200E+01,  1.116300E+02,  3.701600E+01
 1.100000E+00,  4.450000E+00, -1.000000E+01,  1.590100E+00, -6.211600E+01,  1.117900E+02,  3.707700E+01
 1.100000E+00,  4.500000E+00,  1.000000E+01,  1.567500E+00, -6.220900E+01,  1.119600E+02,  3.713900E+01
 1.100000E+00,  4.550000E+00,  1.000000E+01,  1.541700E+00, -6.230300E+01,  1.121300E+02,  3.720000E+01
 1.100000E+00,  4.600000E+00,  1.000000E+01,  1.521900E+00, -6.239700E+01,  1.123000E+02,  3.726100E+01
 1.100000E+00,  4.650000E+00,  1.000000E+01,  1.501000E+00, -6.249100E+01,  1.124700E+02,  3.732200E+01
 1.100000E+00,  4.700000E+00,  1.000000E+01,  1.483600E+00, -6.258500E+01,  1.126400E+02,  3.738300E+01
 1.100000E+00,  4.750000E+00,  1.000000E+01,  1.467800E+00, -6.267900E+01,  1.128100E+02,  3.744500E+01
 1.100000E+00,  4.800000E+00,  1.000000E+01,  1.452500E+00, -6.277300E+01,  1.129700E+02,  3.750600E+01
 1.100000E+00,  4.850000E+00,  1.000000E+01,  1.437000E+00, -6.286700E+01,  1.131400E+02,  3.756700E+01
 1.100000E+00,  4.900000E+00,  1.000000E+01,  1.424200E+00, -6.296100E+01,  1.133100E+02,  3.762800E+01
 1.100000E+00,  4.950000E+00,  1.000000E+01,  1.411700E+00, -6.305500E+01,  1.134800E+02,  3.768900E+01
 1.100000E+00,  5.000000E+00,  1.000000E+01,  1.401400E+00, -6.314900E+01,  1.136500E+02,  3.775000E+01
 1.100000E+00,  5.050000E+00,  1.000000E+01,  1.392100E+00, -6.324300E+01,  1.138200E+02,  3.781200E+01
 1.100000E+00,  5.100000E+00,  1.000000E+01,  1.384900E+00, -6.333700E+01,  1.139900E+02,  3.787300E+01
 1.100000E+00,  5.150000E+00,  1.000000E+01,  1.378800E+00, -6.343100E+01,  1.141500E+02,  3.793400E+01
 1.100000E+00,  5.200000E+00,  1.000000E+01,  1.374600E+00, -6.352500E+01,  1.143200E+02,  3.799500E+01
 1.100000E+00,  5.250000E+00,  1.000000E+01,  1.374500E+00, -6.361900E+01,  1.144900E+02,  3.805600E+01
 1.100000E+00,  5.300000E+00,  1.000000E+01,  1.376300E+00, -6.371300E+01,  1.146600E+02,  3.811800E+01
 1.100000E+00,  5.350000E+00,  1.000000E+01,  1.383100E+00, -6.380700E+01,  1.148300E+02,  3.817900E+01
 1.100000E+00,  5.400000E+00,  1.000000E+01,  1.401400E+00, -6.390100E+01,  1.150000E+02,  3.824000E+01
 1.100000E+00,  5.450000E+00,  1.000000E+01,  1.424900E+00, -6.399500E+01,  1.151700E+02,  3.830100E+01
 1.100000E+00,  5.500000E+00,  1.000000E+01,  1.461900E+00, -6.408900E+01,  1.153400E+02,  3.836200E+01
 1.150000E+00,  2.300000E+00,  1.000000E+01,  1.565900E+00, -6.418300E+01,  1.155000E+02,  3.842400E+01
 1.150000E+00,  2.350000E+00, -1.000000E+01,  1.576100E+00, -6.427600E+01,  1.156700E+02,  3.848500E+01
 1.150000E+00,  2.400000E+00, -1.000000E+01,  1.578100E+00, -6.437000E+01,  1.158400E+02,  3.854600E+01
 1.150000E+00,  2.450000E+00, -1.000000E+01,  1.577200E+00, -6.446400E+01,  1.160100E+02,  3.860700E+01
 1.150000E+00,  2.500000E+00, -1.000000E+01,  1.579900E+00, -6.455800E+01,  1.161800E+02,  3.866800E+01
 1.150000E+00,  2.550000E+00, -1.000000E+01,  1.576500E+00, -6.465200E+01,  1.163500E+02,  3.872900E+01
 1.150000E+00,  2.600000E+00,  1.000000E+01,  1.569900E+00, -6.474600E+01,  1.165200E+02,  3.879100E+01
 1.150000E+00,  2.650000E+00,  1.000000E+01,  1.563800E+00, -6.484000E+01,  1.166800E+02,  3.885200E+01
 1.150000E+00,  2.700000E+00,  1.000000E+01,  1.554900E+00, -6.493400E+01,  1.168500E+02,  3.891300E+01
 1.150000E+00,  2.750000E+00,  1.000000E+01,  1.543700E+00, -6.502800E+01,  1.170200E+02,  3.897400E+01
 1.150000E+00,  2.800000E+00,  1.000000E+01,  1.530500E+00, -6.512200E+01,  1.171900E+02,  3.903500E+01
 1.150000E+00,  2.850000E+00,  1.000000E+01,  1.511100E+00, -6.521600E+01,  1.173600E+02,  3.909700E+01
 1.150000E+00,  2.900000E+00,  1.000000E+01,  1.493900E+00, -6.531000E+01,  1.175300E+02,  3.915800E+01
 1.150000E+00,  2.950000E+00,  1.000000E+01,  1.474800E+00, -6.540400E+01,  1.177000E+02,  3.921900E+01
 1.150000E+00,  3.000000E+00,  1.000000E+01,  1.451700E+00, -6.549800E+01,  1.178600E+02,  3.928000E+01
 1.150000E+00,  3.050000E+00,  1.000000E+01,  1.426200E+00, -6.559200E+01,  1.180300E+02,  3.934100E+01
 1.150000E+00,  3.100000E+00,  1.000000E+01,  1.386200E+00, -6.568600E+01,  1.182000E+02,  3.940300E+01
 1.150000E+00,  3.150000E+00,  1.000000E+01,  1.354200E+00, -6.578000E+01,  1.183700E+02,  3.946400E+01
 1.150000E+00,  3.200000E+00,  1.000000E+01,  1.311400E+00, -6.587400E+01,  1.185400E+02,  3.952500E+01
 1.150000E+00,  3.250000E+00,  1.000000E+01,  1.264000E+00, -6.596800E+01,  1.187100E+02,  3.958600E+01
 1.150000E+00,  3.300000E+00,  1.000000E+01,  1.209000E+00, -6.606200E+01,  1.188800E+02,  3.964700E+01
 1.150000E+00,  3.350000E+00,  1.000000E+01,  1.108300E+00, -6.615600E+01,  1.190400E+02,  3.970800E+01
 1.150000E+00,  3.400000E+00,  1.000000E+01,  1.019300E+00, -6.625000E+01,  1.192100E+02,  3.977000E+01
 1.150000E+00,  3.450000E+00,  1.000000E+01,  8.817100E-01, -6.634300E+01,  1.193800E+02,  3.983100E+01
 1.150000E+00,  3.500000E+00,  1.000000E+01,  6.517100E-01, -6.643700E+01,  1.195500E+02,  3.989200E+01
 1.150000E+00,  3.550000E+00,  1.000000E+01,  3.394800E-01, -6.653100E+01,  1.197200E+02,  3.995300E+01
 1.150000E+00,  3.600000E+00,  1.000000E+01,  6.065900E+00, -6.662500E+01,  1.198900E+02,  4.001400E+01
 1.150000E+00,  3.650000E+00, -1.000000E+01,  2.700900E+00, -6.671900E+01,  1.200600E+02,  4.007600E+01
 1.150000E+00,  3.700000E+00,  1.000000E+01,  5.464500E+00, -6.681300E+01,  1.202300E+02,  4.013700E+01
 1.150000E+00,  3.750000E+00, -1.000000E+01,  4.634100E+00, -6.690700E+01,  1.203900E+02,  4.019800E+01
 1.150000E+00,  3.800000E+00, -1.000000E+01,  3.163000E+00, -6.700100E+01,  1.205600E+02,  4.025900E+01
 1.150000E+00,  3.850000E+00, -1.000000E+01,  2.590800E+00, -6.709500E+01,  1.207300E+02,  4.032000E+01
 1.150000E+00,  3.900000E+00, -1.000000E+01,  2.345800E+00, -6.718900E+01,  1.209000E+02,  4.038200E+01
 1.150000E+00,  3.950000E+00, -1.000000E+01,  2.144900E+00, -6.728300E+01,  1.210700E+02,  4.044300E+01
 1.150000E+00,  4.000000E+00, -1.000000E+01,  2.020600E+00, -6.737700E+01,  1.212400E+02,  4.050400E+01
 1.150000E+00,  4.050000E+00, -1.000000E+01,  1.942900E+00, -6.747100E+01,  1.214100E+02,  4.056500E+01
 1.150000E+00,  4.100000E+00, -1.000000E+01,  1.880800E+00, -6.756500E+01,  1.215700E+02,  4.062600E+01
 1.150000E+00,  4.150000E+00, -1.000000E+01,  1.821400E+00, -6.765900E+01,  1.217400E+02,  4.068700E+01
 1.150000E+00,  4.200000E+00, -1.000000E+01,  1.773400E+00, -6.775300E+01,  1.219100E+02,  4.074900E+01
 1.150000E+00,  4.250000E+00, -1.000000E+01,  1.735100E+00, -6.784700E+01,  1.220800E+02,  4.081000E+01
 1.150000E+00,  4.300000E+00, -1.000000E+01,  1.693100E+00, -6.794100E+01,  1.222500E+02,  4.087100E+01
 1.150000E+00,  4.350000E+00, -1.000000E+01,  1.662900E+00, -6.803500E+01,  1.224200E+02,  4.093200E+01
 1.150000E+00,  4.400000E+00, -1.000000E+01,  1.632600E+00, -6.812900E+01,  1.225900E+02,  4.099300E+01
 1.150000E+00,  4.450000E+00, -1.000000E+01,  1.604500E+00, -6.822300E+01,  1.227500E+02,  4.105500E+01
 1.150000E+00,  4.500000E+00, -1.000000E+01,  1.581000E+00, -6.831700E+01,  1.229200E+02,  4.111600E+01
 1.150000E+00,  4.550000E+00,  1.000000E+01,  1.560100E+00, -6.841000E+01,  1.230900E+02,  4.117700E+01
 1.150000E+00,  4.600000E+00,  1.000000E+01,  1.540100E+00, -6.850400E+01,  1.232600E+02,  4.123800E+01
 1.150000E+00,  4.650000E+00,  1.000000E+01,  1.520900E+00, -6.859800E+01,  1.234300E+02,  4.129900E+01
 1.150000E+00,  4.700000E+00,  1.000000E+01,  1.500900E+00, -6.869200E+01,  1.236000E+02,  4.136100E+01
 1.150000E+00,  4.750000E+00,  1.000000E+01,  1.483200E+00, -6.878600E+01,  1.237700E+02,  4.142200E+01
 1.150000E+00,  4.800000E+00,  1.000000E+01,  1.468300E+00, -6.888000E+01,  1.239300E+02,  4.148300E+01
 1.150000E+00,  4.850000E+00,  1.000000E+01,  1.454800E+00, -6.897400E+01,  1.241000E+02,  4.154400E+01
 1.150000E+00,  4.900000E+00,  1.000000E+01,  1.441900E+00, -6.906800E+01,  1.242700E+02,  4.160500E+01
 1.150000E+00,  4.950000E+00,  1.000000E+01,  1.430000E+00, -6.916200E+01,  1.244400E+02,  4.166600E+01
 1.150000E+00,  5.000000E+00,  1.000000E+01,  1.419300E+00, -6.925600E+01,  1.246100E+02,  4.172800E+01
 1.150000E+00,  5.050000E+00,  1.000000E+01,  1.410100E+00, -6.935000E+01,  1.247800E+02,  4.178900E+01
 1.150000E+00,  5.100000E+00,  1.000000E+01,  1.401700E+00, -6.944400E+01,  1.249500E+02,  4.185000E+01
 1.150000E+00,  5.150000E+00,  1.000000E+01,  1.395300E+00, -6.953800E+01,  1.251200E+02,  4.191100E+01
 1.150000E+00,  5.200000E+00,  1.000000E+01,  1.392000E+00, -6.963200E+01,  1.252800E+02,  4.197200E+01
 1.150000E+00,  5.250000E+00,  1.000000E+01,  1.391000E+00, -6.972600E+01,  1.254500E+02,  4.203400E+01
 1.150000E+00,  5.300000E+00,  1.000000E+01,  1.391600E+00, -6.982000E+01,  1.256200E+02,  4.209500E+01
 1.150000E+00,  5.350000E+00,  1.000000E+01,  1.399900E+00, -6.991400E+01,  1.257900E+02,  4.215600E+01
 1.150000E+00,  5.400000E+00,  1.000000E+01,  1.409600E+00, -7.000800E+01,  1.259600E+02,  4.221700E+01
 1.150000E+00,  5.450000E+00,  1.000000E+01,  1.436000E+00, -7.010200E+01,  1.261300E+02,  4.227800E+01
 1.150000E+00,  5.500000E+00,  1.000000E+01,  1.461300E+00, -7.019600E+01,  1.263000E+02,  4.234000E+01
 1.200000E+00,  2.300000E+00,  1.000000E+01,  1.550300E+00, -7.029000E+01,  1.264600E+02,  4.240100E+01
 1.200000E+00,  2.350000E+00,  1.000000E+01,  1.554800E+00, -7.038400E+01,  1.266300E+02,  4.246200E+01
 1.200000E+00,  2.400000E+00,  1.000000E+01,  1.558700E+00, -7.047700E+01,  1.268000E+02,  4.252300E+01
 1.200000E+00,  2.450000E+00,  1.000000E+01,  1.562100E+00, -7.057100E+01,  1.269700E+02,  4.258400E+01
 1.200000E+00,  2.500000E+00,  1.000000E+01,  1.561400E+00, -7.066500E+01,  1.271400E+02,  4.264500E+01
 1.200000E+00,  2.550000E+00,  1.000000E+01,  1.557500E+00, -7.075900E+01,  1.273100E+02,  4.270700E+01
 1.200000E+00,  2.600000E+00,  1.000000E+01,  1.554700E+00, -7.085300E+01,  1.274800E+02,  4.276800E+01
 1.200000E+00,  2.650000E+00,  1.000000E+01,  1.548500E+00, -7.094700E+01,  1.276400E+02,  4.282900E+01
 1.200000E+00,  2.700000E+00,  1.000000E+01,  1.539200E+00, -7.104100E+01,  1.278100E+02,  4.289000E+01
 1.200000E+00,  2.750000E+00,  1.000000E+01,  1.528700E+00, -7.113500E+01,  1.279800E+02,  4.295100E+01
 1.200000E+00,  2.800000E+00,  1.000000E+01,  1.513100E+00, -7.122900E+01,  1.281500E+02,  4.301300E+01
 1.200000E+00,  2.850000E+00,  1.000000E+01,  1.497800E+00, -7.132300E+01,  1.283200E+02,  4.307400E+01
 1.200000E+00,  2.900000E+00,  1.000000E+01,  1.481500E+00, -7.141700E+01,  1.284900E+02,  4.313500E+01
 1.200000E+00,  2.950000E+00,  1.000000E+01,  1.461200E+00, -7.151100E+01,  1.286600E+02,  4.319600E+01
 1.200000E+00,  3.000000E+00,  1.000000E+01,  1.436400E+00, -7.160500E+01,  1.288200E+02,  4.325700E+01
 1.200000E+00,  3.050000E+00,  1.000000E+01,  1.403900E+00, -7.169900E+01,  1.289900E+02,  4.331900E+01
 1.200000E+00,  3.100000E+00,  1.000000E+01,  1.376000E+00, -7.179300E+01,  1.291600E+02,  4.338000E+01
 1.200000E+00,  3.150000E+00,  1.000000E+01,  1.340800E+00, -7.188700E+01,  1.293300E+02,  4.344100E+01
 1.200000E+00,  3.200000E+00,  1.000000E+01,  1.298200E+00, -7.198100E+01,  1.295000E+02,  4.350200E+01
 1.200000E+00,  3.250000E+00,  1.000000E+01,  1.254800E+00, -7.207500E+01,  1.296700E+02,  4.356300E+01
 1.200000E+00,  3.300000E+00,  1.000000E+01,  1.169900E+00, -7.216900E+01,  1.298400E+02,  4.362400E+01
 1.200000E+00,  3.350000E+00,  1.000000E+01,  1.099100E+00, -7.226300E+01,  1.300000E+02,  4.368600E+01
 1.200000E+00,  3.400000E+00,  1.000000E+01,  1.010200E+00, -7.235700E+01,  1.301700E+02,  4.374700E+01
 1.200000E+00,  3.450000E+00,  1.000000E+01,  8.391100E-01, -7.245100E+01,  1.303400E+02,  4.380800E+01
 1.200000E+00,  3.500000E+00,  1.000000E+01,  6.426900E-01, -7.254400E+01,  1.305100E+02,  4.386900E+01
 1.200000E+00,  3.550000E+00,  1.000000E+01,  3.020600E-01, -7.263800E+01,  1.306800E+02,  4.393000E+01
 1.200000E+00,  3.600000E+00,  1.000000E+01,  5.820700E+00, -7.273200E+01,  1.308500E+02,  4.399200E+01
 1.200000E+00,  3.650000E+00, -1.000000E+01,  2.886500E+00, -7.282600E+01,  1.310200E+02,  4.405300E+01
 1.200000E+00,  3.700000E+00,  1.000000E+01,  5.348700E+00, -7.292000E+01,  1.311900E+02,  4.411400E+01
 1.200000E+00,  3.750000E+00,  1.000000E+01,  4.758000E+00, -7.301400E+01,  1.313500E+02,  4.417500E+01
 1.200000E+00,  3.800000E+00, -1.000000E+01,  3.207500E+00, -7.310800E+01,  1.315200E+02,  4.423600E+01
 1.200000E+00,  3.850000E+00, -1.000000E+01,  2.655200E+00, -7.320200E+01,  1.316900E+02,  4.429800E+01
 1.200000E+00,  3.900000E+00, -1.000000E+01,  2.365800E+00, -7.329600E+01,  1.318600E+02,  4.435900E+01
 1.200000E+00,  3.950000E+00, -1.000000E+01,  2.202000E+00, -7.339000E+01,  1.320300E+02,  4.442000E+01
 1.200000E+00,  4.000000E+00, -1.000000E+01,  2.054400E+00, -7.348400E+01,  1.322000E+02,  4.448100E+01
 1.200000E+00,  4.050000E+00, -1.000000E+01,  1.956900E+00, -7.357800E+01,  1.323700E+02,  4.454200E+01
 1.200000E+00,  4.100000E+00, -1.000000E+01,  1.892500E+00, -7.367200E+01,  1.325300E+02,  4.460300E+01
 1.200000E+00,  4.150000E+00, -1.000000E+01,  1.836000E+00, -7.376600E+01,  1.327000E+02,  4.466500E+01
 1.200000E+00,  4.200000E+00, -1.000000E+01,  1.788900E+00, -7.386000E+01,  1.328700E+02,  4.472600E+01
 1.200000E+00,  4.250000E+00, -1.000000E+01,  1.750000E+00, -7.395400E+01,  1.330400E+02,  4.478700E+01
 1.200000E+00,  4.300000E+00, -1.000000E+01,  1.712900E+00, -7.404800E+01,  1.332100E+02,  4.484800E+01
 1.200000E+00,  4.350000E+00, -1.000000E+01,  1.681800E+00, -7.414200E+01,  1.333800E+02,  4.490900E+01
 1.200000E+00,  4.400000E+00, -1.000000E+01,  1.647800E+00, -7.423600E+01,  1.335500E+02,  4.497100E+01
 1.200000E+00,  4.450000E+00, -1.000000E+01,  1.622900E+00, -7.433000E+01,  1.337100E+02,  4.503200E+01
 1.200000E+00,  4.500000E+00, -1.000000E+01,  1.595400E+00, -7.442400E+01,  1.338800E+02,  4.509300E+01
 1.200000E+00,  4.550000E+00, -1.000000E+01,  1.574500E+00, -7.451700E+01,  1.340500E+02,  4.515400E+01
 1.200000E+00,  4.600000E+00,  1.000000E+01,  1.553800E+00, -7.461100E+01,  1.342200E+02,  4.521500E+01
 1.200000E+00,  4.650000E+00,  1.000000E+01,  1.534900E+00, -7.470500E+01,  1.343900E+02,  4.527700E+01
 1.200000E+00,  4.700000E+00,  1.000000E+01,  1.517800E+00, -7.479900E+01,  1.345600E+02,  4.533800E+01
 1.200000E+00,  4.750000E+00,  1.000000E+01,  1.502000E+00, -7.489300E+01,  1.347300E+02,  4.539900E+01
 1.200000E+00,  4.800000E+00,  1.000000E+01,  1.484700E+00, -7.498700E+01,  1.348900E+02,  4.546000E+01
 1.200000E+00,  4.850000E+00,  1.000000E+01,  1.471100E+00, -7.508100E+01,  1.350600E+02,  4.552100E+01
 1.200000E+00,  4.900000E+00,  1.000000E+01,  1.457400E+00, -7.517500E+01,  1.352300E+02,  4.558200E+01
 1.200000E+00,  4.950000E+00,  1.000000E+01,  1.445700E+00, -7.526900E+01,  1.354000E+02,  4.564400E+01
 1.200000E+00,  5.000000E+00,  1.000000E+01,  1.435300E+00, -7.536300E+01,  1.355700E+02,  4.570500E+01
 1.200000E+00,  5.050000E+00,  1.000000E+01,  1.426400E+00, -7.545700E+01,  1.357400E+02,  4.576600E+01
 1.200000E+00,  5.100000E+00,  1.000000E+01,  1.418500E+00, -7.555100E+01,  1.359100E+02,  4.582700E+01
 1.200000E+00,  5.150000E+00,  1.000000E+01,  1.412700E+00, -7.564500E+01,  1.360800E+02,  4.588800E+01
 1.200000E+00,  5.200000E+00,  1.000000E+01,  1.407800E+00, -7.573900E+01,  1.362400E+02,  4.595000E+01
 1.200000E+00,  5.250000E+00,  1.000000E+01,  1.405700E+00, -7.583300E+01,  1.364100E+02,  4.601100E+01
 1.200000E+00,  5.300000E+00,  1.000000E+01,  1.409100E+00, -7.592700E+01,  1.365800E+02,  4.607200E+01
 1.200000E+00,  5.350000E+00,  1.000000E+01,  1.409900E+00, -7.602100E+01,  1.367500E+02,  4.613300E+01
 1.200000E+00,  5.400000E+00,  1.000000E+01,  1.418700E+00, -7.611500E+01,  1.369200E+02,  4.619400E+01
 1.200000E+00,  5.450000E+00,  1.000000E+01,  1.440000E+00, -7.620900E+01,  1.370900E+02,  4.625500E+01
 1.200000E+00,  5.500000E+00,  1.000000E+01,  1.467500E+00, -7.630300E+01,  1.372600E+02,  4.631700E+01
 1.250000E+00,  2.300000E+00,  1.000000E+01,  1.529100E+00, -7.639700E+01,  1.374200E+02,  4.637800E+01
 1.250000E+00,  2.350000E+00,  1.000000E+01,  1.536200E+00, -7.649100E+01,  1.375900E+02,  4.643900E+01
 1.250000E+00,  2.400000E+00,  1.000000E+01,  1.542700E+00, -7.658400E+01,  1.377600E+02,  4.650000E+01
 1.250000E+00,  2.450000E+00,  1.000000E+01,  1.544700E+00, -7.667800E+01,  1.379300E+02,  4.656100E+01
 1.250000E+00,  2.500000E+00,  1.000000E+01,  1.543300E+00, -7.677200E+01,  1.381000E+02,  4.662300E+01
 1.250000E+00,  2.550000E+00,  1.000000E+01,  1.544700E+00, -7.686600E+01,  1.382700E+02,  4.668400E+01
 1.250000E+00,  2.600000E+00,  1.000000E+01,  1.540100E+00, -7.696000E+01,  1.384400E+02,  4.674500E+01
 1.250000E+00,  2.650000E+00,  1.000000E+01,  1.533700E+00, -7.705400E+01,  1.386000E+02,  4.680600E+01
 1.250000E+00,  2.700000E+00,  1.000000E+01,  1.524400E+00, -7.714800E+01,  1.387700E+02,  4.686700E+01
 1.250000E+00,  2.750000E+00,  1.000000E+01,  1.513500E+00, -7.724200E+01,  1.389400E+02,  4.692900E+01
 1.250000E+00,  2.800000E+00,  1.000000E+01,  1.500400E+00, -7.733600E+01,  1.391100E+02,  4.699000E+01
 1.250000E+00,  2.850000E+00,  1.000000E+01,  1.486000E+00, -7.743000E+01,  1.392800E+02,  4.705100E+01
 1.250000E+00,  2.900000E+00,  1.000000E+01,  1.468800E+00, -7.752400E+01,  1.394500E+02,  4.711200E+01
 1.250000E+00,  2.950000E+00,  1.000000E+01,  1.442700E+00, -7.761800E+01,  1.396200E+02,  4.717300E+01
 1.250000E+00,  3.000000E+00,  1.000000E+01,  1.418800E+00, -7.771200E+01,  1.397800E+02,  4.723400E+01
 1.250000E+00,  3.050000E+00,  1.000000E+01,  1.394100E+00, -7.780600E+01,  1.399500E+02,  4.729600E+01
 1.250000E+00,  3.100000E+00,  1.000000E+01,  1.366500E+00, -7.790000E+01,  1.401200E+02,  4.735700E+01
 1.250000E+00,  3.150000E+00,  1.000000E+01,  1.330000E+00, -7.799400E+01,  1.402900E+02,  4.741800E+01
 1.250000E+00,  3.200000E+00,  1.000000E+01,  1.289400E+00, -7.808800E+01,  1.404600E+02,  4.747900E+01
 1.250000E+00,  3.250000E+00,  1.000000E+01,  1.223800E+00, -7.818200E+01,  1.406300E+02,  4.754000E+01
 1.250000E+00,  3.300000E+00,  1.000000E+01,  1.161700E+00, -7.827600E+01,  1.408000E+02,  4.760200E+01
 1.250000E+00,  3.350000E+00,  1.000000E+01,  1.091000E+00, -7.837000E+01,  1.409700E+02,  4.766300E+01
 1.250000E+00,  3.400000E+00,  1.000000E+01,  9.880100E-01, -7.846400E+01,  1.411300E+02,  4.772400E+01
 1.250000E+00,  3.450000E+00,  1.000000E+01,  8.308600E-01, -7.855800E+01,  1.413000E+02,  4.778500E+01
 1.250000E+00,  3.500000E+00,  1.000000E+01,  6.345800E-01, -7.865100E+01,  1.414700E+02,  4.784600E+01
 1.250000E+00,  3.550000E+00,  1.000000E+01,  2.951200E-01, -7.874500E+01,  1.416400E+02,  4.790800E+01
 1.250000E+00,  3.600000E+00,  1.000000E+01,  5.663500E+00, -7.883900E+01,  1.418100E+02,  4.796900E+01
 1.250000E+00,  3.650000E+00, -1.000000E+01,  2.973700E+00, -7.893300E+01,  1.419800E+02,  4.803000E+01
 1.250000E+00,  3.700000E+00, -1.000000E+01,  3.777700E+00, -7.902700E+01,  1.421500E+02,  4.809100E+01
 1.250000E+00,  3.750000E+00,  1.000000E+01,  4.875700E+00, -7.912100E+01,  1.423100E+02,  4.815200E+01
 1.250000E+00,  3.800000E+00, -1.000000E+01,  3.248200E+00, -7.921500E+01,  1.424800E+02,  4.821300E+01
 1.250000E+00,  3.850000E+00, -1.000000E+01,  2.717000E+00, -7.930900E+01,  1.426500E+02,  4.827500E+01
 1.250000E+00,  3.900000E+00, -1.000000E+01,  2.394700E+00, -7.940300E+01,  1.428200E+02,  4.833600E+01
 1.250000E+00,  3.950000E+00, -1.000000E+01,  2.224600E+00, -7.949700E+01,  1.429900E+02,  4.839700E+01
 1.250000E+00,  4.000000E+00, -1.000000E+01,  2.097900E+00, -7.959100E+01,  1.431600E+02,  4.845800E+01
 1.250000E+00,  4.050000E+00, -1.000000E+01,  1.984600E+00, -7.968500E+01,  1.433300E+02,  4.851900E+01
 1.250000E+00,  4.100000E+00, -1.000000E+01,  1.905300E+00, -7.977900E+01,  1.434900E+02,  4.858100E+01
 1.250000E+00,  4.150000E+00, -1.000000E+01,  1.851100E+00, -7.987300E+01,  1.436600E+02,  4.864200E+01
 1.250000E+00,  4.200000E+00, -1.000000E+01,  1.805300E+00, -7.996700E+01,  1.438300E+02,  4.870300E+01
 1.250000E+00,  4.250000E+00, -1.000000E+01,  1.762600E+00, -8.006100E+01,  1.440000E+02,  4.876400E+01
 1.250000E+00,  4.300000E+00, -1.000000E+01,  1.726400E+00, -8.015500E+01,  1.441700E+02,  4.882500E+01
 1.250000E+00,  4.350000E+00, -1.000000E+01,  1.695400E+00, -8.024900E+01,  1.443400E+02,  4.888700E+01
 1.250000E+00,  4.400000E+00, -1.000000E+01,  1.667100E+00, -8.034300E+01,  1.445100E+02,  4.894800E+01
 1.250000E+00,  4.450000E+00, -1.000000E+01,  1.639300E+00, -8.043700E+01,  1.446700E+02,  4.900900E+01
 1.250000E+00,  4.500000E+00, -1.000000E+01,  1.611100E+00, -8.053100E+01,  1.448400E+02,  4.907000E+01
 1.250000E+00,  4.550000E+00, -1.000000E+01,  1.589600E+00, -8.062500E+01,  1.450100E+02,  4.913100E+01
 1.250000E+00,  4.600000E+00,  1.000000E+01,  1.568700E+00, -8.071800E+01,  1.451800E+02,  4.919200E+01
 1.250000E+00,  4.650000E+00,  1.000000E+01,  1.548900E+00, -8.081200E+01,  1.453500E+02,  4.925400E+01
 1.250000E+00,  4.700000E+00,  1.000000E+01,  1.531200E+00, -8.090600E+01,  1.455200E+02,  4.931500E+01
 1.250000E+00,  4.750000E+00,  1.000000E+01,  1.515300E+00, -8.100000E+01,  1.456900E+02,  4.937600E+01
 1.250000E+00,  4.800000E+00,  1.000000E+01,  1.501000E+00, -8.109400E+01,  1.458500E+02,  4.943700E+01
 1.250000E+00,  4.850000E+00,  1.000000E+01,  1.487100E+00, -8.118800E+01,  1.460200E+02,  4.949800E+01
 1.250000E+00,  4.900000E+00,  1.000000E+01,  1.473900E+00, -8.128200E+01,  1.461900E+02,  4.956000E+01
 1.250000E+00,  4.950000E+00,  1.000000E+01,  1.461900E+00, -8.137600E+01,  1.463600E+02,  4.962100E+01
 1.250000E+00,  5.000000E+00,  1.000000E+01,  1.451300E+00, -8.147000E+01,  1.465300E+02,  4.968200E+01
 1.250000E+00,  5.050000E+00,  1.000000E+01,  1.441700E+00, -8.156400E+01,  1.467000E+02,  4.974300E+01
 1.250000E+00,  5.100000E+00,  1.000000E+01,  1.433300E+00, -8.165800E+01,  1.468700E+02,  4.980400E+01
 1.250000E+00,  5.150000E+00,  1.000000E+01,  1.426700E+00, -8.175200E+01,  1.470400E+02,  4.986600E+01
 1.250000E+00,  5.200000E+00,  1.000000E+01,  1.421700E+00, -8.184600E+01,  1.472000E+02,  4.992700E+01
 1.250000E+00,  5.250000E+00,  1.000000E+01,  1.420500E+00, -8.194000E+01,  1.473700E+02,  4.998800E+01
 1.250000E+00,  5.300000E+00,  1.000000E+01,  1.419800E+00, -8.203400E+01,  1.475400E+02,  5.004900E+01
 1.250000E+00,  5.350000E+00,  1.000000E+01,  1.422100E+00, -8.212800E+01,  1.477100E+02,  5.011000E+01
 1.250000E+00,  5.400000E+00,  1.000000E+01,  1.432700E+00, -8.222200E+01,  1.478800E+02,  5.017100E+01
 1.250000E+00,  5.450000E+00,  1.000000E+01,  1.444300E+00, -8.231600E+01,  1.480500E+02,  5.023300E+01
 1.250000E+00,  5.500000E+00,  1.000000E+01,  1.474900E+00, -8.241000E+01,  1.482200E+02,  5.029400E+01
 1.300000E+00,  2.300000E+00,  1.000000E+01,  1.511700E+00, -8.250400E+01,  1.483800E+02,  5.035500E+01
 1.300000E+00,  2.350000E+00,  1.000000E+01,  1.521400E+00, -8.259800E+01,  1.485500E+02,  5.041600E+01
 1.300000E+00,  2.400000E+00,  1.000000E+01,  1.526300E+00, -8.269200E+01,  1.487200E+02,  5.047700E+01
 1.300000E+00,  2.450000E+00,  1.000000E+01,  1.529500E+00, -8.278500E+01,  1.488900E+02,  5.053900E+01
 1.300000E+00,  2.500000E+00,  1.000000E+01,  1.532100E+00, -8.287900E+01,  1.490600E+02,  5.060000E+01
 1.300000E+00,  2.550000E+00,  1.000000E+01,  1.530500E+00, -8.297300E+01,  1.492300E+02,  5.066100E+01
 1.300000E+00,  2.600000E+00,  1.000000E+01,  1.525600E+00, -8.306700E+01,  1.494000E+02,  5.072200E+01
 1.300000E+00,  2.650000E+00,  1.000000E+01,  1.519500E+00, -8.316100E+01,  1.495600E+02,  5.078300E+01
 1.300000E+00,  2.700000E+00,  1.000000E+01,  1.511800E+00, -8.325500E+01,  1.497300E+02,  5.084500E+01
 1.300000E+00,  2.750000E+00,  1.000000E+01,  1.501200E+00, -8.334900E+01,  1.499000E+02,  5.090600E+01
 1.300000E+00,  2.800000E+00,  1.000000E+01,  1.488900E+00, -8.344300E+01,  1.500700E+02,  5.096700E+01
 1.300000E+00,  2.850000E+00,  1.000000E+01,  1.474700E+00, -8.353700E+01,  1.502400E+02,  5.102800E+01
 1.300000E+00,  2.900000E+00,  1.000000E+01,  1.452200E+00, -8.363100E+01,  1.504100E+02,  5.108900E+01
 1.300000E+00,  2.950000E+00,  1.000000E+01,  1.431700E+00, -8.372500E+01,  1.505800E+02,  5.115000E+01
 1.300000E+00,  3.000000E+00,  1.000000E+01,  1.409600E+00, -8.381900E+01,  1.507400E+02,  5.121200E+01
 1.300000E+00,  3.050000E+00,  1.000000E+01,  1.385300E+00, -8.391300E+01,  1.509100E+02,  5.127300E+01
 1.300000E+00,  3.100000E+00,  1.000000E+01,  1.353500E+00, -8.400700E+01,  1.510800E+02,  5.133400E+01
 1.300000E+00,  3.150000E+00,  1.000000E+01,  1.319100E+00, -8.410100E+01,  1.512500E+02,  5.139500E+01
 1.300000E+00,  3.200000E+00,  1.000000E+01,  1.263400E+00, -8.419500E+01,  1.514200E+02,  5.145600E+01
 1.300000E+00,  3.250000E+00,  1.000000E+01,  1.211200E+00, -8.428900E+01,  1.515900E+02,  5.151800E+01
 1.300000E+00,  3.300000E+00,  1.000000E+01,  1.153900E+00, -8.438300E+01,  1.517600E+02,  5.157900E+01
 1.300000E+00,  3.350000E+00,  1.000000E+01,  1.083800E+00, -8.447700E+01,  1.519300E+02,  5.164000E+01
 1.300000E+00,  3.400000E+00,  1.000000E+01,  9.716700E-01, -8.457100E+01,  1.520900E+02,  5.170100E+01
 1.300000E+00,  3.450000E+00,  1.000000E+01,  8.234300E-01, -8.466500E+01,  1.522600E+02,  5.176200E+01
 1.300000E+00,  3.500000E+00,  1.000000E+01,  6.272800E-01, -8.475900E+01,  1.524300E+02,  5.182400E+01
 1.300000E+00,  3.550000E+00,  1.000000E+01,  2.367100E-01, -8.485200E+01,  1.526000E+02,  5.188500E+01
 1.300000E+00,  3.600000E+00,  1.000000E+01,  5.667400E+00, -8.494600E+01,  1.527700E+02,  5.194600E+01
 1.300000E+00,  3.650000E+00, -1.000000E+01,  3.084000E+00, -8.504000E+01,  1.529400E+02,  5.200700E+01
 1.300000E+00,  3.700000E+00, -1.000000E+01,  2.439200E+00, -8.513400E+01,  1.531100E+02,  5.206800E+01
 1.300000E+00,  3.750000E+00,  1.000000E+01,  4.984400E+00, -8.522800E+01,  1.532700E+02,  5.212900E+01
 1.300000E+00,  3.800000E+00, -1.000000E+01,  3.354200E+00, -8.532200E+01,  1.534400E+02,  5.219100E+01
 1.300000E+00,  3.850000E+00, -1.000000E+01,  2.739600E+00, -8.541600E+01,  1.536100E+02,  5.225200E+01
 1.300000E+00,  3.900000E+00, -1.000000E+01,  2.424900E+00, -8.551000E+01,  1.537800E+02,  5.231300E+01
 1.300000E+00,  3.950000E+00, -1.000000E+01,  2.238500E+00, -8.560400E+01,  1.539500E+02,  5.237400E+01
 1.300000E+00,  4.000000E+00, -1.000000E+01,  2.115900E+00, -8.569800E+01,  1.541200E+02,  5.243500E+01
 1.300000E+00,  4.050000E+00, -1.000000E+01,  2.023300E+00, -8.579200E+01,  1.542900E+02,  5.249700E+01
 1.300000E+00,  4.100000E+00, -1.000000E+01,  1.927800E+00, -8.588600E+01,  1.544500E+02,  5.255800E+01
 1.300000E+00,  4.150000E+00, -1.000000E+01,  1.861800E+00, -8.598000E+01,  1.546200E+02,  5.261900E+01
 1.300000E+00,  4.200000E+00, -1.000000E+01,  1.816200E+00, -8.607400E+01,  1.547900E+02,  5.268000E+01
 1.300000E+00,  4.250000E+00, -1.000000E+01,  1.775400E+00, -8.616800E+01,  1.549600E+02,  5.274100E+01
 1.300000E+00,  4.300000E+00, -1.000000E+01,  1.737700E+00, -8.626200E+01,  1.551300E+02,  5.280300E+01
 1.300000E+00,  4.350000E+00, -1.000000E+01,  1.704900E+00, -8.635600E+01,  1.553000E+02,  5.286400E+01
 1.300000E+00,  4.400000E+00, -1.000000E+01,  1.677300E+00, -8.645000E+01,  1.554700E+02,  5.292500E+01
 1.300000E+00,  4.450000E+00, -1.000000E+01,  1.651700E+00, -8.654400E+01,  1.556300E+02,  5.298600E+01
 1.300000E+00,  4.500000E+00, -1.000000E+01,  1.628200E+00, -8.663800E+01,  1.558000E+02,  5.304700E+01
 1.300000E+00,  4.550000E+00, -1.000000E+01,  1.606400E+00, -8.673200E+01,  1.559700E+02,  5.310800E+01
 1.300000E+00,  4.600000E+00, -1.000000E+01,  1.585900E+00, -8.682600E+01,  1.561400E+02,  5.317000E+01
 1.300000E+00,  4.650000E+00,  1.000000E+01,  1.563000E+00, -8.691900E+01,  1.563100E+02,  5.323100E+01
 1.300000E+00,  4.700000E+00,  1.000000E+01,  1.545700E+00, -8.701300E+01,  1.564800E+02,  5.329200E+01
 1.300000E+00,  4.750000E+00,  1.000000E+01,  1.529200E+00, -8.710700E+01,  1.566500E+02,  5.335300E+01
 1.300000E+00,  4.800000E+00,  1.000000E+01,  1.513300E+00, -8.720100E+01,  1.568200E+02,  5.341400E+01
 1.300000E+00,  4.850000E+00,  1.000000E+01,  1.499600E+00, -8.729500E+01,  1.569800E+02,  5.347600E+01
 1.300000E+00,  4.900000E+00,  1.000000E+01,  1.487300E+00, -8.738900E+01,  1.571500E+02,  5.353700E+01
 1.300000E+00,  4.950000E+00,  1.000000E+01,  1.475600E+00, -8.748300E+01,  1.573200E+02,  5.359800E+01
 1.300000E+00,  5.000000E+00,  1.000000E+01,  1.465200E+00, -8.757700E+01,  1.574900E+02,  5.365900E+01
 1.300000E+00,  5.050000E+00,  1.000000E+01,  1.455700E+00, -8.767100E+01,  1.576600E+02,  5.372000E+01
 1.300000E+00,  5.100000E+00,  1.000000E+01,  1.448000E+00, -8.776500E+01,  1.578300E+02,  5.378200E+01
 1.300000E+00,  5.150000E+00,  1.000000E+01,  1.441800E+00, -8.785900E+01,  1.580000E+02,  5.384300E+01
 1.300000E+00,  5.200000E+00,  1.000000E+01,  1.436500E+00, -8.795300E+01,  1.581600E+02,  5.390400E+01
 1.300000E+00,  5.250000E+00,  1.000000E+01,  1.433100E+00, -8.804700E+01,  1.583300E+02,  5.396500E+01
 1.300000E+00,  5.300000E+00,  1.000000E+01,  1.431900E+00, -8.814100E+01,  1.585000E+02,  5.402600E+01
 1.300000E+00,  5.350000E+00,  1.000000E+01,  1.437400E+00, -8.823500E+01,  1.586700E+02,  5.408700E+01
 1.300000E+00,  5.400000E+00,  1.000000E+01,  1.441600E+00, -8.832900E+01,  1.588400E+02,  5.414900E+01
 1.300000E+00,  5.450000E+00,  1.000000E+01,  1.449600E+00, -8.842300E+01,  1.590100E+02,  5.421000E+01
 1.300000E+00,  5.500000E+00,  1.000000E+01,  1.474500E+00, -8.851700E+01,  1.591800E+02,  5.427100E+01
 1.350000E+00,  2.300000E+00,  1.000000E+01,  1.498200E+00, -8.861100E+01,  1.593400E+02,  5.433200E+01
 1.350000E+00,  2.350000E+00,  1.000000E+01,  1.505600E+00, -8.870500E+01,  1.595100E+02,  5.439300E+01
 1.350000E+00,  2.400000E+00,  1.000000E+01,  1.511700E+00, -8.879900E+01,  1.596800E+02,  5.445500E+01
 1.350000E+00,  2.450000E+00,  1.000000E+01,  1.517400E+00, -8.889300E+01,  1.598500E+02,  5.451600E+01
 1.350000E+00,  2.500000E+00,  1.000000E+01,  1.518300E+00, -8.898600E+01,  1.600200E+02,  5.457700E+01
 1.350000E+00,  2.550000E+00,  1.000000E+01,  1.515700E+00, -8.908000E+01,  1.601900E+02,  5.463800E+01
 1.350000E+00,  2.600000E+00,  1.000000E+01,  1.514100E+00, -8.917400E+01,  1.603600E+02,  5.469900E+01
 1.350000E+00,  2.650000E+00,  1.000000E+01,  1.508400E+00, -8.926800E+01,  1.605200E+02,  5.476100E+01
 1.350000E+00,  2.700000E+00,  1.000000E+01,  1.499900E+00, -8.936200E+01,  1.606900E+02,  5.482200E+01
 1.350000E+00,  2.750000E+00,  1.000000E+01,  1.490100E+00, -8.945600E+01,  1.608600E+02,  5.488300E+01
 1.350000E+00,  2.800000E+00,  1.000000E+01,  1.477900E+00, -8.955000E+01,  1.610300E+02,  5.494400E+01
 1.350000E+00,  2.850000E+00,  1.000000E+01,  1.458500E+00, -8.964400E+01,  1.612000E+02,  5.500500E+01
 1.350000E+00,  2.900000E+00,  1.000000E+01,  1.441400E+00, -8.973800E+01,  1.613700E+02,  5.506600E+01
 1.350000E+00,  2.950000E+00,  1.000000E+01,  1.422800E+00, -8.983200E+01,  1.615400E+02,  5.512800E+01
 1.350000E+00,  3.000000E+00,  1.000000E+01,  1.400900E+00, -8.992600E+01,  1.617000E+02,  5.518900E+01
 1.350000E+00,  3.050000E+00,  1.000000E+01,  1.373800E+00, -9.002000E+01,  1.618700E+02,  5.525000E+01
 1.350000E+00,  3.100000E+00,  1.000000E+01,  1.343700E+00, -9.011400E+01,  1.620400E+02,  5.531100E+01
 1.350000E+00,  3.150000E+00,  1.000000E+01,  1.296000E+00, -9.020800E+01,  1.622100E+02,  5.537200E+01
 1.350000E+00,  3.200000E+00,  1.000000E+01,  1.251900E+00, -9.030200E+01,  1.623800E+02,  5.543400E+01
 1.350000E+00,  3.250000E+00,  1.000000E+01,  1.204200E+00, -9.039600E+01,  1.625500E+02,  5.549500E+01
 1.350000E+00,  3.300000E+00,  1.000000E+01,  1.147000E+00, -9.049000E+01,  1.627200E+02,  5.555600E+01
 1.350000E+00,  3.350000E+00,  1.000000E+01,  1.060000E+00, -9.058400E+01,  1.628900E+02,  5.561700E+01
 1.350000E+00,  3.400000E+00,  1.000000E+01,  9.512800E-01, -9.067800E+01,  1.630500E+02,  5.567800E+01
 1.350000E+00,  3.450000E+00,  1.000000E+01,  8.167000E-01, -9.077200E+01,  1.632200E+02,  5.574000E+01
 1.350000E+00,  3.500000E+00,  1.000000E+01,  6.206900E-01, -9.086600E+01,  1.633900E+02,  5.580100E+01
 1.350000E+00,  3.550000E+00,  1.000000E+01,  2.310400E-01, -9.096000E+01,  1.635600E+02,  5.586200E+01
 1.350000E+00,  3.600000E+00,  1.000000E+01,  5.670500E+00, -9.105300E+01,  1.637300E+02,  5.592300E+01
 1.350000E+00,  3.650000E+00, -1.000000E+01,  3.143000E+00, -9.114700E+01,  1.639000E+02,  5.598400E+01
 1.350000E+00,  3.700000E+00,  1.000000E+01,  7.892700E-01, -9.124100E+01,  1.640700E+02,  5.604500E+01
 1.350000E+00,  3.750000E+00,  1.000000E+01,  5.088400E+00, -9.133500E+01,  1.642300E+02,  5.610700E+01
 1.350000E+00,  3.800000E+00, -1.000000E+01,  3.390100E+00, -9.142900E+01,  1.644000E+02,  5.616800E+01
 1.350000E+00,  3.850000E+00, -1.000000E+01,  2.799600E+00, -9.152300E+01,  1.645700E+02,  5.622900E+01
 1.350000E+00,  3.900000E+00, -1.000000E+01,  2.464100E+00, -9.161700E+01,  1.647400E+02,  5.629000E+01
 1.350000E+00,  3.950000E+00, -1.000000E+01,  2.250900E+00, -9.171100E+01,  1.649100E+02,  5.635100E+01
 1.350000E+00,  4.000000E+00, -1.000000E+01,  2.126900E+00, -9.180500E+01,  1.650800E+02,  5.641300E+01
 1.350000E+00,  4.050000E+00, -1.000000E+01,  2.033600E+00, -9.189900E+01,  1.652500E+02,  5.647400E+01
 1.350000E+00,  4.100000E+00, -1.000000E+01,  1.959600E+00, -9.199300E+01,  1.654100E+02,  5.653500E+01
 1.350000E+00,  4.150000E+00, -1.000000E+01,  1.884300E+00, -9.208700E+01,  1.655800E+02,  5.659600E+01
 1.350000E+00,  4.200000E+00, -1.000000E+01,  1.835000E+00, -9.218100E+01,  1.657500E+02,  5.665700E+01
 1.350000E+00,  4.250000E+00, -1.000000E+01,  1.793800E+00, -9.227500E+01,  1.659200E+02,  5.671900E+01
 1.350000E+00,  4.300000E+00, -1.000000E+01,  1.752200E+00, -9.236900E+01,  1.660900E+02,  5.678000E+01
 1.350000E+00,  4.350000E+00, -1.000000E+01,  1.720600E+00, -9.246300E+01,  1.662600E+02,  5.684100E+01
 1.350000E+00,  4.400000E+00, -1.000000E+01,  1.689600E+00, -9.255700E+01,  1.664300E+02,  5.690200E+01
 1.350000E+00,  4.450000E+00, -1.000000E+01,  1.663300E+00, -9.265100E+01,  1.665900E+02,  5.696300E+01
 1.350000E+00,  4.500000E+00, -1.000000E+01,  1.638800E+00, -9.274500E+01,  1.667600E+02,  5.702400E+01
 1.350000E+00,  4.550000E+00, -1.000000E+01,  1.616900E+00, -9.283900E+01,  1.669300E+02,  5.708600E+01
 1.350000E+00,  4.600000E+00, -1.000000E+01,  1.597100E+00, -9.293300E+01,  1.671000E+02,  5.714700E+01
 1.350000E+00,  4.650000E+00, -1.000000E+01,  1.578300E+00, -9.302700E+01,  1.672700E+02,  5.720800E+01
 1.350000E+00,  4.700000E+00,  1.000000E+01,  1.560500E+00, -9.312000E+01,  1.674400E+02,  5.726900E+01
 1.350000E+00,  4.750000E+00,  1.000000E+01,  1.544400E+00, -9.321400E+01,  1.676100E+02,  5.733000E+01
 1.350000E+00,  4.800000E+00,  1.000000E+01,  1.529500E+00, -9.330800E+01,  1.677800E+02,  5.739200E+01
 1.350000E+00,  4.850000E+00,  1.000000E+01,  1.513900E+00, -9.340200E+01,  1.679400E+02,  5.745300E+01
 1.350000E+00,  4.900000E+00,  1.000000E+01,  1.501000E+00, -9.349600E+01,  1.681100E+02,  5.751400E+01
 1.350000E+00,  4.950000E+00,  1.000000E+01,  1.488900E+00, -9.359000E+01,  1.682800E+02,  5.757500E+01
 1.350000E+00,  5.000000E+00,  1.000000E+01,  1.478200E+00, -9.368400E+01,  1.684500E+02,  5.763600E+01
 1.350000E+00,  5.050000E+00,  1.000000E+01,  1.469200E+00, -9.377800E+01,  1.686200E+02,  5.769800E+01
 1.350000E+00,  5.100000E+00,  1.000000E+01,  1.460900E+00, -9.387200E+01,  1.687900E+02,  5.775900E+01
 1.350000E+00,  5.150000E+00,  1.000000E+01,  1.454200E+00, -9.396600E+01,  1.689600E+02,  5.782000E+01
 1.350000E+00,  5.200000E+00,  1.000000E+01,  1.448300E+00, -9.406000E+01,  1.691200E+02,  5.788100E+01
 1.350000E+00,  5.250000E+00,  1.000000E+01,  1.446100E+00, -9.415400E+01,  1.692900E+02,  5.794200E+01
 1.350000E+00,  5.300000E+00,  1.000000E+01,  1.445800E+00, -9.424800E+01,  1.694600E+02,  5.800300E+01
 1.350000E+00,  5.350000E+00,  1.000000E+01,  1.444800E+00, -9.434200E+01,  1.696300E+02,  5.806500E+01
 1.350000E+00,  5.400000E+00,  1.000000E+01,  1.450900E+00, -9.443600E+01,  1.698000E+02,  5.812600E+01
 1.350000E+00,  5.450000E+00,  1.000000E+01,  1.461700E+00, -9.453000E+01,  1.699700E+02,  5.818700E+01
 1.350000E+00,  5.500000E+00,  1.000000E+01,  1.475400E+00, -9.462400E+01,  1.701400E+02,  5.824800E+01
 1.400000E+00,  2.300000E+00,  1.000000E+01,  1.486800E+00, -9.471800E+01,  1.703000E+02,  5.830900E+01
 1.400000E+00,  2.350000E+00,  1.000000E+01,  1.497700E+00, -9.481200E+01,  1.704700E+02,  5.837100E+01
 1.400000E+00,  2.400000E+00,  1.000000E+01,  1.500500E+00, -9.490600E+01,  1.706400E+02,  5.843200E+01
 1.400000E+00,  2.450000E+00,  1.000000E+01,  1.504300E+00, -9.500000E+01,  1.708100E+02,  5.849300E+01
 1.400000E+00,  2.500000E+00,  1.000000E+01,  1.504100E+00, -9.509400E+01,  1.709800E+02,  5.855400E+01
 1.400000E+00,  2.550000E+00,  1.000000E+01,  1.506300E+00, -9.518700E+01,  1.711500E+02,  5.861500E+01
 1.400000E+00,  2.600000E+00,  1.000000E+01,  1.503000E+00, -9.528100E+01,  1.713200E+02,  5.867700E+01
 1.400000E+00,  2.650000E+00,  1.000000E+01,  1.496700E+00, -9.537500E+01,  1.714800E+02,  5.873800E+01
 1.400000E+00,  2.700000E+00,  1.000000E+01,  1.488800E+00, -9.546900E+01,  1.716500E+02,  5.879900E+01
 1.400000E+00,  2.750000E+00,  1.000000E+01,  1.478000E+00, -9.556300E+01,  1.718200E+02,  5.886000E+01
 1.400000E+00,  2.800000E+00,  1.000000E+01,  1.463900E+00, -9.565700E+01,  1.719900E+02,  5.892100E+01
 1.400000E+00,  2.850000E+00,  1.000000E+01,  1.449100E+00, -9.575100E+01,  1.721600E+02,  5.898200E+01
 1.400000E+00,  2.900000E+00,  1.000000E+01,  1.432800E+00, -9.584500E+01,  1.723300E+02,  5.904400E+01
 1.400000E+00,  2.950000E+00,  1.000000E+01,  1.414000E+00, -9.593900E+01,  1.725000E+02,  5.910500E+01
 1.400000E+00,  3.000000E+00,  1.000000E+01,  1.390500E+00, -9.603300E+01,  1.726700E+02,  5.916600E+01
 1.400000E+00,  3.050000E+00,  1.000000E+01,  1.365200E+00, -9.612700E+01,  1.728300E+02,  5.922700E+01
 1.400000E+00,  3.100000E+00,  1.000000E+01,  1.323300E+00, -9.622100E+01,  1.730000E+02,  5.928800E+01
 1.400000E+00,  3.150000E+00,  1.000000E+01,  1.285700E+00, -9.631500E+01,  1.731700E+02,  5.935000E+01
 1.400000E+00,  3.200000E+00,  1.000000E+01,  1.245200E+00, -9.640900E+01,  1.733400E+02,  5.941100E+01
 1.400000E+00,  3.250000E+00,  1.000000E+01,  1.197800E+00, -9.650300E+01,  1.735100E+02,  5.947200E+01
 1.400000E+00,  3.300000E+00,  1.000000E+01,  1.133100E+00, -9.659700E+01,  1.736800E+02,  5.953300E+01
 1.400000E+00,  3.350000E+00,  1.000000E+01,  1.054000E+00, -9.669100E+01,  1.738500E+02,  5.959400E+01
 1.400000E+00,  3.400000E+00,  1.000000E+01,  9.452100E-01, -9.678500E+01,  1.740100E+02,  5.965600E+01
 1.400000E+00,  3.450000E+00,  1.000000E+01,  8.105900E-01, -9.687900E+01,  1.741800E+02,  5.971700E+01
 1.400000E+00,  3.500000E+00,  1.000000E+01,  5.985800E-01, -9.697300E+01,  1.743500E+02,  5.977800E+01
 1.400000E+00,  3.550000E+00,  1.000000E+01,  3.101600E-02, -9.706700E+01,  1.745200E+02,  5.983900E+01
 1.400000E+00,  3.600000E+00,  1.000000E+01,  5.672800E+00, -9.716000E+01,  1.746900E+02,  5.990000E+01
 1.400000E+00,  3.650000E+00, -1.000000E+01,  3.199500E+00, -9.725400E+01,  1.748600E+02,  5.996100E+01
 1.400000E+00,  3.700000E+00,  1.000000E+01,  1.262300E+00, -9.734800E+01,  1.750300E+02,  6.002300E+01
 1.400000E+00,  3.750000E+00,  1.000000E+01,  5.159800E+00, -9.744200E+01,  1.751900E+02,  6.008400E+01
 1.400000E+00,  3.800000E+00, -1.000000E+01,  3.422900E+00, -9.753600E+01,  1.753600E+02,  6.014500E+01
 1.400000E+00,  3.850000E+00, -1.000000E+01,  2.819500E+00, -9.763000E+01,  1.755300E+02,  6.020600E+01
 1.400000E+00,  3.900000E+00, -1.000000E+01,  2.503200E+00, -9.772400E+01,  1.757000E+02,  6.026700E+01
 1.400000E+00,  3.950000E+00, -1.000000E+01,  2.288700E+00, -9.781800E+01,  1.758700E+02,  6.032900E+01
 1.400000E+00,  4.000000E+00, -1.000000E+01,  2.137100E+00, -9.791200E+01,  1.760400E+02,  6.039000E+01
 1.400000E+00,  4.050000E+00, -1.000000E+01,  2.043100E+00, -9.800600E+01,  1.762100E+02,  6.045100E+01
 1.400000E+00,  4.100000E+00, -1.000000E+01,  1.968800E+00, -9.810000E+01,  1.763700E+02,  6.051200E+01
 1.400000E+00,  4.150000E+00, -1.000000E+01,  1.908200E+00, -9.819400E+01,  1.765400E+02,  6.057300E+01
 1.400000E+00,  4.200000E+00, -1.000000E+01,  1.857300E+00, -9.828800E+01,  1.767100E+02,  6.063500E+01
 1.400000E+00,  4.250000E+00, -1.000000E+01,  1.813800E+00, -9.838200E+01,  1.768800E+02,  6.069600E+01
 1.400000E+00,  4.300000E+00, -1.000000E+01,  1.765700E+00, -9.847600E+01,  1.770500E+02,  6.075700E+01
 1.400000E+00,  4.350000E+00, -1.000000E+01,  1.733200E+00, -9.857000E+01,  1.772200E+02,  6.081800E+01
 1.400000E+00,  4.400000E+00, -1.000000E+01,  1.704200E+00, -9.866400E+01,  1.773900E+02,  6.087900E+01
 1.400000E+00,  4.450000E+00, -1.000000E+01,  1.677700E+00, -9.875800E+01,  1.775500E+02,  6.094000E+01
 1.400000E+00,  4.500000E+00, -1.000000E+01,  1.649200E+00, -9.885200E+01,  1.777200E+02,  6.100200E+01
 1.400000E+00,  4.550000E+00, -1.000000E+01,  1.627200E+00, -9.894600E+01,  1.778900E+02,  6.106300E+01
 1.400000E+00,  4.600000E+00, -1.000000E+01,  1.607300E+00, -9.904000E+01,  1.780600E+02,  6.112400E+01
 1.400000E+00,  4.650000E+00, -1.000000E+01,  1.588400E+00, -9.913400E+01,  1.782300E+02,  6.118500E+01
 1.400000E+00,  4.700000E+00, -1.000000E+01,  1.571100E+00, -9.922800E+01,  1.784000E+02,  6.124600E+01
 1.400000E+00,  4.750000E+00,  1.000000E+01,  1.555200E+00, -9.932100E+01,  1.785700E+02,  6.130800E+01
 1.400000E+00,  4.800000E+00,  1.000000E+01,  1.540700E+00, -9.941500E+01,  1.787400E+02,  6.136900E+01
 1.400000E+00,  4.850000E+00,  1.000000E+01,  1.526900E+00, -9.950900E+01,  1.789000E+02,  6.143000E+01
 1.400000E+00,  4.900000E+00,  1.000000E+01,  1.514100E+00, -9.960300E+01,  1.790700E+02,  6.149100E+01
 1.400000E+00,  4.950000E+00,  1.000000E+01,  1.502500E+00, -9.969700E+01,  1.792400E+02,  6.155200E+01
 1.400000E+00,  5.000000E+00,  1.000000E+01,  1.491600E+00, -9.979100E+01,  1.794100E+02,  6.161400E+01
 1.400000E+00,  5.050000E+00,  1.000000E+01,  1.481800E+00, -9.988500E+01,  1.795800E+02,  6.167500E+01
 1.400000E+00,  5.100000E+00,  1.000000E+01,  1.474100E+00, -9.997900E+01,  1.797500E+02,  6.173600E+01
 1.400000E+00,  5.150000E+00,  1.000000E+01,  1.467500E+00, -1.000700E+02,  1.799200E+02,  6.179700E+01
 1.400000E+00,  5.200000E+00,  1.000000E+01,  1.461500E+00, -1.001700E+02,  1.800800E+02,  6.185800E+01
 1.400000E+00,  5.250000E+00,  1.000000E+01,  1.457800E+00, -1.002600E+02,  1.802500E+02,  6.191900E+01
 1.400000E+00,  5.300000E+00,  1.000000E+01,  1.454900E+00, -1.003500E+02,  1.804200E+02,  6.198100E+01
 1.400000E+00,  5.350000E+00,  1.000000E+01,  1.457400E+00, -1.004500E+02,  1.805900E+02,  6.204200E+01
 1.400000E+00,  5.400000E+00,  1.000000E+01,  1.462100E+00, -1.005400E+02,  1.807600E+02,  6.210300E+01
 1.400000E+00,  5.450000E+00,  1.000000E+01,  1.470000E+00, -1.006400E+02,  1.809300E+02,  6.216400E+01
 1.400000E+00,  5.500000E+00,  1.000000E+01,  1.480800E+00, -1.007300E+02,  1.811000E+02,  6.222500E+01
 1.450000E+00,  2.300000E+00,  1.000000E+01,  1.476500E+00, -1.008200E+02,  1.812600E+02,  6.228700E+01
 1.450000E+00,  2.350000E+00,  1.000000E+01,  1.481700E+00, -1.009200E+02,  1.814300E+02,  6.234800E+01
 1.450000E+00,  2.400000E+00,  1.000000E+01,  1.488200E+00, -1.010100E+02,  1.816000E+02,  6.240900E+01
 1.450000E+00,  2.450000E+00,  1.000000E+01,  1.492700E+00, -1.011100E+02,  1.817700E+02,  6.247000E+01
 1.450000E+00,  2.500000E+00,  1.000000E+01,  1.496600E+00, -1.012000E+02,  1.819400E+02,  6.253100E+01
 1.450000E+00,  2.550000E+00,  1.000000E+01,  1.495600E+00, -1.012900E+02,  1.821100E+02,  6.259300E+01
 1.450000E+00,  2.600000E+00,  1.000000E+01,  1.491800E+00, -1.013900E+02,  1.822800E+02,  6.265400E+01
 1.450000E+00,  2.650000E+00,  1.000000E+01,  1.485800E+00, -1.014800E+02,  1.824400E+02,  6.271500E+01
 1.450000E+00,  2.700000E+00,  1.000000E+01,  1.477100E+00, -1.015800E+02,  1.826100E+02,  6.277600E+01
 1.450000E+00,  2.750000E+00,  1.000000E+01,  1.467300E+00, -1.016700E+02,  1.827800E+02,  6.283700E+01
 1.450000E+00,  2.800000E+00,  1.000000E+01,  1.454900E+00, -1.017600E+02,  1.829500E+02,  6.289800E+01
 1.450000E+00,  2.850000E+00,  1.000000E+01,  1.440700E+00, -1.018600E+02,  1.831200E+02,  6.296000E+01
 1.450000E+00,  2.900000E+00,  1.000000E+01,  1.424700E+00, -1.019500E+02,  1.832900E+02,  6.302100E+01
 1.450000E+00,  2.950000E+00,  1.000000E+01,  1.404500E+00, -1.020500E+02,  1.834600E+02,  6.308200E+01
 1.450000E+00,  3.000000E+00,  1.000000E+01,  1.379600E+00, -1.021400E+02,  1.836300E+02,  6.314300E+01
 1.450000E+00,  3.050000E+00,  1.000000E+01,  1.346600E+00, -1.022300E+02,  1.837900E+02,  6.320400E+01
 1.450000E+00,  3.100000E+00,  1.000000E+01,  1.314100E+00, -1.023300E+02,  1.839600E+02,  6.326600E+01
 1.450000E+00,  3.150000E+00,  1.000000E+01,  1.279200E+00, -1.024200E+02,  1.841300E+02,  6.332700E+01
 1.450000E+00,  3.200000E+00,  1.000000E+01,  1.239300E+00, -1.025200E+02,  1.843000E+02,  6.338800E+01
 1.450000E+00,  3.250000E+00,  1.000000E+01,  1.185800E+00, -1.026100E+02,  1.844700E+02,  6.344900E+01
 1.450000E+00,  3.300000E+00,  1.000000E+01,  1.122400E+00, -1.027000E+02,  1.846400E+02,  6.351000E+01
 1.450000E+00,  3.350000E+00,  1.000000E+01,  1.038600E+00, -1.028000E+02,  1.848100E+02,  6.357200E+01
 1.450000E+00,  3.400000E+00,  1.000000E+01,  9.396300E-01, -1.028900E+02,  1.849700E+02,  6.363300E+01
 1.450000E+00,  3.450000E+00,  1.000000E+01,  8.049800E-01, -1.029900E+02,  1.851400E+02,  6.369400E+01
 1.450000E+00,  3.500000E+00,  1.000000E+01,  5.650700E-01, -1.030800E+02,  1.853100E+02,  6.375500E+01
 1.450000E+00,  3.550000E+00,  1.000000E+01,  2.661800E-02, -1.031700E+02,  1.854800E+02,  6.381600E+01
 1.450000E+00,  3.600000E+00,  1.000000E+01,  5.674700E+00, -1.032700E+02,  1.856500E+02,  6.387700E+01
 1.450000E+00,  3.650000E+00, -1.000000E+01,  3.288400E+00, -1.033600E+02,  1.858200E+02,  6.393900E+01
 1.450000E+00,  3.700000E+00, -1.000000E+01,  3.543400E+00, -1.034600E+02,  1.859900E+02,  6.400000E+01
 1.450000E+00,  3.750000E+00,  1.000000E+01,  5.247600E+00, -1.035500E+02,  1.861500E+02,  6.406100E+01
 1.450000E+00,  3.800000E+00, -1.000000E+01,  3.463100E+00, -1.036400E+02,  1.863200E+02,  6.412200E+01
 1.450000E+00,  3.850000E+00, -1.000000E+01,  2.838100E+00, -1.037400E+02,  1.864900E+02,  6.418300E+01
 1.450000E+00,  3.900000E+00, -1.000000E+01,  2.516800E+00, -1.038300E+02,  1.866600E+02,  6.424500E+01
 1.450000E+00,  3.950000E+00, -1.000000E+01,  2.316400E+00, -1.039300E+02,  1.868300E+02,  6.430600E+01
 1.450000E+00,  4.000000E+00, -1.000000E+01,  2.165700E+00, -1.040200E+02,  1.870000E+02,  6.436700E+01
 1.450000E+00,  4.050000E+00, -1.000000E+01,  2.060900E+00, -1.041100E+02,  1.871700E+02,  6.442800E+01
 1.450000E+00,  4.100000E+00, -1.000000E+01,  1.984400E+00, -1.042100E+02,  1.873300E+02,  6.448900E+01
 1.450000E+00,  4.150000E+00, -1.000000E+01,  1.921800E+00, -1.043000E+02,  1.875000E+02,  6.455100E+01
 1.450000E+00,  4.200000E+00, -1.000000E+01,  1.869900E+00, -1.043900E+02,  1.876700E+02,  6.461200E+01
 1.450000E+00,  4.250000E+00, -1.000000E+01,  1.825600E+00, -1.044900E+02,  1.878400E+02,  6.467300E+01
 1.450000E+00,  4.300000E+00, -1.000000E+01,  1.783500E+00, -1.045800E+02,  1.880100E+02,  6.473400E+01
 1.450000E+00,  4.350000E+00, -1.000000E+01,  1.750000E+00, -1.046800E+02,  1.881800E+02,  6.479500E+01
 1.450000E+00,  4.400000E+00, -1.000000E+01,  1.719600E+00, -1.047700E+02,  1.883500E+02,  6.485600E+01
 1.450000E+00,  4.450000E+00, -1.000000E+01,  1.692400E+00, -1.048600E+02,  1.885200E+02,  6.491800E+01
 1.450000E+00,  4.500000E+00, -1.000000E+01,  1.662100E+00, -1.049600E+02,  1.886800E+02,  6.497900E+01
 1.450000E+00,  4.550000E+00, -1.000000E+01,  1.639900E+00, -1.050500E+02,  1.888500E+02,  6.504000E+01
 1.450000E+00,  4.600000E+00, -1.000000E+01,  1.619700E+00, -1.051500E+02,  1.890200E+02,  6.510100E+01
 1.450000E+00,  4.650000E+00, -1.000000E+01,  1.601000E+00, -1.052400E+02,  1.891900E+02,  6.516200E+01
 1.450000E+00,  4.700000E+00, -1.000000E+01,  1.582800E+00, -1.053300E+02,  1.893600E+02,  6.522400E+01
 1.450000E+00,  4.750000E+00,  1.000000E+01,  1.566800E+00, -1.054300E+02,  1.895300E+02,  6.528500E+01
 1.450000E+00,  4.800000E+00,  1.000000E+01,  1.551000E+00, -1.055200E+02,  1.897000E+02,  6.534600E+01
 1.450000E+00,  4.850000E+00,  1.000000E+01,  1.537600E+00, -1.056200E+02,  1.898600E+02,  6.540700E+01
 1.450000E+00,  4.900000E+00,  1.000000E+01,  1.524600E+00, -1.057100E+02,  1.900300E+02,  6.546800E+01
 1.450000E+00,  4.950000E+00,  1.000000E+01,  1.513400E+00, -1.058000E+02,  1.902000E+02,  6.553000E+01
 1.450000E+00,  5.000000E+00,  1.000000E+01,  1.503000E+00, -1.059000E+02,  1.903700E+02,  6.559100E+01
 1.450000E+00,  5.050000E+00,  1.000000E+01,  1.493800E+00, -1.059900E+02,  1.905400E+02,  6.565200E+01
 1.450000E+00,  5.100000E+00,  1.000000E+01,  1.485200E+00, -1.060900E+02,  1.907100E+02,  6.571300E+01
 1.450000E+00,  5.150000E+00,  1.000000E+01,  1.478000E+00, -1.061800E+02,  1.908800E+02,  6.577400E+01
 1.450000E+00,  5.200000E+00,  1.000000E+01,  1.472200E+00, -1.062700E+02,  1.910400E+02,  6.583500E+01
 1.450000E+00,  5.250000E+00,  1.000000E+01,  1.469300E+00, -1.063700E+02,  1.912100E+02,  6.589700E+01
 1.450000E+00,  5.300000E+00,  1.000000E+01,  1.467600E+00, -1.064600E+02,  1.913800E+02,  6.595800E+01
 1.450000E+00,  5.350000E+00,  1.000000E+01,  1.466900E+00, -1.065600E+02,  1.915500E+02,  6.601900E+01
 1.450000E+00,  5.400000E+00,  1.000000E+01,  1.469200E+00, -1.066500E+02,  1.917200E+02,  6.608000E+01
 1.450000E+00,  5.450000E+00,  1.000000E+01,  1.474500E+00, -1.067400E+02,  1.918900E+02,  6.614100E+01
 1.450000E+00,  5.500000E+00,  1.000000E+01,  1.493300E+00, -1.068400E+02,  1.920600E+02,  6.620300E+01
 1.500000E+00,  2.300000E+00,  1.000000E+01,  1.460800E+00, -1.069300E+02,  1.922200E+02,  6.626400E+01
 1.500000E+00,  2.350000E+00,  1.000000E+01,  1.473700E+00, -1.070300E+02,  1.923900E+02,  6.632500E+01
 1.500000E+00,  2.400000E+00,  1.000000E+01,  1.480200E+00, -1.071200E+02,  1.925600E+02,  6.638600E+01
 1.500000E+00,  2.450000E+00,  1.000000E+01,  1.484300E+00, -1.072100E+02,  1.927300E+02,  6.644700E+01
 1.500000E+00,  2.500000E+00,  1.000000E+01,  1.486100E+00, -1.073100E+02,  1.929000E+02,  6.650900E+01
 1.500000E+00,  2.550000E+00,  1.000000E+01,  1.483900E+00, -1.074000E+02,  1.930700E+02,  6.657000E+01
 1.500000E+00,  2.600000E+00,  1.000000E+01,  1.480800E+00, -1.075000E+02,  1.932400E+02,  6.663100E+01
 1.500000E+00,  2.650000E+00,  1.000000E+01,  1.476100E+00, -1.075900E+02,  1.934000E+02,  6.669200E+01
 1.500000E+00,  2.700000E+00,  1.000000E+01,  1.468700E+00, -1.076800E+02,  1.935700E+02,  6.675300E+01
 1.500000E+00,  2.750000E+00,  1.000000E+01,  1.458400E+00, -1.077800E+02,  1.937400E+02,  6.681400E+01
 1.500000E+00,  2.800000E+00,  1.000000E+01,  1.446700E+00, -1.078700E+02,  1.939100E+02,  6.687600E+01
 1.500000E+00,  2.850000E+00,  1.000000E+01,  1.432400E+00, -1.079700E+02,  1.940800E+02,  6.693700E+01
 1.500000E+00,  2.900000E+00,  1.000000E+01,  1.416200E+00, -1.080600E+02,  1.942500E+02,  6.699800E+01
 1.500000E+00,  2.950000E+00,  1.000000E+01,  1.389100E+00, -1.081500E+02,  1.944200E+02,  6.705900E+01
 1.500000E+00,  3.000000E+00,  1.000000E+01,  1.363700E+00, -1.082500E+02,  1.945900E+02,  6.712000E+01
 1.500000E+00,  3.050000E+00,  1.000000E+01,  1.337500E+00, -1.083400E+02,  1.947500E+02,  6.718200E+01
 1.500000E+00,  3.100000E+00,  1.000000E+01,  1.307800E+00, -1.084400E+02,  1.949200E+02,  6.724300E+01
 1.500000E+00,  3.150000E+00,  1.000000E+01,  1.273500E+00, -1.085300E+02,  1.950900E+02,  6.730400E+01
 1.500000E+00,  3.200000E+00,  1.000000E+01,  1.225700E+00, -1.086200E+02,  1.952600E+02,  6.736500E+01
 1.500000E+00,  3.250000E+00,  1.000000E+01,  1.176500E+00, -1.087200E+02,  1.954300E+02,  6.742600E+01
 1.500000E+00,  3.300000E+00,  1.000000E+01,  1.116800E+00, -1.088100E+02,  1.956000E+02,  6.748800E+01
 1.500000E+00,  3.350000E+00,  1.000000E+01,  1.033200E+00, -1.089000E+02,  1.957700E+02,  6.754900E+01
 1.500000E+00,  3.400000E+00,  1.000000E+01,  9.344300E-01, -1.090000E+02,  1.959300E+02,  6.761000E+01
 1.500000E+00,  3.450000E+00,  1.000000E+01,  7.892800E-01, -1.090900E+02,  1.961000E+02,  6.767100E+01
 1.500000E+00,  3.500000E+00,  1.000000E+01,  4.470100E-01, -1.091900E+02,  1.962700E+02,  6.773200E+01
 1.500000E+00,  3.550000E+00,  1.000000E+01,  2.258900E-02, -1.092800E+02,  1.964400E+02,  6.779300E+01
 1.500000E+00,  3.600000E+00,  1.000000E+01,  5.676400E+00, -1.093700E+02,  1.966100E+02,  6.785500E+01
 1.500000E+00,  3.650000E+00, -1.000000E+01,  3.345300E+00, -1.094700E+02,  1.967800E+02,  6.791600E+01
 1.500000E+00,  3.700000E+00, -1.000000E+01,  2.675300E+00, -1.095600E+02,  1.969500E+02,  6.797700E+01
 1.500000E+00,  3.750000E+00,  1.000000E+01,  5.330900E+00, -1.096600E+02,  1.971100E+02,  6.803800E+01
 1.500000E+00,  3.800000E+00, -1.000000E+01,  3.506300E+00, -1.097500E+02,  1.972800E+02,  6.809900E+01
 1.500000E+00,  3.850000E+00, -1.000000E+01,  2.862000E+00, -1.098400E+02,  1.974500E+02,  6.816100E+01
 1.500000E+00,  3.900000E+00, -1.000000E+01,  2.529200E+00, -1.099400E+02,  1.976200E+02,  6.822200E+01
 1.500000E+00,  3.950000E+00, -1.000000E+01,  2.327000E+00, -1.100300E+02,  1.977900E+02,  6.828300E+01
 1.500000E+00,  4.000000E+00, -1.000000E+01,  2.186900E+00, -1.101300E+02,  1.979600E+02,  6.834400E+01
 1.500000E+00,  4.050000E+00, -1.000000E+01,  2.074600E+00, -1.102200E+02,  1.981300E+02,  6.840500E+01
 1.500000E+00,  4.100000E+00, -1.000000E+01,  1.996100E+00, -1.103100E+02,  1.982900E+02,  6.846700E+01
 1.500000E+00,  4.150000E+00, -1.000000E+01,  1.929300E+00, -1.104100E+02,  1.984600E+02,  6.852800E+01
 1.500000E+00,  4.200000E+00, -1.000000E+01,  1.877300E+00, -1.105000E+02,  1.986300E+02,  6.858900E+01
 1.500000E+00,  4.250000E+00, -1.000000E+01,  1.832700E+00, -1.106000E+02,  1.988000E+02,  6.865000E+01
 1.500000E+00,  4.300000E+00, -1.000000E+01,  1.794200E+00, -1.106900E+02,  1.989700E+02,  6.871100E+01
 1.500000E+00,  4.350000E+00, -1.000000E+01,  1.760100E+00, -1.107800E+02,  1.991400E+02,  6.877200E+01
 1.500000E+00,  4.400000E+00, -1.000000E+01,  1.729700E+00, -1.108800E+02,  1.993100E+02,  6.883400E+01
 1.500000E+00,  4.450000E+00, -1.000000E+01,  1.702300E+00, -1.109700E+02,  1.994800E+02,  6.889500E+01
 1.500000E+00,  4.500000E+00, -1.000000E+01,  1.677600E+00, -1.110700E+02,  1.996400E+02,  6.895600E+01
 1.500000E+00,  4.550000E+00, -1.000000E+01,  1.654900E+00, -1.111600E+02,  1.998100E+02,  6.901700E+01
 1.500000E+00,  4.600000E+00, -1.000000E+01,  1.634100E+00, -1.112500E+02,  1.999800E+02,  6.907800E+01
 1.500000E+00,  4.650000E+00, -1.000000E+01,  1.614600E+00, -1.113500E+02,  2.001500E+02,  6.914000E+01
 1.500000E+00,  4.700000E+00, -1.000000E+01,  1.596800E+00, -1.114400E+02,  2.003200E+02,  6.920100E+01
 1.500000E+00,  4.750000E+00, -1.000000E+01,  1.580700E+00, -1.115400E+02,  2.004900E+02,  6.926200E+01
 1.500000E+00,  4.800000E+00,  1.000000E+01,  1.565400E+00, -1.116300E+02,  2.006600E+02,  6.932300E+01
 1.500000E+00,  4.850000E+00,  1.000000E+01,  1.549500E+00, -1.117200E+02,  2.008200E+02,  6.938400E+01
 1.500000E+00,  4.900000E+00,  1.000000E+01,  1.536900E+00, -1.118200E+02,  2.009900E+02,  6.944600E+01
 1.500000E+00,  4.950000E+00,  1.000000E+01,  1.525400E+00, -1.119100E+02,  2.011600E+02,  6.950700E+01
 1.500000E+00,  5.000000E+00,  1.000000E+01,  1.514800E+00, -1.120100E+02,  2.013300E+02,  6.956800E+01
 1.500000E+00,  5.050000E+00,  1.000000E+01,  1.505100E+00, -1.121000E+02,  2.015000E+02,  6.962900E+01
 1.500000E+00,  5.100000E+00,  1.000000E+01,  1.496900E+00, -1.121900E+02,  2.016700E+02,  6.969000E+01
 1.500000E+00,  5.150000E+00,  1.000000E+01,  1.489600E+00, -1.122900E+02,  2.018400E+02,  6.975100E+01
 1.500000E+00,  5.200000E+00,  1.000000E+01,  1.483600E+00, -1.123800E+02,  2.020000E+02,  6.981300E+01
 1.500000E+00,  5.250000E+00,  1.000000E+01,  1.479300E+00, -1.124800E+02,  2.021700E+02,  6.987400E+01
 1.500000E+00,  5.300000E+00,  1.000000E+01,  1.476300E+00, -1.125700E+02,  2.023400E+02,  6.993500E+01
 1.500000E+00,  5.350000E+00,  1.000000E+01,  1.475700E+00, -1.126600E+02,  2.025100E+02,  6.999600E+01
 1.500000E+00,  5.400000E+00,  1.000000E+01,  1.478100E+00, -1.127600E+02,  2.026800E+02,  7.005700E+01
 1.500000E+00,  5.450000E+00,  1.000000E+01,  1.484000E+00, -1.128500E+02,  2.028500E+02,  7.011900E+01
 1.500000E+00,  5.500000E+00,  1.000000E+01,  1.493600E+00, -1.129400E+02,  2.030200E+02,  7.018000E+01
 1.550000E+00,  2.300000E+00,  1.000000E+01,  1.453400E+00, -1.130400E+02,  2.031800E+02,  7.024100E+01
 1.550000E+00,  2.350000E+00,  1.000000E+01,  1.465800E+00, -1.131300E+02,  2.033500E+02,  7.030200E+01
 1.550000E+00,  2.400000E+00,  1.000000E+01,  1.469600E+00, -1.132300E+02,  2.035200E+02,  7.036300E+01
 1.550000E+00,  2.450000E+00,  1.000000E+01,  1.474300E+00, -1.133200E+02,  2.036900E+02,  7.042500E+01
 1.550000E+00,  2.500000E+00,  1.000000E+01,  1.474700E+00, -1.134100E+02,  2.038600E+02,  7.048600E+01
 1.550000E+00,  2.550000E+00,  1.000000E+01,  1.477200E+00, -1.135100E+02,  2.040300E+02,  7.054700E+01
 1.550000E+00,  2.600000E+00,  1.000000E+01,  1.472900E+00, -1.136000E+02,  2.042000E+02,  7.060800E+01
 1.550000E+00,  2.650000E+00,  1.000000E+01,  1.467900E+00, -1.137000E+02,  2.043700E+02,  7.066900E+01
 1.550000E+00,  2.700000E+00,  1.000000E+01,  1.460300E+00, -1.137900E+02,  2.045300E+02,  7.073000E+01
 1.550000E+00,  2.750000E+00,  1.000000E+01,  1.450300E+00, -1.138800E+02,  2.047000E+02,  7.079200E+01
 1.550000E+00,  2.800000E+00,  1.000000E+01,  1.438700E+00, -1.139800E+02,  2.048700E+02,  7.085300E+01
 1.550000E+00,  2.850000E+00,  1.000000E+01,  1.420100E+00, -1.140700E+02,  2.050400E+02,  7.091400E+01
 1.550000E+00,  2.900000E+00,  1.000000E+01,  1.400100E+00, -1.141700E+02,  2.052100E+02,  7.097500E+01
 1.550000E+00,  2.950000E+00,  1.000000E+01,  1.380100E+00, -1.142600E+02,  2.053800E+02,  7.103600E+01
 1.550000E+00,  3.000000E+00,  1.000000E+01,  1.357500E+00, -1.143500E+02,  2.055500E+02,  7.109800E+01
 1.550000E+00,  3.050000E+00,  1.000000E+01,  1.331800E+00, -1.144500E+02,  2.057100E+02,  7.115900E+01
 1.550000E+00,  3.100000E+00,  1.000000E+01,  1.302200E+00, -1.145400E+02,  2.058800E+02,  7.122000E+01
 1.550000E+00,  3.150000E+00,  1.000000E+01,  1.261700E+00, -1.146400E+02,  2.060500E+02,  7.128100E+01
 1.550000E+00,  3.200000E+00,  1.000000E+01,  1.220800E+00, -1.147300E+02,  2.062200E+02,  7.134200E+01
 1.550000E+00,  3.250000E+00,  1.000000E+01,  1.171500E+00, -1.148200E+02,  2.063900E+02,  7.140400E+01
 1.550000E+00,  3.300000E+00,  1.000000E+01,  1.104900E+00, -1.149200E+02,  2.065600E+02,  7.146500E+01
 1.550000E+00,  3.350000E+00,  1.000000E+01,  1.028500E+00, -1.150100E+02,  2.067300E+02,  7.152600E+01
 1.550000E+00,  3.400000E+00,  1.000000E+01,  9.221100E-01, -1.151100E+02,  2.068900E+02,  7.158700E+01
 1.550000E+00,  3.450000E+00,  1.000000E+01,  6.913700E-01, -1.152000E+02,  2.070600E+02,  7.164800E+01
 1.550000E+00,  3.500000E+00,  1.000000E+01,  4.423200E-01, -1.152900E+02,  2.072300E+02,  7.170900E+01
 1.550000E+00,  3.550000E+00,  1.000000E+01,  1.883500E-02, -1.153900E+02,  2.074000E+02,  7.177100E+01
 1.550000E+00,  3.600000E+00,  1.000000E+01,  5.677700E+00, -1.154800E+02,  2.075700E+02,  7.183200E+01
 1.550000E+00,  3.650000E+00, -1.000000E+01,  3.398100E+00, -1.155800E+02,  2.077400E+02,  7.189300E+01
 1.550000E+00,  3.700000E+00, -1.000000E+01,  2.753200E+00, -1.156700E+02,  2.079100E+02,  7.195400E+01
 1.550000E+00,  3.750000E+00,  1.000000E+01,  5.410400E+00, -1.157600E+02,  2.080700E+02,  7.201500E+01
 1.550000E+00,  3.800000E+00, -1.000000E+01,  3.532900E+00, -1.158600E+02,  2.082400E+02,  7.207700E+01
 1.550000E+00,  3.850000E+00, -1.000000E+01,  2.877700E+00, -1.159500E+02,  2.084100E+02,  7.213800E+01
 1.550000E+00,  3.900000E+00, -1.000000E+01,  2.545400E+00, -1.160500E+02,  2.085800E+02,  7.219900E+01
 1.550000E+00,  3.950000E+00, -1.000000E+01,  2.336300E+00, -1.161400E+02,  2.087500E+02,  7.226000E+01
 1.550000E+00,  4.000000E+00, -1.000000E+01,  2.195400E+00, -1.162300E+02,  2.089200E+02,  7.232100E+01
 1.550000E+00,  4.050000E+00, -1.000000E+01,  2.091300E+00, -1.163300E+02,  2.090900E+02,  7.238300E+01
 1.550000E+00,  4.100000E+00, -1.000000E+01,  2.010400E+00, -1.164200E+02,  2.092500E+02,  7.244400E+01
 1.550000E+00,  4.150000E+00, -1.000000E+01,  1.939600E+00, -1.165200E+02,  2.094200E+02,  7.250500E+01
 1.550000E+00,  4.200000E+00, -1.000000E+01,  1.886900E+00, -1.166100E+02,  2.095900E+02,  7.256600E+01
 1.550000E+00,  4.250000E+00, -1.000000E+01,  1.841600E+00, -1.167000E+02,  2.097600E+02,  7.262700E+01
 1.550000E+00,  4.300000E+00, -1.000000E+01,  1.800800E+00, -1.168000E+02,  2.099300E+02,  7.268800E+01
 1.550000E+00,  4.350000E+00, -1.000000E+01,  1.766900E+00, -1.168900E+02,  2.101000E+02,  7.275000E+01
 1.550000E+00,  4.400000E+00, -1.000000E+01,  1.736600E+00, -1.169800E+02,  2.102700E+02,  7.281100E+01
 1.550000E+00,  4.450000E+00, -1.000000E+01,  1.710800E+00, -1.170800E+02,  2.104400E+02,  7.287200E+01
 1.550000E+00,  4.500000E+00, -1.000000E+01,  1.686000E+00, -1.171700E+02,  2.106000E+02,  7.293300E+01
 1.550000E+00,  4.550000E+00, -1.000000E+01,  1.663100E+00, -1.172700E+02,  2.107700E+02,  7.299400E+01
 1.550000E+00,  4.600000E+00, -1.000000E+01,  1.642300E+00, -1.173600E+02,  2.109400E+02,  7.305600E+01
 1.550000E+00,  4.650000E+00, -1.000000E+01,  1.623300E+00, -1.174500E+02,  2.111100E+02,  7.311700E+01
 1.550000E+00,  4.700000E+00, -1.000000E+01,  1.605800E+00, -1.175500E+02,  2.112800E+02,  7.317800E+01
 1.550000E+00,  4.750000E+00, -1.000000E+01,  1.589700E+00, -1.176400E+02,  2.114500E+02,  7.323900E+01
 1.550000E+00,  4.800000E+00, -1.000000E+01,  1.574300E+00, -1.177400E+02,  2.116200E+02,  7.330000E+01
 1.550000E+00,  4.850000E+00,  1.000000E+01,  1.560800E+00, -1.178300E+02,  2.117800E+02,  7.336200E+01
 1.550000E+00,  4.900000E+00,  1.000000E+01,  1.547800E+00, -1.179200E+02,  2.119500E+02,  7.342300E+01
 1.550000E+00,  4.950000E+00,  1.000000E+01,  1.536200E+00, -1.180200E+02,  2.121200E+02,  7.348400E+01
 1.550000E+00,  5.000000E+00,  1.000000E+01,  1.525600E+00, -1.181100E+02,  2.122900E+02,  7.354500E+01
 1.550000E+00,  5.050000E+00,  1.000000E+01,  1.515600E+00, -1.182100E+02,  2.124600E+02,  7.360600E+01
 1.550000E+00,  5.100000E+00,  1.000000E+01,  1.507100E+00, -1.183000E+02,  2.126300E+02,  7.366700E+01
 1.550000E+00,  5.150000E+00,  1.000000E+01,  1.499500E+00, -1.183900E+02,  2.128000E+02,  7.372900E+01
 1.550000E+00,  5.200000E+00,  1.000000E+01,  1.493900E+00, -1.184900E+02,  2.129600E+02,  7.379000E+01
 1.550000E+00,  5.250000E+00,  1.000000E+01,  1.489700E+00, -1.185800E+02,  2.131300E+02,  7.385100E+01
 1.550000E+00,  5.300000E+00,  1.000000E+01,  1.487600E+00, -1.186800E+02,  2.133000E+02,  7.391200E+01
 1.550000E+00,  5.350000E+00,  1.000000E+01,  1.485500E+00, -1.187700E+02,  2.134700E+02,  7.397300E+01
 1.550000E+00,  5.400000E+00,  1.000000E+01,  1.485900E+00, -1.188600E+02,  2.136400E+02,  7.403500E+01
 1.550000E+00,  5.450000E+00,  1.000000E+01,  1.489200E+00, -1.189600E+02,  2.138100E+02,  7.409600E+01
 1.550000E+00,  5.500000E+00,  1.000000E+01,  1.500200E+00, -1.190500E+02,  2.139800E+02,  7.415700E+01
 1.600000E+00,  2.300000E+00,  1.000000E+01,  1.446600E+00, -1.191500E+02,  2.141400E+02,  7.421800E+01
 1.600000E+00,  2.350000E+00,  1.000000E+01,  1.453100E+00, -1.192400E+02,  2.143100E+02,  7.427900E+01
 1.600000E+00,  2.400000E+00,  1.000000E+01,  1.460800E+00, -1.193300E+02,  2.144800E+02,  7.434100E+01
 1.600000E+00,  2.450000E+00,  1.000000E+01,  1.465500E+00, -1.194300E+02,  2.146500E+02,  7.440200E+01
 1.600000E+00,  2.500000E+00,  1.000000E+01,  1.469300E+00, -1.195200E+02,  2.148200E+02,  7.446300E+01
 1.600000E+00,  2.550000E+00,  1.000000E+01,  1.467400E+00, -1.196200E+02,  2.149900E+02,  7.452400E+01
 1.600000E+00,  2.600000E+00,  1.000000E+01,  1.465000E+00, -1.197100E+02,  2.151600E+02,  7.458500E+01
 1.600000E+00,  2.650000E+00,  1.000000E+01,  1.459400E+00, -1.198000E+02,  2.153300E+02,  7.464600E+01
 1.600000E+00,  2.700000E+00,  1.000000E+01,  1.451900E+00, -1.199000E+02,  2.154900E+02,  7.470800E+01
 1.600000E+00,  2.750000E+00,  1.000000E+01,  1.440800E+00, -1.199900E+02,  2.156600E+02,  7.476900E+01
 1.600000E+00,  2.800000E+00,  1.000000E+01,  1.426200E+00, -1.200900E+02,  2.158300E+02,  7.483000E+01
 1.600000E+00,  2.850000E+00,  1.000000E+01,  1.411000E+00, -1.201800E+02,  2.160000E+02,  7.489100E+01
 1.600000E+00,  2.900000E+00,  1.000000E+01,  1.394000E+00, -1.202700E+02,  2.161700E+02,  7.495200E+01
 1.600000E+00,  2.950000E+00,  1.000000E+01,  1.374300E+00, -1.203700E+02,  2.163400E+02,  7.501400E+01
 1.600000E+00,  3.000000E+00,  1.000000E+01,  1.351900E+00, -1.204600E+02,  2.165100E+02,  7.507500E+01
 1.600000E+00,  3.050000E+00,  1.000000E+01,  1.326300E+00, -1.205600E+02,  2.166700E+02,  7.513600E+01
 1.600000E+00,  3.100000E+00,  1.000000E+01,  1.292000E+00, -1.206500E+02,  2.168400E+02,  7.519700E+01
 1.600000E+00,  3.150000E+00,  1.000000E+01,  1.257000E+00, -1.207400E+02,  2.170100E+02,  7.525800E+01
 1.600000E+00,  3.200000E+00,  1.000000E+01,  1.215800E+00, -1.208400E+02,  2.171800E+02,  7.532000E+01
 1.600000E+00,  3.250000E+00,  1.000000E+01,  1.161400E+00, -1.209300E+02,  2.173500E+02,  7.538100E+01
 1.600000E+00,  3.300000E+00,  1.000000E+01,  1.100300E+00, -1.210200E+02,  2.175200E+02,  7.544200E+01
 1.600000E+00,  3.350000E+00,  1.000000E+01,  9.786600E-01, -1.211200E+02,  2.176900E+02,  7.550300E+01
 1.600000E+00,  3.400000E+00,  1.000000E+01,  8.512900E-01, -1.212100E+02,  2.178500E+02,  7.556400E+01
 1.600000E+00,  3.450000E+00,  1.000000E+01,  6.868800E-01, -1.213100E+02,  2.180200E+02,  7.562500E+01
 1.600000E+00,  3.500000E+00,  1.000000E+01,  4.379500E-01, -1.214000E+02,  2.181900E+02,  7.568700E+01
 1.600000E+00,  3.550000E+00,  1.000000E+01,  1.539100E-02, -1.214900E+02,  2.183600E+02,  7.574800E+01
 1.600000E+00,  3.600000E+00,  1.000000E+01,  5.678800E+00, -1.215900E+02,  2.185300E+02,  7.580900E+01
 1.600000E+00,  3.650000E+00, -1.000000E+01,  3.492400E+00, -1.216800E+02,  2.187000E+02,  7.587000E+01
 1.600000E+00,  3.700000E+00, -1.000000E+01,  4.213200E+00, -1.217800E+02,  2.188700E+02,  7.593100E+01
 1.600000E+00,  3.750000E+00,  1.000000E+01,  5.486200E+00, -1.218700E+02,  2.190300E+02,  7.599300E+01
 1.600000E+00,  3.800000E+00, -1.000000E+01,  3.558000E+00, -1.219600E+02,  2.192000E+02,  7.605400E+01
 1.600000E+00,  3.850000E+00, -1.000000E+01,  2.902800E+00, -1.220600E+02,  2.193700E+02,  7.611500E+01
 1.600000E+00,  3.900000E+00, -1.000000E+01,  2.556600E+00, -1.221500E+02,  2.195400E+02,  7.617600E+01
 1.600000E+00,  3.950000E+00, -1.000000E+01,  2.348500E+00, -1.222500E+02,  2.197100E+02,  7.623700E+01
 1.600000E+00,  4.000000E+00, -1.000000E+01,  2.205700E+00, -1.223400E+02,  2.198800E+02,  7.629900E+01
 1.600000E+00,  4.050000E+00, -1.000000E+01,  2.100100E+00, -1.224300E+02,  2.200500E+02,  7.636000E+01
 1.600000E+00,  4.100000E+00, -1.000000E+01,  2.018600E+00, -1.225300E+02,  2.202200E+02,  7.642100E+01
 1.600000E+00,  4.150000E+00, -1.000000E+01,  1.953300E+00, -1.226200E+02,  2.203800E+02,  7.648200E+01
 1.600000E+00,  4.200000E+00, -1.000000E+01,  1.899000E+00, -1.227200E+02,  2.205500E+02,  7.654300E+01
 1.600000E+00,  4.250000E+00, -1.000000E+01,  1.855800E+00, -1.228100E+02,  2.207200E+02,  7.660400E+01
 1.600000E+00,  4.300000E+00, -1.000000E+01,  1.812200E+00, -1.229000E+02,  2.208900E+02,  7.666600E+01
 1.600000E+00,  4.350000E+00, -1.000000E+01,  1.777800E+00, -1.230000E+02,  2.210600E+02,  7.672700E+01
 1.600000E+00,  4.400000E+00, -1.000000E+01,  1.747000E+00, -1.230900E+02,  2.212300E+02,  7.678800E+01
 1.600000E+00,  4.450000E+00, -1.000000E+01,  1.719400E+00, -1.231900E+02,  2.214000E+02,  7.684900E+01
 1.600000E+00,  4.500000E+00, -1.000000E+01,  1.694400E+00, -1.232800E+02,  2.215600E+02,  7.691000E+01
 1.600000E+00,  4.550000E+00, -1.000000E+01,  1.671500E+00, -1.233700E+02,  2.217300E+02,  7.697200E+01
 1.600000E+00,  4.600000E+00, -1.000000E+01,  1.650900E+00, -1.234700E+02,  2.219000E+02,  7.703300E+01
 1.600000E+00,  4.650000E+00, -1.000000E+01,  1.631800E+00, -1.235600E+02,  2.220700E+02,  7.709400E+01
 1.600000E+00,  4.700000E+00, -1.000000E+01,  1.614100E+00, -1.236600E+02,  2.222400E+02,  7.715500E+01
 1.600000E+00,  4.750000E+00, -1.000000E+01,  1.597800E+00, -1.237500E+02,  2.224100E+02,  7.721600E+01
 1.600000E+00,  4.800000E+00, -1.000000E+01,  1.583100E+00, -1.238400E+02,  2.225800E+02,  7.727800E+01
 1.600000E+00,  4.850000E+00,  1.000000E+01,  1.569500E+00, -1.239400E+02,  2.227400E+02,  7.733900E+01
 1.600000E+00,  4.900000E+00,  1.000000E+01,  1.556900E+00, -1.240300E+02,  2.229100E+02,  7.740000E+01
 1.600000E+00,  4.950000E+00,  1.000000E+01,  1.545300E+00, -1.241300E+02,  2.230800E+02,  7.746100E+01
 1.600000E+00,  5.000000E+00,  1.000000E+01,  1.534900E+00, -1.242200E+02,  2.232500E+02,  7.752200E+01
 1.600000E+00,  5.050000E+00,  1.000000E+01,  1.525200E+00, -1.243100E+02,  2.234200E+02,  7.758300E+01
 1.600000E+00,  5.100000E+00,  1.000000E+01,  1.516800E+00, -1.244100E+02,  2.235900E+02,  7.764500E+01
 1.600000E+00,  5.150000E+00,  1.000000E+01,  1.509800E+00, -1.245000E+02,  2.237600E+02,  7.770600E+01
 1.600000E+00,  5.200000E+00,  1.000000E+01,  1.503700E+00, -1.246000E+02,  2.239200E+02,  7.776700E+01
 1.600000E+00,  5.250000E+00,  1.000000E+01,  1.498500E+00, -1.246900E+02,  2.240900E+02,  7.782800E+01
 1.600000E+00,  5.300000E+00,  1.000000E+01,  1.495100E+00, -1.247800E+02,  2.242600E+02,  7.788900E+01
 1.600000E+00,  5.350000E+00,  1.000000E+01,  1.492600E+00, -1.248800E+02,  2.244300E+02,  7.795100E+01
 1.600000E+00,  5.400000E+00,  1.000000E+01,  1.495600E+00, -1.249700E+02,  2.246000E+02,  7.801200E+01
 1.600000E+00,  5.450000E+00,  1.000000E+01,  1.500400E+00, -1.250600E+02,  2.247700E+02,  7.807300E+01
 1.600000E+00,  5.500000E+00,  1.000000E+01,  1.503800E+00, -1.251600E+02,  2.249400E+02,  7.813400E+01
